{
  "id":7,
  "layers":[
    {
      "draworder":"topdown",
      "id":9,
      "name":"BottomObject",
      "objects":[
        {
          "gid":993,
          "height":16,
          "id":5,
          "name":"ToUpper",
          "properties":[
            {
              "name":"action_id",
              "type":"int",
              "value":1
            },
            {
              "name":"direction",
              "type":"int",
              "value":0
            },
            {
              "name":"entity_id",
              "type":"int",
              "value":21
            },
            {
              "name":"layer",
              "type":"int",
              "value":2
            },
            {
              "name":"link_object_id",
              "type":"int",
              "value":0
            },
            {
              "name":"object_id",
              "type":"int",
              "value":0
            },
            {
              "name":"object_type",
              "type":"int",
              "value":4
            },
            {
              "name":"script_id",
              "type":"int",
              "value":0
            }
          ],
          "rotation":0,
          "type":"",
          "visible":true,
          "width":16,
          "x":272,
          "y":320
        },
        {
          "gid":1024,
          "height":16,
          "id":10,
          "name":"4:\u307b\u3046\u304d",
          "properties":[
            {
              "name":"accept_action_direction",
              "type":"int",
              "value":15
            },
            {
              "name":"action_id",
              "type":"int",
              "value":4
            },
            {
              "name":"affected",
              "type":"bool",
              "value":false
            },
            {
              "name":"asset_id",
              "type":"int",
              "value":104
            },
            {
              "name":"birdview_puppet",
              "type":"bool",
              "value":false
            },
            {
              "name":"direction",
              "type":"int",
              "value":4
            },
            {
              "name":"entity_id",
              "type":"int",
              "value":19
            },
            {
              "name":"eye_contact",
              "type":"bool",
              "value":true
            },
            {
              "name":"idling",
              "type":"bool",
              "value":false
            },
            {
              "name":"link_object_id",
              "type":"int",
              "value":3
            },
            {
              "name":"message_key",
              "type":"string",
              "value":"MSG_MAT_03"
            },
            {
              "name":"move_interval_id",
              "type":"int",
              "value":2
            },
            {
              "name":"move_speed_id",
              "type":"int",
              "value":4
            },
            {
              "name":"move_step",
              "type":"int",
              "value":1
            },
            {
              "name":"move_type",
              "type":"int",
              "value":2
            },
            {
              "name":"object_id",
              "type":"int",
              "value":0
            },
            {
              "name":"object_type",
              "type":"int",
              "value":6
            },
            {
              "name":"script_id",
              "type":"int",
              "value":0
            },
            {
              "name":"target_character_status_id",
              "type":"int",
              "value":0
            },
            {
              "name":"turn_around",
              "type":"bool",
              "value":true
            }
          ],
          "rotation":0,
          "type":"",
          "visible":true,
          "width":16,
          "x":352,
          "y":160
        },
        {
          "gid":1024,
          "height":16,
          "id":11,
          "name":"3:\u307b\u3046\u304d",
          "properties":[
            {
              "name":"accept_action_direction",
              "type":"int",
              "value":15
            },
            {
              "name":"action_id",
              "type":"int",
              "value":4
            },
            {
              "name":"affected",
              "type":"bool",
              "value":false
            },
            {
              "name":"asset_id",
              "type":"int",
              "value":104
            },
            {
              "name":"birdview_puppet",
              "type":"bool",
              "value":false
            },
            {
              "name":"direction",
              "type":"int",
              "value":4
            },
            {
              "name":"entity_id",
              "type":"int",
              "value":1
            },
            {
              "name":"eye_contact",
              "type":"bool",
              "value":true
            },
            {
              "name":"idling",
              "type":"bool",
              "value":false
            },
            {
              "name":"link_object_id",
              "type":"int",
              "value":3
            },
            {
              "name":"message_key",
              "type":"string",
              "value":"MSG_MAT_03"
            },
            {
              "name":"move_interval_id",
              "type":"int",
              "value":2
            },
            {
              "name":"move_speed_id",
              "type":"int",
              "value":4
            },
            {
              "name":"move_step",
              "type":"int",
              "value":1
            },
            {
              "name":"move_type",
              "type":"int",
              "value":2
            },
            {
              "name":"object_id",
              "type":"int",
              "value":0
            },
            {
              "name":"object_type",
              "type":"int",
              "value":6
            },
            {
              "name":"script_id",
              "type":"int",
              "value":0
            },
            {
              "name":"target_character_status_id",
              "type":"int",
              "value":0
            },
            {
              "name":"turn_around",
              "type":"bool",
              "value":true
            }
          ],
          "rotation":0,
          "type":"",
          "visible":true,
          "width":16,
          "x":304,
          "y":224
        },
        {
          "gid":1024,
          "height":16,
          "id":12,
          "name":"2:\u307b\u3046\u304d",
          "properties":[
            {
              "name":"accept_action_direction",
              "type":"int",
              "value":15
            },
            {
              "name":"action_id",
              "type":"int",
              "value":4
            },
            {
              "name":"affected",
              "type":"bool",
              "value":false
            },
            {
              "name":"asset_id",
              "type":"int",
              "value":104
            },
            {
              "name":"birdview_puppet",
              "type":"bool",
              "value":false
            },
            {
              "name":"direction",
              "type":"int",
              "value":4
            },
            {
              "name":"entity_id",
              "type":"int",
              "value":2
            },
            {
              "name":"eye_contact",
              "type":"bool",
              "value":true
            },
            {
              "name":"idling",
              "type":"bool",
              "value":false
            },
            {
              "name":"link_object_id",
              "type":"int",
              "value":2
            },
            {
              "name":"message_key",
              "type":"string",
              "value":"MSG_MAT_03"
            },
            {
              "name":"move_interval_id",
              "type":"int",
              "value":2
            },
            {
              "name":"move_speed_id",
              "type":"int",
              "value":4
            },
            {
              "name":"move_step",
              "type":"int",
              "value":1
            },
            {
              "name":"move_type",
              "type":"int",
              "value":2
            },
            {
              "name":"object_id",
              "type":"int",
              "value":0
            },
            {
              "name":"object_type",
              "type":"int",
              "value":6
            },
            {
              "name":"script_id",
              "type":"int",
              "value":0
            },
            {
              "name":"target_character_status_id",
              "type":"int",
              "value":0
            },
            {
              "name":"turn_around",
              "type":"bool",
              "value":true
            }
          ],
          "rotation":0,
          "type":"",
          "visible":true,
          "width":16,
          "x":208,
          "y":224
        },
        {
          "gid":999,
          "height":16,
          "id":14,
          "name":"OpenTrigger",
          "properties":[
            {
              "name":"action_id",
              "type":"int",
              "value":5
            },
            {
              "name":"entity_id",
              "type":"int",
              "value":3
            },
            {
              "name":"link_object_id",
              "type":"int",
              "value":1
            },
            {
              "name":"object_id",
              "type":"int",
              "value":0
            },
            {
              "name":"object_type",
              "type":"int",
              "value":8
            },
            {
              "name":"se_id",
              "type":"int",
              "value":9
            }
          ],
          "rotation":0,
          "type":"",
          "visible":true,
          "width":16,
          "x":272,
          "y":304
        },
        {
          "height":176,
          "id":17,
          "name":"NPC_MoveArea",
          "properties":[
            {
              "name":"entity_id",
              "type":"int",
              "value":4
            },
            {
              "name":"object_id",
              "type":"int",
              "value":2
            },
            {
              "name":"object_type",
              "type":"int",
              "value":13
            }
          ],
          "rotation":0,
          "type":"",
          "visible":true,
          "width":112,
          "x":144,
          "y":96
        },
        {
          "gid":1023,
          "height":16,
          "id":23,
          "name":"11:\u30dd\u30fc\u30b7\u30e7\u30f3",
          "properties":[
            {
              "name":"accept_action_direction",
              "type":"int",
              "value":15
            },
            {
              "name":"action_id",
              "type":"int",
              "value":6
            },
            {
              "name":"asset_id",
              "type":"int",
              "value":0
            },
            {
              "name":"collision",
              "type":"bool",
              "value":true
            },
            {
              "name":"content_id",
              "type":"int",
              "value":2
            },
            {
              "name":"content_num",
              "type":"int",
              "value":1
            },
            {
              "name":"direction",
              "type":"int",
              "value":15
            },
            {
              "name":"entity_id",
              "type":"int",
              "value":5
            },
            {
              "name":"flag_id",
              "type":"int",
              "value":11
            },
            {
              "name":"interactive_icon_type",
              "type":"int",
              "value":5
            },
            {
              "name":"link_object_id",
              "type":"int",
              "value":100
            },
            {
              "name":"message_key",
              "type":"string",
              "value":"MSG_OTHER_11"
            },
            {
              "name":"object_id",
              "type":"int",
              "value":0
            },
            {
              "name":"object_type",
              "type":"int",
              "value":7
            },
            {
              "name":"script_id",
              "type":"int",
              "value":0
            },
            {
              "name":"se_id",
              "type":"int",
              "value":909
            }
          ],
          "rotation":0,
          "type":"",
          "visible":false,
          "width":16,
          "x":144,
          "y":192
        },
        {
          "gid":1023,
          "height":16,
          "id":24,
          "name":"12:\u30dd\u30fc\u30b7\u30e7\u30f3",
          "properties":[
            {
              "name":"accept_action_direction",
              "type":"int",
              "value":15
            },
            {
              "name":"action_id",
              "type":"int",
              "value":6
            },
            {
              "name":"asset_id",
              "type":"int",
              "value":0
            },
            {
              "name":"collision",
              "type":"bool",
              "value":true
            },
            {
              "name":"content_id",
              "type":"int",
              "value":2
            },
            {
              "name":"content_num",
              "type":"int",
              "value":1
            },
            {
              "name":"direction",
              "type":"int",
              "value":15
            },
            {
              "name":"entity_id",
              "type":"int",
              "value":6
            },
            {
              "name":"flag_id",
              "type":"int",
              "value":12
            },
            {
              "name":"interactive_icon_type",
              "type":"int",
              "value":5
            },
            {
              "name":"link_object_id",
              "type":"int",
              "value":101
            },
            {
              "name":"message_key",
              "type":"string",
              "value":"MSG_OTHER_11"
            },
            {
              "name":"object_id",
              "type":"int",
              "value":0
            },
            {
              "name":"object_type",
              "type":"int",
              "value":7
            },
            {
              "name":"script_id",
              "type":"int",
              "value":0
            },
            {
              "name":"se_id",
              "type":"int",
              "value":909
            }
          ],
          "rotation":0,
          "type":"",
          "visible":false,
          "width":16,
          "x":144,
          "y":208
        },
        {
          "gid":1023,
          "height":16,
          "id":25,
          "name":"13:\u3069\u304f\u3051\u3057",
          "properties":[
            {
              "name":"accept_action_direction",
              "type":"int",
              "value":15
            },
            {
              "name":"action_id",
              "type":"int",
              "value":6
            },
            {
              "name":"asset_id",
              "type":"int",
              "value":0
            },
            {
              "name":"collision",
              "type":"bool",
              "value":true
            },
            {
              "name":"content_id",
              "type":"int",
              "value":11
            },
            {
              "name":"content_num",
              "type":"int",
              "value":1
            },
            {
              "name":"direction",
              "type":"int",
              "value":15
            },
            {
              "name":"entity_id",
              "type":"int",
              "value":7
            },
            {
              "name":"flag_id",
              "type":"int",
              "value":13
            },
            {
              "name":"interactive_icon_type",
              "type":"int",
              "value":5
            },
            {
              "name":"link_object_id",
              "type":"int",
              "value":102
            },
            {
              "name":"message_key",
              "type":"string",
              "value":"MSG_OTHER_11"
            },
            {
              "name":"object_id",
              "type":"int",
              "value":0
            },
            {
              "name":"object_type",
              "type":"int",
              "value":7
            },
            {
              "name":"script_id",
              "type":"int",
              "value":0
            },
            {
              "name":"se_id",
              "type":"int",
              "value":909
            }
          ],
          "rotation":0,
          "type":"",
          "visible":false,
          "width":16,
          "x":144,
          "y":224
        },
        {
          "height":16,
          "id":27,
          "name":"TileAnimRegion",
          "properties":[
            {
              "name":"all_layers",
              "type":"bool",
              "value":true
            },
            {
              "name":"entity_id",
              "type":"int",
              "value":26
            },
            {
              "name":"object_id",
              "type":"int",
              "value":100
            },
            {
              "name":"object_type",
              "type":"int",
              "value":1
            },
            {
              "name":"reverse",
              "type":"bool",
              "value":false
            }
          ],
          "rotation":0,
          "type":"",
          "visible":true,
          "width":16,
          "x":144,
          "y":176
        },
        {
          "height":16,
          "id":28,
          "name":"TileAnimRegion",
          "properties":[
            {
              "name":"all_layers",
              "type":"bool",
              "value":true
            },
            {
              "name":"entity_id",
              "type":"int",
              "value":27
            },
            {
              "name":"object_id",
              "type":"int",
              "value":101
            },
            {
              "name":"object_type",
              "type":"int",
              "value":1
            },
            {
              "name":"reverse",
              "type":"bool",
              "value":false
            }
          ],
          "rotation":0,
          "type":"",
          "visible":true,
          "width":16,
          "x":144,
          "y":192
        },
        {
          "height":16,
          "id":29,
          "name":"TileAnimRegion",
          "properties":[
            {
              "name":"all_layers",
              "type":"bool",
              "value":true
            },
            {
              "name":"entity_id",
              "type":"int",
              "value":28
            },
            {
              "name":"object_id",
              "type":"int",
              "value":102
            },
            {
              "name":"object_type",
              "type":"int",
              "value":1
            },
            {
              "name":"reverse",
              "type":"bool",
              "value":false
            }
          ],
          "rotation":0,
          "type":"",
          "visible":true,
          "width":16,
          "x":144,
          "y":208
        },
        {
          "gid":1000,
          "height":16,
          "id":33,
          "name":"\u677e\u660e",
          "properties":[
            {
              "name":"action_id",
              "type":"int",
              "value":0
            },
            {
              "name":"affected",
              "type":"bool",
              "value":true
            },
            {
              "name":"asset_id",
              "type":"int",
              "value":189
            },
            {
              "name":"birdview_puppet",
              "type":"bool",
              "value":false
            },
            {
              "name":"blend_type",
              "type":"int",
              "value":0
            },
            {
              "name":"collision",
              "type":"bool",
              "value":false
            },
            {
              "name":"direction",
              "type":"int",
              "value":0
            },
            {
              "name":"entity_id",
              "type":"int",
              "value":29
            },
            {
              "name":"front",
              "type":"bool",
              "value":true
            },
            {
              "name":"link_object_id",
              "type":"int",
              "value":0
            },
            {
              "name":"object_id",
              "type":"int",
              "value":0
            },
            {
              "name":"object_type",
              "type":"int",
              "value":11
            },
            {
              "name":"play_on_awake",
              "type":"bool",
              "value":true
            },
            {
              "name":"script_id",
              "type":"int",
              "value":0
            },
            {
              "name":"split",
              "type":"bool",
              "value":true
            },
            {
              "name":"zoffset",
              "type":"int",
              "value":-1
            }
          ],
          "rotation":0,
          "type":"",
          "visible":true,
          "width":16,
          "x":192,
          "y":100
        },
        {
          "gid":1000,
          "height":16,
          "id":34,
          "name":"\u677e\u660e",
          "properties":[
            {
              "name":"action_id",
              "type":"int",
              "value":0
            },
            {
              "name":"affected",
              "type":"bool",
              "value":true
            },
            {
              "name":"asset_id",
              "type":"int",
              "value":189
            },
            {
              "name":"birdview_puppet",
              "type":"bool",
              "value":false
            },
            {
              "name":"blend_type",
              "type":"int",
              "value":0
            },
            {
              "name":"collision",
              "type":"bool",
              "value":false
            },
            {
              "name":"direction",
              "type":"int",
              "value":0
            },
            {
              "name":"entity_id",
              "type":"int",
              "value":30
            },
            {
              "name":"front",
              "type":"bool",
              "value":true
            },
            {
              "name":"link_object_id",
              "type":"int",
              "value":0
            },
            {
              "name":"object_id",
              "type":"int",
              "value":0
            },
            {
              "name":"object_type",
              "type":"int",
              "value":11
            },
            {
              "name":"play_on_awake",
              "type":"bool",
              "value":true
            },
            {
              "name":"script_id",
              "type":"int",
              "value":0
            },
            {
              "name":"split",
              "type":"bool",
              "value":true
            },
            {
              "name":"zoffset",
              "type":"int",
              "value":-1
            }
          ],
          "rotation":0,
          "type":"",
          "visible":true,
          "width":16,
          "x":240,
          "y":308
        },
        {
          "gid":1000,
          "height":16,
          "id":35,
          "name":"\u677e\u660e",
          "properties":[
            {
              "name":"action_id",
              "type":"int",
              "value":0
            },
            {
              "name":"affected",
              "type":"bool",
              "value":true
            },
            {
              "name":"asset_id",
              "type":"int",
              "value":189
            },
            {
              "name":"birdview_puppet",
              "type":"bool",
              "value":false
            },
            {
              "name":"blend_type",
              "type":"int",
              "value":0
            },
            {
              "name":"collision",
              "type":"bool",
              "value":false
            },
            {
              "name":"direction",
              "type":"int",
              "value":0
            },
            {
              "name":"entity_id",
              "type":"int",
              "value":31
            },
            {
              "name":"front",
              "type":"bool",
              "value":true
            },
            {
              "name":"link_object_id",
              "type":"int",
              "value":0
            },
            {
              "name":"object_id",
              "type":"int",
              "value":0
            },
            {
              "name":"object_type",
              "type":"int",
              "value":11
            },
            {
              "name":"play_on_awake",
              "type":"bool",
              "value":true
            },
            {
              "name":"script_id",
              "type":"int",
              "value":0
            },
            {
              "name":"split",
              "type":"bool",
              "value":true
            },
            {
              "name":"zoffset",
              "type":"int",
              "value":-1
            }
          ],
          "rotation":0,
          "type":"",
          "visible":true,
          "width":16,
          "x":304,
          "y":308
        },
        {
          "gid":1000,
          "height":16,
          "id":36,
          "name":"\u677e\u660e",
          "properties":[
            {
              "name":"action_id",
              "type":"int",
              "value":0
            },
            {
              "name":"affected",
              "type":"bool",
              "value":true
            },
            {
              "name":"asset_id",
              "type":"int",
              "value":189
            },
            {
              "name":"birdview_puppet",
              "type":"bool",
              "value":false
            },
            {
              "name":"blend_type",
              "type":"int",
              "value":0
            },
            {
              "name":"collision",
              "type":"bool",
              "value":false
            },
            {
              "name":"direction",
              "type":"int",
              "value":0
            },
            {
              "name":"entity_id",
              "type":"int",
              "value":32
            },
            {
              "name":"front",
              "type":"bool",
              "value":true
            },
            {
              "name":"link_object_id",
              "type":"int",
              "value":0
            },
            {
              "name":"object_id",
              "type":"int",
              "value":0
            },
            {
              "name":"object_type",
              "type":"int",
              "value":11
            },
            {
              "name":"play_on_awake",
              "type":"bool",
              "value":true
            },
            {
              "name":"script_id",
              "type":"int",
              "value":0
            },
            {
              "name":"split",
              "type":"bool",
              "value":true
            },
            {
              "name":"zoffset",
              "type":"int",
              "value":-1
            }
          ],
          "rotation":0,
          "type":"",
          "visible":true,
          "width":16,
          "x":384,
          "y":276
        },
        {
          "height":176,
          "id":37,
          "name":"MoveArea",
          "properties":[
            {
              "name":"entity_id",
              "type":"int",
              "value":33
            },
            {
              "name":"object_id",
              "type":"int",
              "value":3
            },
            {
              "name":"object_type",
              "type":"int",
              "value":13
            }
          ],
          "rotation":0,
          "type":"",
          "visible":true,
          "width":112,
          "x":304,
          "y":96
        },
        {
          "gid":1001,
          "height":16,
          "id":38,
          "name":"",
          "properties":[
            {
              "name":"accept_action_direction",
              "type":"int",
              "value":15
            },
            {
              "name":"action_id",
              "type":"int",
              "value":0
            },
            {
              "name":"affected",
              "type":"bool",
              "value":true
            },
            {
              "name":"asset_id",
              "type":"int",
              "value":0
            },
            {
              "name":"birdview_puppet",
              "type":"bool",
              "value":false
            },
            {
              "name":"collision",
              "type":"bool",
              "value":true
            },
            {
              "name":"direction",
              "type":"int",
              "value":0
            },
            {
              "name":"entity_id",
              "type":"int",
              "value":38
            },
            {
              "name":"interactive_icon_type",
              "type":"int",
              "value":0
            },
            {
              "name":"link_object_id",
              "type":"int",
              "value":0
            },
            {
              "name":"message_key",
              "type":"string",
              "value":""
            },
            {
              "name":"object_id",
              "type":"int",
              "value":0
            },
            {
              "name":"object_type",
              "type":"int",
              "value":5
            },
            {
              "name":"script_id",
              "type":"int",
              "value":0
            },
            {
              "name":"se_id",
              "type":"int",
              "value":0
            },
            {
              "name":"target_transportation_ids",
              "type":"string",
              "value":""
            }
          ],
          "rotation":0,
          "type":"",
          "visible":true,
          "width":16,
          "x":272,
          "y":128
        }
      ],
      "opacity":1,
      "type":"objectgroup",
      "visible":true,
      "x":0,
      "y":0
    },
    {
      "draworder":"topdown",
      "id":8,
      "name":"UpperObject",
      "objects":[
        {
          "gid":996,
          "height":16,
          "id":1,
          "name":"GotoMap",
          "properties":[
            {
              "name":"action_id",
              "type":"int",
              "value":3
            },
            {
              "name":"direction",
              "type":"int",
              "value":0
            },
            {
              "name":"entity_id",
              "type":"int",
              "value":8
            },
            {
              "name":"link_object_id",
              "type":"int",
              "value":0
            },
            {
              "name":"map_id",
              "type":"int",
              "value":1
            },
            {
              "name":"object_id",
              "type":"int",
              "value":0
            },
            {
              "name":"object_type",
              "type":"int",
              "value":3
            },
            {
              "name":"point_id",
              "type":"int",
              "value":4
            },
            {
              "name":"script_id",
              "type":"int",
              "value":0
            }
          ],
          "rotation":0,
          "type":"",
          "visible":true,
          "width":16,
          "x":400,
          "y":288
        },
        {
          "gid":997,
          "height":16,
          "id":2,
          "name":"PointIn",
          "properties":[
            {
              "name":"direction",
              "type":"int",
              "value":4
            },
            {
              "name":"entity_id",
              "type":"int",
              "value":9
            },
            {
              "name":"link_object_id",
              "type":"int",
              "value":0
            },
            {
              "name":"object_id",
              "type":"int",
              "value":1
            },
            {
              "name":"object_type",
              "type":"int",
              "value":0
            },
            {
              "name":"title_id",
              "type":"string",
              "value":""
            },
            {
              "name":"title_type",
              "type":"int",
              "value":2
            }
          ],
          "rotation":0,
          "type":"",
          "visible":true,
          "width":16,
          "x":384,
          "y":288
        },
        {
          "gid":995,
          "height":16,
          "id":3,
          "name":"ToBottom",
          "properties":[
            {
              "name":"action_id",
              "type":"int",
              "value":1
            },
            {
              "name":"direction",
              "type":"int",
              "value":0
            },
            {
              "name":"entity_id",
              "type":"int",
              "value":22
            },
            {
              "name":"layer",
              "type":"int",
              "value":0
            },
            {
              "name":"link_object_id",
              "type":"int",
              "value":0
            },
            {
              "name":"object_id",
              "type":"int",
              "value":0
            },
            {
              "name":"object_type",
              "type":"int",
              "value":4
            },
            {
              "name":"script_id",
              "type":"int",
              "value":0
            }
          ],
          "rotation":0,
          "type":"",
          "visible":true,
          "width":16,
          "x":272,
          "y":304
        },
        {
          "gid":1024,
          "height":16,
          "id":9,
          "name":"5:\u307b\u3046\u304d",
          "properties":[
            {
              "name":"accept_action_direction",
              "type":"int",
              "value":15
            },
            {
              "name":"action_id",
              "type":"int",
              "value":4
            },
            {
              "name":"affected",
              "type":"bool",
              "value":false
            },
            {
              "name":"asset_id",
              "type":"int",
              "value":104
            },
            {
              "name":"birdview_puppet",
              "type":"bool",
              "value":false
            },
            {
              "name":"direction",
              "type":"int",
              "value":4
            },
            {
              "name":"entity_id",
              "type":"int",
              "value":10
            },
            {
              "name":"eye_contact",
              "type":"bool",
              "value":true
            },
            {
              "name":"idling",
              "type":"bool",
              "value":false
            },
            {
              "name":"link_object_id",
              "type":"int",
              "value":1
            },
            {
              "name":"message_key",
              "type":"string",
              "value":"MSG_MAT_03"
            },
            {
              "name":"move_interval_id",
              "type":"int",
              "value":2
            },
            {
              "name":"move_speed_id",
              "type":"int",
              "value":4
            },
            {
              "name":"move_step",
              "type":"int",
              "value":1
            },
            {
              "name":"move_type",
              "type":"int",
              "value":2
            },
            {
              "name":"object_id",
              "type":"int",
              "value":0
            },
            {
              "name":"object_type",
              "type":"int",
              "value":6
            },
            {
              "name":"script_id",
              "type":"int",
              "value":0
            },
            {
              "name":"target_character_status_id",
              "type":"int",
              "value":0
            },
            {
              "name":"turn_around",
              "type":"bool",
              "value":true
            }
          ],
          "rotation":0,
          "type":"",
          "visible":true,
          "width":16,
          "x":208,
          "y":320
        },
        {
          "height":32,
          "id":13,
          "name":"NPC_MoveArea",
          "properties":[
            {
              "name":"entity_id",
              "type":"int",
              "value":11
            },
            {
              "name":"object_id",
              "type":"int",
              "value":1
            },
            {
              "name":"object_type",
              "type":"int",
              "value":13
            }
          ],
          "rotation":0,
          "type":"",
          "visible":true,
          "width":272,
          "x":144,
          "y":304
        },
        {
          "gid":999,
          "height":16,
          "id":15,
          "name":"OpenTrigger",
          "properties":[
            {
              "name":"action_id",
              "type":"int",
              "value":5
            },
            {
              "name":"entity_id",
              "type":"int",
              "value":12
            },
            {
              "name":"link_object_id",
              "type":"int",
              "value":1
            },
            {
              "name":"object_id",
              "type":"int",
              "value":0
            },
            {
              "name":"object_type",
              "type":"int",
              "value":8
            },
            {
              "name":"se_id",
              "type":"int",
              "value":9
            }
          ],
          "rotation":0,
          "type":"",
          "visible":true,
          "width":16,
          "x":272,
          "y":304
        },
        {
          "height":16,
          "id":16,
          "name":"TileAnimRegion",
          "properties":[
            {
              "name":"all_layers",
              "type":"bool",
              "value":true
            },
            {
              "name":"entity_id",
              "type":"int",
              "value":13
            },
            {
              "name":"object_id",
              "type":"int",
              "value":1
            },
            {
              "name":"object_type",
              "type":"int",
              "value":1
            },
            {
              "name":"reverse",
              "type":"bool",
              "value":true
            }
          ],
          "rotation":0,
          "type":"",
          "visible":true,
          "width":16,
          "x":272,
          "y":288
        },
        {
          "gid":1000,
          "height":16,
          "id":30,
          "name":"\u677e\u660e",
          "properties":[
            {
              "name":"action_id",
              "type":"int",
              "value":0
            },
            {
              "name":"affected",
              "type":"bool",
              "value":true
            },
            {
              "name":"asset_id",
              "type":"int",
              "value":189
            },
            {
              "name":"birdview_puppet",
              "type":"bool",
              "value":false
            },
            {
              "name":"blend_type",
              "type":"int",
              "value":0
            },
            {
              "name":"collision",
              "type":"bool",
              "value":false
            },
            {
              "name":"direction",
              "type":"int",
              "value":0
            },
            {
              "name":"entity_id",
              "type":"int",
              "value":34
            },
            {
              "name":"front",
              "type":"bool",
              "value":true
            },
            {
              "name":"link_object_id",
              "type":"int",
              "value":0
            },
            {
              "name":"object_id",
              "type":"int",
              "value":0
            },
            {
              "name":"object_type",
              "type":"int",
              "value":11
            },
            {
              "name":"play_on_awake",
              "type":"bool",
              "value":true
            },
            {
              "name":"script_id",
              "type":"int",
              "value":0
            },
            {
              "name":"split",
              "type":"bool",
              "value":true
            },
            {
              "name":"zoffset",
              "type":"int",
              "value":-1
            }
          ],
          "rotation":0,
          "type":"",
          "visible":true,
          "width":16,
          "x":240,
          "y":308
        },
        {
          "gid":1000,
          "height":16,
          "id":31,
          "name":"\u677e\u660e",
          "properties":[
            {
              "name":"action_id",
              "type":"int",
              "value":0
            },
            {
              "name":"affected",
              "type":"bool",
              "value":true
            },
            {
              "name":"asset_id",
              "type":"int",
              "value":189
            },
            {
              "name":"birdview_puppet",
              "type":"bool",
              "value":false
            },
            {
              "name":"blend_type",
              "type":"int",
              "value":0
            },
            {
              "name":"collision",
              "type":"bool",
              "value":false
            },
            {
              "name":"direction",
              "type":"int",
              "value":0
            },
            {
              "name":"entity_id",
              "type":"int",
              "value":35
            },
            {
              "name":"front",
              "type":"bool",
              "value":true
            },
            {
              "name":"link_object_id",
              "type":"int",
              "value":0
            },
            {
              "name":"object_id",
              "type":"int",
              "value":0
            },
            {
              "name":"object_type",
              "type":"int",
              "value":11
            },
            {
              "name":"play_on_awake",
              "type":"bool",
              "value":true
            },
            {
              "name":"script_id",
              "type":"int",
              "value":0
            },
            {
              "name":"split",
              "type":"bool",
              "value":true
            },
            {
              "name":"zoffset",
              "type":"int",
              "value":-1
            }
          ],
          "rotation":0,
          "type":"",
          "visible":true,
          "width":16,
          "x":304,
          "y":308
        },
        {
          "gid":1000,
          "height":16,
          "id":32,
          "name":"\u677e\u660e",
          "properties":[
            {
              "name":"action_id",
              "type":"int",
              "value":0
            },
            {
              "name":"affected",
              "type":"bool",
              "value":true
            },
            {
              "name":"asset_id",
              "type":"int",
              "value":189
            },
            {
              "name":"birdview_puppet",
              "type":"bool",
              "value":false
            },
            {
              "name":"blend_type",
              "type":"int",
              "value":0
            },
            {
              "name":"collision",
              "type":"bool",
              "value":false
            },
            {
              "name":"direction",
              "type":"int",
              "value":0
            },
            {
              "name":"entity_id",
              "type":"int",
              "value":36
            },
            {
              "name":"front",
              "type":"bool",
              "value":true
            },
            {
              "name":"link_object_id",
              "type":"int",
              "value":0
            },
            {
              "name":"object_id",
              "type":"int",
              "value":0
            },
            {
              "name":"object_type",
              "type":"int",
              "value":11
            },
            {
              "name":"play_on_awake",
              "type":"bool",
              "value":true
            },
            {
              "name":"script_id",
              "type":"int",
              "value":0
            },
            {
              "name":"split",
              "type":"bool",
              "value":true
            },
            {
              "name":"zoffset",
              "type":"int",
              "value":-1
            }
          ],
          "rotation":0,
          "type":"",
          "visible":true,
          "width":16,
          "x":384,
          "y":276
        }
      ],
      "opacity":1,
      "type":"objectgroup",
      "visible":true,
      "x":0,
      "y":0
    },
    {
      "draworder":"topdown",
      "id":14,
      "name":"MinimapObject",
      "objects":[
        {
          "gid":961,
          "height":16,
          "id":6,
          "name":"worldmap_minimap",
          "properties":[
            {
              "name":"direction",
              "type":"int",
              "value":1
            },
            {
              "name":"entity_id",
              "type":"int",
              "value":24
            },
            {
              "name":"minimap_icon_type",
              "type":"int",
              "value":3
            },
            {
              "name":"object_id",
              "type":"int",
              "value":0
            },
            {
              "name":"object_type",
              "type":"int",
              "value":18
            }
          ],
          "rotation":0,
          "type":"",
          "visible":true,
          "width":16,
          "x":400,
          "y":288
        }
      ],
      "opacity":1,
      "type":"objectgroup",
      "visible":true,
      "x":0,
      "y":0
    }
  ],
  "name":"DefaultObjectGroup",
  "opacity":1,
  "type":"group",
  "visible":true,
  "x":0,
  "y":0,
  "width":35,
  "height":26
}
