{
  "id":6,
  "layers":[
    {
      "draworder":"topdown",
      "id":8,
      "name":"UpperObject",
      "objects":[
        {
          "gid":996,
          "height":16,
          "id":1,
          "name":"1:\u30b3\u30fc\u30cd\u30ea\u30a2\u57ce",
          "properties":[
            {
              "name":"action_id",
              "type":"int",
              "value":3
            },
            {
              "name":"direction",
              "type":"int",
              "value":0
            },
            {
              "name":"entity_id",
              "type":"int",
              "value":85
            },
            {
              "name":"link_object_id",
              "type":"int",
              "value":0
            },
            {
              "name":"map_id",
              "type":"int",
              "value":2
            },
            {
              "name":"object_id",
              "type":"int",
              "value":0
            },
            {
              "name":"object_type",
              "type":"int",
              "value":3
            },
            {
              "name":"point_id",
              "type":"int",
              "value":1
            },
            {
              "name":"script_id",
              "type":"int",
              "value":0
            }
          ],
          "rotation":0,
          "type":"",
          "visible":true,
          "width":16,
          "x":2320,
          "y":2448
        },
        {
          "gid":1001,
          "height":48,
          "id":89,
          "name":"\u30b3\u30fc\u30cd\u30ea\u30a2\u57ce",
          "properties":[
            {
              "name":"accept_action_direction",
              "type":"int",
              "value":15
            },
            {
              "name":"action_id",
              "type":"int",
              "value":0
            },
            {
              "name":"affected",
              "type":"bool",
              "value":true
            },
            {
              "name":"asset_id",
              "type":"int",
              "value":163
            },
            {
              "name":"birdview_puppet",
              "type":"bool",
              "value":false
            },
            {
              "name":"collision",
              "type":"bool",
              "value":false
            },
            {
              "name":"confirm_landing",
              "type":"bool",
              "value":false
            },
            {
              "name":"direction",
              "type":"int",
              "value":0
            },
            {
              "name":"entity_id",
              "type":"int",
              "value":76
            },
            {
              "name":"flight_altitude_ratio",
              "type":"float",
              "value":1
            },
            {
              "name":"gimmick",
              "type":"bool",
              "value":false
            },
            {
              "name":"interactive_icon_type",
              "type":"int",
              "value":0
            },
            {
              "name":"link_object_id",
              "type":"int",
              "value":0
            },
            {
              "name":"message_key",
              "type":"string",
              "value":""
            },
            {
              "name":"object_id",
              "type":"int",
              "value":0
            },
            {
              "name":"object_type",
              "type":"int",
              "value":5
            },
            {
              "name":"script_id",
              "type":"int",
              "value":0
            },
            {
              "name":"se_id",
              "type":"int",
              "value":0
            },
            {
              "name":"talk_target_transportation_ids",
              "type":"string",
              "value":""
            },
            {
              "name":"target_transportation_ids",
              "type":"string",
              "value":""
            },
            {
              "name":"visible_minimap",
              "type":"bool",
              "value":false
            }
          ],
          "rotation":0,
          "type":"",
          "visible":true,
          "width":48,
          "x":2304,
          "y":2448
        },
        {
          "gid":1001,
          "height":32,
          "id":90,
          "name":"\u30ab\u30aa\u30b9\u795e\u6bbf",
          "properties":[
            {
              "name":"accept_action_direction",
              "type":"int",
              "value":15
            },
            {
              "name":"action_id",
              "type":"int",
              "value":0
            },
            {
              "name":"affected",
              "type":"bool",
              "value":true
            },
            {
              "name":"asset_id",
              "type":"int",
              "value":164
            },
            {
              "name":"birdview_puppet",
              "type":"bool",
              "value":false
            },
            {
              "name":"collision",
              "type":"bool",
              "value":false
            },
            {
              "name":"confirm_landing",
              "type":"bool",
              "value":false
            },
            {
              "name":"direction",
              "type":"int",
              "value":0
            },
            {
              "name":"entity_id",
              "type":"int",
              "value":77
            },
            {
              "name":"flight_altitude_ratio",
              "type":"float",
              "value":1
            },
            {
              "name":"gimmick",
              "type":"bool",
              "value":false
            },
            {
              "name":"interactive_icon_type",
              "type":"int",
              "value":0
            },
            {
              "name":"link_object_id",
              "type":"int",
              "value":0
            },
            {
              "name":"message_key",
              "type":"string",
              "value":""
            },
            {
              "name":"object_id",
              "type":"int",
              "value":0
            },
            {
              "name":"object_type",
              "type":"int",
              "value":5
            },
            {
              "name":"script_id",
              "type":"int",
              "value":0
            },
            {
              "name":"se_id",
              "type":"int",
              "value":0
            },
            {
              "name":"talk_target_transportation_ids",
              "type":"string",
              "value":""
            },
            {
              "name":"target_transportation_ids",
              "type":"string",
              "value":""
            },
            {
              "name":"visible_minimap",
              "type":"bool",
              "value":false
            }
          ],
          "rotation":0,
          "type":"",
          "visible":true,
          "width":48,
          "x":1936,
          "y":1872
        },
        {
          "gid":1001,
          "height":32,
          "id":91,
          "name":"\u30a8\u30eb\u30d5\u306e\u57ce",
          "properties":[
            {
              "name":"accept_action_direction",
              "type":"int",
              "value":15
            },
            {
              "name":"action_id",
              "type":"int",
              "value":0
            },
            {
              "name":"affected",
              "type":"bool",
              "value":true
            },
            {
              "name":"asset_id",
              "type":"int",
              "value":165
            },
            {
              "name":"birdview_puppet",
              "type":"bool",
              "value":false
            },
            {
              "name":"collision",
              "type":"bool",
              "value":false
            },
            {
              "name":"confirm_landing",
              "type":"bool",
              "value":false
            },
            {
              "name":"direction",
              "type":"int",
              "value":0
            },
            {
              "name":"entity_id",
              "type":"int",
              "value":78
            },
            {
              "name":"flight_altitude_ratio",
              "type":"float",
              "value":1
            },
            {
              "name":"gimmick",
              "type":"bool",
              "value":false
            },
            {
              "name":"interactive_icon_type",
              "type":"int",
              "value":0
            },
            {
              "name":"link_object_id",
              "type":"int",
              "value":0
            },
            {
              "name":"message_key",
              "type":"string",
              "value":""
            },
            {
              "name":"object_id",
              "type":"int",
              "value":0
            },
            {
              "name":"object_type",
              "type":"int",
              "value":5
            },
            {
              "name":"script_id",
              "type":"int",
              "value":0
            },
            {
              "name":"se_id",
              "type":"int",
              "value":0
            },
            {
              "name":"talk_target_transportation_ids",
              "type":"string",
              "value":""
            },
            {
              "name":"target_transportation_ids",
              "type":"string",
              "value":""
            },
            {
              "name":"visible_minimap",
              "type":"bool",
              "value":false
            }
          ],
          "rotation":0,
          "type":"",
          "visible":true,
          "width":48,
          "x":2048,
          "y":3440
        },
        {
          "gid":1001,
          "height":48,
          "id":92,
          "name":"\u8a66\u7df4\u306e\u57ce",
          "properties":[
            {
              "name":"accept_action_direction",
              "type":"int",
              "value":15
            },
            {
              "name":"action_id",
              "type":"int",
              "value":0
            },
            {
              "name":"affected",
              "type":"bool",
              "value":true
            },
            {
              "name":"asset_id",
              "type":"int",
              "value":166
            },
            {
              "name":"birdview_puppet",
              "type":"bool",
              "value":false
            },
            {
              "name":"collision",
              "type":"bool",
              "value":false
            },
            {
              "name":"confirm_landing",
              "type":"bool",
              "value":false
            },
            {
              "name":"direction",
              "type":"int",
              "value":0
            },
            {
              "name":"entity_id",
              "type":"int",
              "value":79
            },
            {
              "name":"flight_altitude_ratio",
              "type":"float",
              "value":1
            },
            {
              "name":"gimmick",
              "type":"bool",
              "value":false
            },
            {
              "name":"interactive_icon_type",
              "type":"int",
              "value":0
            },
            {
              "name":"link_object_id",
              "type":"int",
              "value":0
            },
            {
              "name":"message_key",
              "type":"string",
              "value":""
            },
            {
              "name":"object_id",
              "type":"int",
              "value":0
            },
            {
              "name":"object_type",
              "type":"int",
              "value":5
            },
            {
              "name":"script_id",
              "type":"int",
              "value":0
            },
            {
              "name":"se_id",
              "type":"int",
              "value":0
            },
            {
              "name":"talk_target_transportation_ids",
              "type":"string",
              "value":""
            },
            {
              "name":"target_transportation_ids",
              "type":"string",
              "value":""
            },
            {
              "name":"visible_minimap",
              "type":"bool",
              "value":false
            }
          ],
          "rotation":0,
          "type":"",
          "visible":true,
          "width":48,
          "x":1936,
          "y":624
        },
        {
          "gid":1001,
          "height":48,
          "id":93,
          "name":"\u30df\u30e9\u30fc\u30b8\u30e5\u306e\u5854",
          "properties":[
            {
              "name":"accept_action_direction",
              "type":"int",
              "value":15
            },
            {
              "name":"action_id",
              "type":"int",
              "value":0
            },
            {
              "name":"affected",
              "type":"bool",
              "value":true
            },
            {
              "name":"asset_id",
              "type":"int",
              "value":167
            },
            {
              "name":"birdview_puppet",
              "type":"bool",
              "value":false
            },
            {
              "name":"collision",
              "type":"bool",
              "value":false
            },
            {
              "name":"confirm_landing",
              "type":"bool",
              "value":false
            },
            {
              "name":"direction",
              "type":"int",
              "value":0
            },
            {
              "name":"entity_id",
              "type":"int",
              "value":80
            },
            {
              "name":"flight_altitude_ratio",
              "type":"float",
              "value":1
            },
            {
              "name":"gimmick",
              "type":"bool",
              "value":false
            },
            {
              "name":"interactive_icon_type",
              "type":"int",
              "value":0
            },
            {
              "name":"link_object_id",
              "type":"int",
              "value":0
            },
            {
              "name":"message_key",
              "type":"string",
              "value":""
            },
            {
              "name":"object_id",
              "type":"int",
              "value":0
            },
            {
              "name":"object_type",
              "type":"int",
              "value":5
            },
            {
              "name":"script_id",
              "type":"int",
              "value":0
            },
            {
              "name":"se_id",
              "type":"int",
              "value":0
            },
            {
              "name":"talk_target_transportation_ids",
              "type":"string",
              "value":""
            },
            {
              "name":"target_transportation_ids",
              "type":"string",
              "value":""
            },
            {
              "name":"visible_minimap",
              "type":"bool",
              "value":false
            }
          ],
          "rotation":0,
          "type":"",
          "visible":true,
          "width":32,
          "x":2944,
          "y":912
        },
        {
          "gid":1001,
          "height":32,
          "id":94,
          "name":"\u897f\u306e\u57ce",
          "properties":[
            {
              "name":"accept_action_direction",
              "type":"int",
              "value":15
            },
            {
              "name":"action_id",
              "type":"int",
              "value":0
            },
            {
              "name":"affected",
              "type":"bool",
              "value":true
            },
            {
              "name":"asset_id",
              "type":"int",
              "value":168
            },
            {
              "name":"birdview_puppet",
              "type":"bool",
              "value":false
            },
            {
              "name":"collision",
              "type":"bool",
              "value":false
            },
            {
              "name":"confirm_landing",
              "type":"bool",
              "value":false
            },
            {
              "name":"direction",
              "type":"int",
              "value":0
            },
            {
              "name":"entity_id",
              "type":"int",
              "value":81
            },
            {
              "name":"flight_altitude_ratio",
              "type":"float",
              "value":1
            },
            {
              "name":"gimmick",
              "type":"bool",
              "value":false
            },
            {
              "name":"interactive_icon_type",
              "type":"int",
              "value":0
            },
            {
              "name":"link_object_id",
              "type":"int",
              "value":0
            },
            {
              "name":"message_key",
              "type":"string",
              "value":""
            },
            {
              "name":"object_id",
              "type":"int",
              "value":0
            },
            {
              "name":"object_type",
              "type":"int",
              "value":5
            },
            {
              "name":"script_id",
              "type":"int",
              "value":0
            },
            {
              "name":"se_id",
              "type":"int",
              "value":0
            },
            {
              "name":"talk_target_transportation_ids",
              "type":"string",
              "value":""
            },
            {
              "name":"target_transportation_ids",
              "type":"string",
              "value":""
            },
            {
              "name":"visible_minimap",
              "type":"bool",
              "value":false
            }
          ],
          "rotation":0,
          "type":"",
          "visible":true,
          "width":48,
          "x":1504,
          "y":2864
        },
        {
          "gid":1000,
          "height":16,
          "id":305,
          "name":"EffectEntity",
          "properties":[
            {
              "name":"action_id",
              "type":"int",
              "value":0
            },
            {
              "name":"affected",
              "type":"bool",
              "value":true
            },
            {
              "name":"asset_id",
              "type":"int",
              "value":205
            },
            {
              "name":"birdview_puppet",
              "type":"bool",
              "value":false
            },
            {
              "name":"blend_type",
              "type":"int",
              "value":0
            },
            {
              "name":"collision",
              "type":"bool",
              "value":false
            },
            {
              "name":"direction",
              "type":"int",
              "value":0
            },
            {
              "name":"entity_id",
              "type":"int",
              "value":261
            },
            {
              "name":"flight_altitude_ratio",
              "type":"float",
              "value":1
            },
            {
              "name":"front",
              "type":"bool",
              "value":true
            },
            {
              "name":"ignore_depth_test",
              "type":"bool",
              "value":false
            },
            {
              "name":"link_object_id",
              "type":"int",
              "value":0
            },
            {
              "name":"object_id",
              "type":"int",
              "value":0
            },
            {
              "name":"object_type",
              "type":"int",
              "value":11
            },
            {
              "name":"play_on_awake",
              "type":"bool",
              "value":true
            },
            {
              "name":"script_id",
              "type":"int",
              "value":0
            },
            {
              "name":"split",
              "type":"bool",
              "value":true
            },
            {
              "name":"visible_minimap",
              "type":"bool",
              "value":false
            },
            {
              "name":"zoffset",
              "type":"int",
              "value":-1
            }
          ],
          "rotation":0,
          "type":"",
          "visible":true,
          "width":16,
          "x":752,
          "y":352
        },
        {
          "gid":997,
          "height":16,
          "id":306,
          "name":"PointIn",
          "properties":[
            {
              "name":"direction",
              "type":"int",
              "value":0
            },
            {
              "name":"entity_id",
              "type":"int",
              "value":0
            },
            {
              "name":"link_object_id",
              "type":"int",
              "value":0
            },
            {
              "name":"object_id",
              "type":"int",
              "value":1
            },
            {
              "name":"object_type",
              "type":"int",
              "value":0
            },
            {
              "name":"title_id",
              "type":"string",
              "value":""
            },
            {
              "name":"title_type",
              "type":"int",
              "value":0
            }
          ],
          "rotation":0,
          "type":"",
          "visible":true,
          "width":16,
          "x":2320,
          "y":2560
        }
      ],
      "opacity":1,
      "type":"objectgroup",
      "visible":true,
      "x":0,
      "y":0
    }
  ],
  "name":"DefaultObjectGroup",
  "opacity":1,
  "type":"group",
  "visible":true,
  "x":0,
  "y":0,
  "width":256,
  "height":256
}
