{
  "id":7,
  "layers":[
    {
      "draworder":"topdown",
      "id":8,
      "name":"BottomObject",
      "objects":[
        {
          "height":16,
          "id":22,
          "name":"TileAnimRegion",
          "properties":[
            {
              "name":"all_layers",
              "type":"bool",
              "value":true
            },
            {
              "name":"entity_id",
              "type":"int",
              "value":28
            },
            {
              "name":"object_id",
              "type":"int",
              "value":1
            },
            {
              "name":"object_type",
              "type":"int",
              "value":1
            },
            {
              "name":"reverse",
              "type":"bool",
              "value":false
            }
          ],
          "rotation":0,
          "type":"",
          "visible":true,
          "width":16,
          "x":816,
          "y":464
        },
        {
          "height":16,
          "id":23,
          "name":"TileAnimRegion",
          "properties":[
            {
              "name":"all_layers",
              "type":"bool",
              "value":true
            },
            {
              "name":"entity_id",
              "type":"int",
              "value":1
            },
            {
              "name":"object_id",
              "type":"int",
              "value":2
            },
            {
              "name":"object_type",
              "type":"int",
              "value":1
            },
            {
              "name":"reverse",
              "type":"bool",
              "value":false
            }
          ],
          "rotation":0,
          "type":"",
          "visible":true,
          "width":16,
          "x":416,
          "y":160
        },
        {
          "height":16,
          "id":24,
          "name":"TileAnimRegion",
          "properties":[
            {
              "name":"all_layers",
              "type":"bool",
              "value":true
            },
            {
              "name":"entity_id",
              "type":"int",
              "value":2
            },
            {
              "name":"object_id",
              "type":"int",
              "value":3
            },
            {
              "name":"object_type",
              "type":"int",
              "value":1
            },
            {
              "name":"reverse",
              "type":"bool",
              "value":false
            }
          ],
          "rotation":0,
          "type":"",
          "visible":true,
          "width":16,
          "x":464,
          "y":448
        },
        {
          "height":16,
          "id":25,
          "name":"TileAnimRegion",
          "properties":[
            {
              "name":"all_layers",
              "type":"bool",
              "value":true
            },
            {
              "name":"entity_id",
              "type":"int",
              "value":3
            },
            {
              "name":"object_id",
              "type":"int",
              "value":4
            },
            {
              "name":"object_type",
              "type":"int",
              "value":1
            },
            {
              "name":"reverse",
              "type":"bool",
              "value":false
            }
          ],
          "rotation":0,
          "type":"",
          "visible":true,
          "width":16,
          "x":176,
          "y":880
        },
        {
          "height":16,
          "id":26,
          "name":"TileAnimRegion",
          "properties":[
            {
              "name":"all_layers",
              "type":"bool",
              "value":true
            },
            {
              "name":"entity_id",
              "type":"int",
              "value":4
            },
            {
              "name":"object_id",
              "type":"int",
              "value":5
            },
            {
              "name":"object_type",
              "type":"int",
              "value":1
            },
            {
              "name":"reverse",
              "type":"bool",
              "value":false
            }
          ],
          "rotation":0,
          "type":"",
          "visible":true,
          "width":16,
          "x":512,
          "y":832
        },
        {
          "height":16,
          "id":27,
          "name":"TileAnimRegion",
          "properties":[
            {
              "name":"all_layers",
              "type":"bool",
              "value":true
            },
            {
              "name":"entity_id",
              "type":"int",
              "value":5
            },
            {
              "name":"object_id",
              "type":"int",
              "value":6
            },
            {
              "name":"object_type",
              "type":"int",
              "value":1
            },
            {
              "name":"reverse",
              "type":"bool",
              "value":false
            }
          ],
          "rotation":0,
          "type":"",
          "visible":true,
          "width":16,
          "x":752,
          "y":944
        },
        {
          "gid":3047,
          "height":16,
          "id":29,
          "name":"OpenTrigger",
          "properties":[
            {
              "name":"action_id",
              "type":"int",
              "value":5
            },
            {
              "name":"entity_id",
              "type":"int",
              "value":6
            },
            {
              "name":"link_object_id",
              "type":"int",
              "value":1
            },
            {
              "name":"object_id",
              "type":"int",
              "value":0
            },
            {
              "name":"object_type",
              "type":"int",
              "value":8
            },
            {
              "name":"se_id",
              "type":"int",
              "value":9
            }
          ],
          "rotation":0,
          "type":"",
          "visible":true,
          "width":16,
          "x":816,
          "y":480
        },
        {
          "gid":3047,
          "height":16,
          "id":30,
          "name":"OpenTrigger",
          "properties":[
            {
              "name":"action_id",
              "type":"int",
              "value":5
            },
            {
              "name":"entity_id",
              "type":"int",
              "value":7
            },
            {
              "name":"link_object_id",
              "type":"int",
              "value":2
            },
            {
              "name":"object_id",
              "type":"int",
              "value":0
            },
            {
              "name":"object_type",
              "type":"int",
              "value":8
            },
            {
              "name":"se_id",
              "type":"int",
              "value":9
            }
          ],
          "rotation":0,
          "type":"",
          "visible":true,
          "width":16,
          "x":416,
          "y":176
        },
        {
          "gid":3047,
          "height":16,
          "id":31,
          "name":"OpenTrigger",
          "properties":[
            {
              "name":"action_id",
              "type":"int",
              "value":5
            },
            {
              "name":"entity_id",
              "type":"int",
              "value":8
            },
            {
              "name":"link_object_id",
              "type":"int",
              "value":3
            },
            {
              "name":"object_id",
              "type":"int",
              "value":0
            },
            {
              "name":"object_type",
              "type":"int",
              "value":8
            },
            {
              "name":"se_id",
              "type":"int",
              "value":9
            }
          ],
          "rotation":0,
          "type":"",
          "visible":true,
          "width":16,
          "x":464,
          "y":464
        },
        {
          "gid":3047,
          "height":16,
          "id":32,
          "name":"OpenTrigger",
          "properties":[
            {
              "name":"action_id",
              "type":"int",
              "value":5
            },
            {
              "name":"entity_id",
              "type":"int",
              "value":9
            },
            {
              "name":"link_object_id",
              "type":"int",
              "value":4
            },
            {
              "name":"object_id",
              "type":"int",
              "value":0
            },
            {
              "name":"object_type",
              "type":"int",
              "value":8
            },
            {
              "name":"se_id",
              "type":"int",
              "value":9
            }
          ],
          "rotation":0,
          "type":"",
          "visible":true,
          "width":16,
          "x":176,
          "y":896
        },
        {
          "gid":3047,
          "height":16,
          "id":33,
          "name":"OpenTrigger",
          "properties":[
            {
              "name":"action_id",
              "type":"int",
              "value":5
            },
            {
              "name":"entity_id",
              "type":"int",
              "value":10
            },
            {
              "name":"link_object_id",
              "type":"int",
              "value":5
            },
            {
              "name":"object_id",
              "type":"int",
              "value":0
            },
            {
              "name":"object_type",
              "type":"int",
              "value":8
            },
            {
              "name":"se_id",
              "type":"int",
              "value":9
            }
          ],
          "rotation":0,
          "type":"",
          "visible":true,
          "width":16,
          "x":512,
          "y":848
        },
        {
          "gid":3047,
          "height":16,
          "id":34,
          "name":"OpenTrigger",
          "properties":[
            {
              "name":"action_id",
              "type":"int",
              "value":5
            },
            {
              "name":"entity_id",
              "type":"int",
              "value":11
            },
            {
              "name":"link_object_id",
              "type":"int",
              "value":6
            },
            {
              "name":"object_id",
              "type":"int",
              "value":0
            },
            {
              "name":"object_type",
              "type":"int",
              "value":8
            },
            {
              "name":"se_id",
              "type":"int",
              "value":9
            }
          ],
          "rotation":0,
          "type":"",
          "visible":true,
          "width":16,
          "x":752,
          "y":960
        },
        {
          "gid":3041,
          "height":16,
          "id":35,
          "name":"ToUpper",
          "properties":[
            {
              "name":"action_id",
              "type":"int",
              "value":1
            },
            {
              "name":"direction",
              "type":"int",
              "value":0
            },
            {
              "name":"entity_id",
              "type":"int",
              "value":30
            },
            {
              "name":"layer",
              "type":"int",
              "value":2
            },
            {
              "name":"link_object_id",
              "type":"int",
              "value":0
            },
            {
              "name":"object_id",
              "type":"int",
              "value":0
            },
            {
              "name":"object_type",
              "type":"int",
              "value":4
            },
            {
              "name":"script_id",
              "type":"int",
              "value":0
            }
          ],
          "rotation":0,
          "type":"",
          "visible":true,
          "width":16,
          "x":816,
          "y":496
        },
        {
          "gid":3041,
          "height":16,
          "id":36,
          "name":"ToUpper",
          "properties":[
            {
              "name":"action_id",
              "type":"int",
              "value":1
            },
            {
              "name":"direction",
              "type":"int",
              "value":0
            },
            {
              "name":"entity_id",
              "type":"int",
              "value":31
            },
            {
              "name":"layer",
              "type":"int",
              "value":2
            },
            {
              "name":"link_object_id",
              "type":"int",
              "value":0
            },
            {
              "name":"object_id",
              "type":"int",
              "value":0
            },
            {
              "name":"object_type",
              "type":"int",
              "value":4
            },
            {
              "name":"script_id",
              "type":"int",
              "value":0
            }
          ],
          "rotation":0,
          "type":"",
          "visible":true,
          "width":16,
          "x":416,
          "y":192
        },
        {
          "gid":3041,
          "height":16,
          "id":37,
          "name":"ToUpper",
          "properties":[
            {
              "name":"action_id",
              "type":"int",
              "value":1
            },
            {
              "name":"direction",
              "type":"int",
              "value":0
            },
            {
              "name":"entity_id",
              "type":"int",
              "value":32
            },
            {
              "name":"layer",
              "type":"int",
              "value":2
            },
            {
              "name":"link_object_id",
              "type":"int",
              "value":0
            },
            {
              "name":"object_id",
              "type":"int",
              "value":0
            },
            {
              "name":"object_type",
              "type":"int",
              "value":4
            },
            {
              "name":"script_id",
              "type":"int",
              "value":0
            }
          ],
          "rotation":0,
          "type":"",
          "visible":true,
          "width":16,
          "x":464,
          "y":480
        },
        {
          "gid":3041,
          "height":16,
          "id":38,
          "name":"ToUpper",
          "properties":[
            {
              "name":"action_id",
              "type":"int",
              "value":1
            },
            {
              "name":"direction",
              "type":"int",
              "value":0
            },
            {
              "name":"entity_id",
              "type":"int",
              "value":33
            },
            {
              "name":"layer",
              "type":"int",
              "value":2
            },
            {
              "name":"link_object_id",
              "type":"int",
              "value":0
            },
            {
              "name":"object_id",
              "type":"int",
              "value":0
            },
            {
              "name":"object_type",
              "type":"int",
              "value":4
            },
            {
              "name":"script_id",
              "type":"int",
              "value":0
            }
          ],
          "rotation":0,
          "type":"",
          "visible":true,
          "width":16,
          "x":176,
          "y":912
        },
        {
          "gid":3041,
          "height":16,
          "id":39,
          "name":"ToUpper",
          "properties":[
            {
              "name":"action_id",
              "type":"int",
              "value":1
            },
            {
              "name":"direction",
              "type":"int",
              "value":0
            },
            {
              "name":"entity_id",
              "type":"int",
              "value":34
            },
            {
              "name":"layer",
              "type":"int",
              "value":2
            },
            {
              "name":"link_object_id",
              "type":"int",
              "value":0
            },
            {
              "name":"object_id",
              "type":"int",
              "value":0
            },
            {
              "name":"object_type",
              "type":"int",
              "value":4
            },
            {
              "name":"script_id",
              "type":"int",
              "value":0
            }
          ],
          "rotation":0,
          "type":"",
          "visible":true,
          "width":16,
          "x":512,
          "y":864
        },
        {
          "gid":3041,
          "height":16,
          "id":40,
          "name":"ToUpper",
          "properties":[
            {
              "name":"action_id",
              "type":"int",
              "value":1
            },
            {
              "name":"direction",
              "type":"int",
              "value":0
            },
            {
              "name":"entity_id",
              "type":"int",
              "value":35
            },
            {
              "name":"layer",
              "type":"int",
              "value":2
            },
            {
              "name":"link_object_id",
              "type":"int",
              "value":0
            },
            {
              "name":"object_id",
              "type":"int",
              "value":0
            },
            {
              "name":"object_type",
              "type":"int",
              "value":4
            },
            {
              "name":"script_id",
              "type":"int",
              "value":0
            }
          ],
          "rotation":0,
          "type":"",
          "visible":true,
          "width":16,
          "x":752,
          "y":976
        },
        {
          "gid":3071,
          "height":16,
          "id":41,
          "name":"\u30e9\u30a4\u30c8\u30a2\u30af\u30b9",
          "properties":[
            {
              "name":"accept_action_direction",
              "type":"int",
              "value":15
            },
            {
              "name":"action_id",
              "type":"int",
              "value":6
            },
            {
              "name":"asset_id",
              "type":"int",
              "value":0
            },
            {
              "name":"collision",
              "type":"bool",
              "value":true
            },
            {
              "name":"content_id",
              "type":"int",
              "value":110
            },
            {
              "name":"content_num",
              "type":"int",
              "value":1
            },
            {
              "name":"direction",
              "type":"int",
              "value":15
            },
            {
              "name":"entity_id",
              "type":"int",
              "value":12
            },
            {
              "name":"flag_id",
              "type":"int",
              "value":136
            },
            {
              "name":"interactive_icon_type",
              "type":"int",
              "value":5
            },
            {
              "name":"link_object_id",
              "type":"int",
              "value":100
            },
            {
              "name":"message_key",
              "type":"string",
              "value":"MSG_OTHER_11"
            },
            {
              "name":"object_id",
              "type":"int",
              "value":0
            },
            {
              "name":"object_type",
              "type":"int",
              "value":7
            },
            {
              "name":"pick_up",
              "type":"bool",
              "value":false
            },
            {
              "name":"script_id",
              "type":"int",
              "value":0
            },
            {
              "name":"se_id",
              "type":"int",
              "value":909
            },
            {
              "name":"talk_target_transportation_ids",
              "type":"string",
              "value":""
            }
          ],
          "rotation":0,
          "type":"",
          "visible":false,
          "width":16,
          "x":160,
          "y":832
        },
        {
          "gid":3071,
          "height":16,
          "id":42,
          "name":"1300\u30ae\u30eb",
          "properties":[
            {
              "name":"accept_action_direction",
              "type":"int",
              "value":15
            },
            {
              "name":"action_id",
              "type":"int",
              "value":6
            },
            {
              "name":"asset_id",
              "type":"int",
              "value":0
            },
            {
              "name":"collision",
              "type":"bool",
              "value":true
            },
            {
              "name":"content_id",
              "type":"int",
              "value":1
            },
            {
              "name":"content_num",
              "type":"int",
              "value":1300
            },
            {
              "name":"direction",
              "type":"int",
              "value":15
            },
            {
              "name":"entity_id",
              "type":"int",
              "value":13
            },
            {
              "name":"flag_id",
              "type":"int",
              "value":135
            },
            {
              "name":"interactive_icon_type",
              "type":"int",
              "value":5
            },
            {
              "name":"link_object_id",
              "type":"int",
              "value":101
            },
            {
              "name":"message_key",
              "type":"string",
              "value":"MSG_OTHER_12"
            },
            {
              "name":"object_id",
              "type":"int",
              "value":0
            },
            {
              "name":"object_type",
              "type":"int",
              "value":7
            },
            {
              "name":"pick_up",
              "type":"bool",
              "value":false
            },
            {
              "name":"script_id",
              "type":"int",
              "value":0
            },
            {
              "name":"se_id",
              "type":"int",
              "value":909
            },
            {
              "name":"talk_target_transportation_ids",
              "type":"string",
              "value":""
            }
          ],
          "rotation":0,
          "type":"",
          "visible":false,
          "width":16,
          "x":560,
          "y":496
        },
        {
          "gid":3071,
          "height":16,
          "id":43,
          "name":"\u30c0\u30a4\u30e4\u30a2\u30fc\u30de\u30fc",
          "properties":[
            {
              "name":"accept_action_direction",
              "type":"int",
              "value":15
            },
            {
              "name":"action_id",
              "type":"int",
              "value":6
            },
            {
              "name":"asset_id",
              "type":"int",
              "value":0
            },
            {
              "name":"collision",
              "type":"bool",
              "value":true
            },
            {
              "name":"content_id",
              "type":"int",
              "value":153
            },
            {
              "name":"content_num",
              "type":"int",
              "value":1
            },
            {
              "name":"direction",
              "type":"int",
              "value":15
            },
            {
              "name":"entity_id",
              "type":"int",
              "value":14
            },
            {
              "name":"flag_id",
              "type":"int",
              "value":134
            },
            {
              "name":"interactive_icon_type",
              "type":"int",
              "value":5
            },
            {
              "name":"link_object_id",
              "type":"int",
              "value":102
            },
            {
              "name":"message_key",
              "type":"string",
              "value":"MSG_OTHER_11"
            },
            {
              "name":"object_id",
              "type":"int",
              "value":0
            },
            {
              "name":"object_type",
              "type":"int",
              "value":7
            },
            {
              "name":"pick_up",
              "type":"bool",
              "value":false
            },
            {
              "name":"script_id",
              "type":"int",
              "value":0
            },
            {
              "name":"se_id",
              "type":"int",
              "value":909
            },
            {
              "name":"talk_target_transportation_ids",
              "type":"string",
              "value":""
            }
          ],
          "rotation":0,
          "type":"",
          "visible":false,
          "width":16,
          "x":464,
          "y":112
        },
        {
          "gid":3071,
          "height":16,
          "id":44,
          "name":"\u307e\u3058\u3085\u3064\u306e\u3064\u3048",
          "properties":[
            {
              "name":"accept_action_direction",
              "type":"int",
              "value":15
            },
            {
              "name":"action_id",
              "type":"int",
              "value":6
            },
            {
              "name":"asset_id",
              "type":"int",
              "value":0
            },
            {
              "name":"collision",
              "type":"bool",
              "value":true
            },
            {
              "name":"content_id",
              "type":"int",
              "value":121
            },
            {
              "name":"content_num",
              "type":"int",
              "value":1
            },
            {
              "name":"direction",
              "type":"int",
              "value":15
            },
            {
              "name":"entity_id",
              "type":"int",
              "value":15
            },
            {
              "name":"flag_id",
              "type":"int",
              "value":137
            },
            {
              "name":"interactive_icon_type",
              "type":"int",
              "value":5
            },
            {
              "name":"link_object_id",
              "type":"int",
              "value":103
            },
            {
              "name":"message_key",
              "type":"string",
              "value":"MSG_OTHER_11"
            },
            {
              "name":"object_id",
              "type":"int",
              "value":0
            },
            {
              "name":"object_type",
              "type":"int",
              "value":7
            },
            {
              "name":"pick_up",
              "type":"bool",
              "value":false
            },
            {
              "name":"script_id",
              "type":"int",
              "value":0
            },
            {
              "name":"se_id",
              "type":"int",
              "value":909
            },
            {
              "name":"talk_target_transportation_ids",
              "type":"string",
              "value":""
            }
          ],
          "rotation":0,
          "type":"",
          "visible":false,
          "width":16,
          "x":560,
          "y":768
        },
        {
          "gid":3071,
          "height":16,
          "id":45,
          "name":"12350\u30ae\u30eb",
          "properties":[
            {
              "name":"accept_action_direction",
              "type":"int",
              "value":15
            },
            {
              "name":"action_id",
              "type":"int",
              "value":6
            },
            {
              "name":"asset_id",
              "type":"int",
              "value":0
            },
            {
              "name":"collision",
              "type":"bool",
              "value":true
            },
            {
              "name":"content_id",
              "type":"int",
              "value":1
            },
            {
              "name":"content_num",
              "type":"int",
              "value":12350
            },
            {
              "name":"direction",
              "type":"int",
              "value":15
            },
            {
              "name":"entity_id",
              "type":"int",
              "value":16
            },
            {
              "name":"flag_id",
              "type":"int",
              "value":138
            },
            {
              "name":"interactive_icon_type",
              "type":"int",
              "value":5
            },
            {
              "name":"link_object_id",
              "type":"int",
              "value":104
            },
            {
              "name":"message_key",
              "type":"string",
              "value":"MSG_OTHER_12"
            },
            {
              "name":"object_id",
              "type":"int",
              "value":0
            },
            {
              "name":"object_type",
              "type":"int",
              "value":7
            },
            {
              "name":"pick_up",
              "type":"bool",
              "value":false
            },
            {
              "name":"script_id",
              "type":"int",
              "value":0
            },
            {
              "name":"se_id",
              "type":"int",
              "value":909
            },
            {
              "name":"talk_target_transportation_ids",
              "type":"string",
              "value":""
            }
          ],
          "rotation":0,
          "type":"",
          "visible":false,
          "width":16,
          "x":752,
          "y":896
        },
        {
          "height":16,
          "id":46,
          "name":"TileAnimRegion",
          "properties":[
            {
              "name":"all_layers",
              "type":"bool",
              "value":true
            },
            {
              "name":"entity_id",
              "type":"int",
              "value":45
            },
            {
              "name":"object_id",
              "type":"int",
              "value":100
            },
            {
              "name":"object_type",
              "type":"int",
              "value":1
            },
            {
              "name":"reverse",
              "type":"bool",
              "value":false
            }
          ],
          "rotation":0,
          "type":"",
          "visible":true,
          "width":16,
          "x":160,
          "y":816
        },
        {
          "height":16,
          "id":47,
          "name":"TileAnimRegion",
          "properties":[
            {
              "name":"all_layers",
              "type":"bool",
              "value":true
            },
            {
              "name":"entity_id",
              "type":"int",
              "value":46
            },
            {
              "name":"object_id",
              "type":"int",
              "value":101
            },
            {
              "name":"object_type",
              "type":"int",
              "value":1
            },
            {
              "name":"reverse",
              "type":"bool",
              "value":false
            }
          ],
          "rotation":0,
          "type":"",
          "visible":true,
          "width":16,
          "x":560,
          "y":480
        },
        {
          "height":16,
          "id":48,
          "name":"TileAnimRegion",
          "properties":[
            {
              "name":"all_layers",
              "type":"bool",
              "value":true
            },
            {
              "name":"entity_id",
              "type":"int",
              "value":47
            },
            {
              "name":"object_id",
              "type":"int",
              "value":102
            },
            {
              "name":"object_type",
              "type":"int",
              "value":1
            },
            {
              "name":"reverse",
              "type":"bool",
              "value":false
            }
          ],
          "rotation":0,
          "type":"",
          "visible":true,
          "width":16,
          "x":464,
          "y":96
        },
        {
          "height":16,
          "id":49,
          "name":"TileAnimRegion",
          "properties":[
            {
              "name":"all_layers",
              "type":"bool",
              "value":true
            },
            {
              "name":"entity_id",
              "type":"int",
              "value":48
            },
            {
              "name":"object_id",
              "type":"int",
              "value":103
            },
            {
              "name":"object_type",
              "type":"int",
              "value":1
            },
            {
              "name":"reverse",
              "type":"bool",
              "value":false
            }
          ],
          "rotation":0,
          "type":"",
          "visible":true,
          "width":16,
          "x":560,
          "y":752
        },
        {
          "height":16,
          "id":50,
          "name":"TileAnimRegion",
          "properties":[
            {
              "name":"all_layers",
              "type":"bool",
              "value":true
            },
            {
              "name":"entity_id",
              "type":"int",
              "value":49
            },
            {
              "name":"object_id",
              "type":"int",
              "value":104
            },
            {
              "name":"object_type",
              "type":"int",
              "value":1
            },
            {
              "name":"reverse",
              "type":"bool",
              "value":false
            }
          ],
          "rotation":0,
          "type":"",
          "visible":true,
          "width":16,
          "x":752,
          "y":880
        }
      ],
      "opacity":1,
      "type":"objectgroup",
      "visible":true,
      "x":0,
      "y":0
    },
    {
      "draworder":"topdown",
      "id":12,
      "name":"UpperObject",
      "objects":[
        {
          "gid":3047,
          "height":16,
          "id":2,
          "name":"OpenTrigger",
          "properties":[
            {
              "name":"action_id",
              "type":"int",
              "value":5
            },
            {
              "name":"entity_id",
              "type":"int",
              "value":17
            },
            {
              "name":"link_object_id",
              "type":"int",
              "value":1
            },
            {
              "name":"object_id",
              "type":"int",
              "value":0
            },
            {
              "name":"object_type",
              "type":"int",
              "value":8
            },
            {
              "name":"se_id",
              "type":"int",
              "value":9
            }
          ],
          "rotation":0,
          "type":"",
          "visible":true,
          "width":16,
          "x":816,
          "y":480
        },
        {
          "gid":3047,
          "height":16,
          "id":3,
          "name":"OpenTrigger",
          "properties":[
            {
              "name":"action_id",
              "type":"int",
              "value":5
            },
            {
              "name":"entity_id",
              "type":"int",
              "value":18
            },
            {
              "name":"link_object_id",
              "type":"int",
              "value":2
            },
            {
              "name":"object_id",
              "type":"int",
              "value":0
            },
            {
              "name":"object_type",
              "type":"int",
              "value":8
            },
            {
              "name":"se_id",
              "type":"int",
              "value":9
            }
          ],
          "rotation":0,
          "type":"",
          "visible":true,
          "width":16,
          "x":416,
          "y":176
        },
        {
          "gid":3047,
          "height":16,
          "id":4,
          "name":"OpenTrigger",
          "properties":[
            {
              "name":"action_id",
              "type":"int",
              "value":5
            },
            {
              "name":"entity_id",
              "type":"int",
              "value":19
            },
            {
              "name":"link_object_id",
              "type":"int",
              "value":3
            },
            {
              "name":"object_id",
              "type":"int",
              "value":0
            },
            {
              "name":"object_type",
              "type":"int",
              "value":8
            },
            {
              "name":"se_id",
              "type":"int",
              "value":9
            }
          ],
          "rotation":0,
          "type":"",
          "visible":true,
          "width":16,
          "x":464,
          "y":464
        },
        {
          "gid":3047,
          "height":16,
          "id":5,
          "name":"OpenTrigger",
          "properties":[
            {
              "name":"action_id",
              "type":"int",
              "value":5
            },
            {
              "name":"entity_id",
              "type":"int",
              "value":20
            },
            {
              "name":"link_object_id",
              "type":"int",
              "value":4
            },
            {
              "name":"object_id",
              "type":"int",
              "value":0
            },
            {
              "name":"object_type",
              "type":"int",
              "value":8
            },
            {
              "name":"se_id",
              "type":"int",
              "value":9
            }
          ],
          "rotation":0,
          "type":"",
          "visible":true,
          "width":16,
          "x":176,
          "y":896
        },
        {
          "gid":3047,
          "height":16,
          "id":6,
          "name":"OpenTrigger",
          "properties":[
            {
              "name":"action_id",
              "type":"int",
              "value":5
            },
            {
              "name":"entity_id",
              "type":"int",
              "value":21
            },
            {
              "name":"link_object_id",
              "type":"int",
              "value":5
            },
            {
              "name":"object_id",
              "type":"int",
              "value":0
            },
            {
              "name":"object_type",
              "type":"int",
              "value":8
            },
            {
              "name":"se_id",
              "type":"int",
              "value":9
            }
          ],
          "rotation":0,
          "type":"",
          "visible":true,
          "width":16,
          "x":512,
          "y":848
        },
        {
          "gid":3047,
          "height":16,
          "id":7,
          "name":"OpenTrigger",
          "properties":[
            {
              "name":"action_id",
              "type":"int",
              "value":5
            },
            {
              "name":"entity_id",
              "type":"int",
              "value":22
            },
            {
              "name":"link_object_id",
              "type":"int",
              "value":6
            },
            {
              "name":"object_id",
              "type":"int",
              "value":0
            },
            {
              "name":"object_type",
              "type":"int",
              "value":8
            },
            {
              "name":"se_id",
              "type":"int",
              "value":9
            }
          ],
          "rotation":0,
          "type":"",
          "visible":true,
          "width":16,
          "x":752,
          "y":960
        },
        {
          "gid":3043,
          "height":16,
          "id":11,
          "name":"ToBottom",
          "properties":[
            {
              "name":"action_id",
              "type":"int",
              "value":1
            },
            {
              "name":"direction",
              "type":"int",
              "value":0
            },
            {
              "name":"entity_id",
              "type":"int",
              "value":36
            },
            {
              "name":"layer",
              "type":"int",
              "value":0
            },
            {
              "name":"link_object_id",
              "type":"int",
              "value":0
            },
            {
              "name":"object_id",
              "type":"int",
              "value":0
            },
            {
              "name":"object_type",
              "type":"int",
              "value":4
            },
            {
              "name":"script_id",
              "type":"int",
              "value":0
            }
          ],
          "rotation":0,
          "type":"",
          "visible":true,
          "width":16,
          "x":816,
          "y":480
        },
        {
          "gid":3043,
          "height":16,
          "id":12,
          "name":"ToBottom",
          "properties":[
            {
              "name":"action_id",
              "type":"int",
              "value":1
            },
            {
              "name":"direction",
              "type":"int",
              "value":0
            },
            {
              "name":"entity_id",
              "type":"int",
              "value":37
            },
            {
              "name":"layer",
              "type":"int",
              "value":0
            },
            {
              "name":"link_object_id",
              "type":"int",
              "value":0
            },
            {
              "name":"object_id",
              "type":"int",
              "value":0
            },
            {
              "name":"object_type",
              "type":"int",
              "value":4
            },
            {
              "name":"script_id",
              "type":"int",
              "value":0
            }
          ],
          "rotation":0,
          "type":"",
          "visible":true,
          "width":16,
          "x":416,
          "y":176
        },
        {
          "gid":3043,
          "height":16,
          "id":13,
          "name":"ToBottom",
          "properties":[
            {
              "name":"action_id",
              "type":"int",
              "value":1
            },
            {
              "name":"direction",
              "type":"int",
              "value":0
            },
            {
              "name":"entity_id",
              "type":"int",
              "value":38
            },
            {
              "name":"layer",
              "type":"int",
              "value":0
            },
            {
              "name":"link_object_id",
              "type":"int",
              "value":0
            },
            {
              "name":"object_id",
              "type":"int",
              "value":0
            },
            {
              "name":"object_type",
              "type":"int",
              "value":4
            },
            {
              "name":"script_id",
              "type":"int",
              "value":0
            }
          ],
          "rotation":0,
          "type":"",
          "visible":true,
          "width":16,
          "x":464,
          "y":464
        },
        {
          "gid":3043,
          "height":16,
          "id":14,
          "name":"ToBottom",
          "properties":[
            {
              "name":"action_id",
              "type":"int",
              "value":1
            },
            {
              "name":"direction",
              "type":"int",
              "value":0
            },
            {
              "name":"entity_id",
              "type":"int",
              "value":39
            },
            {
              "name":"layer",
              "type":"int",
              "value":0
            },
            {
              "name":"link_object_id",
              "type":"int",
              "value":0
            },
            {
              "name":"object_id",
              "type":"int",
              "value":0
            },
            {
              "name":"object_type",
              "type":"int",
              "value":4
            },
            {
              "name":"script_id",
              "type":"int",
              "value":0
            }
          ],
          "rotation":0,
          "type":"",
          "visible":true,
          "width":16,
          "x":176,
          "y":896
        },
        {
          "gid":3043,
          "height":16,
          "id":15,
          "name":"ToBottom",
          "properties":[
            {
              "name":"action_id",
              "type":"int",
              "value":1
            },
            {
              "name":"direction",
              "type":"int",
              "value":0
            },
            {
              "name":"entity_id",
              "type":"int",
              "value":40
            },
            {
              "name":"layer",
              "type":"int",
              "value":0
            },
            {
              "name":"link_object_id",
              "type":"int",
              "value":0
            },
            {
              "name":"object_id",
              "type":"int",
              "value":0
            },
            {
              "name":"object_type",
              "type":"int",
              "value":4
            },
            {
              "name":"script_id",
              "type":"int",
              "value":0
            }
          ],
          "rotation":0,
          "type":"",
          "visible":true,
          "width":16,
          "x":512,
          "y":848
        },
        {
          "gid":3043,
          "height":16,
          "id":16,
          "name":"ToBottom",
          "properties":[
            {
              "name":"action_id",
              "type":"int",
              "value":1
            },
            {
              "name":"direction",
              "type":"int",
              "value":0
            },
            {
              "name":"entity_id",
              "type":"int",
              "value":41
            },
            {
              "name":"layer",
              "type":"int",
              "value":0
            },
            {
              "name":"link_object_id",
              "type":"int",
              "value":0
            },
            {
              "name":"object_id",
              "type":"int",
              "value":0
            },
            {
              "name":"object_type",
              "type":"int",
              "value":4
            },
            {
              "name":"script_id",
              "type":"int",
              "value":0
            }
          ],
          "rotation":0,
          "type":"",
          "visible":true,
          "width":16,
          "x":752,
          "y":960
        },
        {
          "gid":3044,
          "height":16,
          "id":17,
          "name":"GotoMap",
          "properties":[
            {
              "name":"action_id",
              "type":"int",
              "value":3
            },
            {
              "name":"direction",
              "type":"int",
              "value":0
            },
            {
              "name":"entity_id",
              "type":"int",
              "value":23
            },
            {
              "name":"link_object_id",
              "type":"int",
              "value":0
            },
            {
              "name":"map_id",
              "type":"int",
              "value":98
            },
            {
              "name":"object_id",
              "type":"int",
              "value":0
            },
            {
              "name":"object_type",
              "type":"int",
              "value":3
            },
            {
              "name":"point_id",
              "type":"int",
              "value":2
            },
            {
              "name":"script_id",
              "type":"int",
              "value":0
            }
          ],
          "rotation":0,
          "type":"",
          "visible":true,
          "width":16,
          "x":912,
          "y":272
        },
        {
          "gid":3045,
          "height":16,
          "id":18,
          "name":"PointIn",
          "properties":[
            {
              "name":"direction",
              "type":"int",
              "value":4
            },
            {
              "name":"entity_id",
              "type":"int",
              "value":24
            },
            {
              "name":"link_object_id",
              "type":"int",
              "value":0
            },
            {
              "name":"object_id",
              "type":"int",
              "value":1
            },
            {
              "name":"object_type",
              "type":"int",
              "value":0
            },
            {
              "name":"title_id",
              "type":"string",
              "value":"MSGARA_NAME_09"
            },
            {
              "name":"title_type",
              "type":"int",
              "value":1
            }
          ],
          "rotation":0,
          "type":"",
          "visible":true,
          "width":16,
          "x":912,
          "y":288
        },
        {
          "gid":3045,
          "height":16,
          "id":19,
          "name":"PointIn",
          "properties":[
            {
              "name":"direction",
              "type":"int",
              "value":8
            },
            {
              "name":"entity_id",
              "type":"int",
              "value":25
            },
            {
              "name":"link_object_id",
              "type":"int",
              "value":0
            },
            {
              "name":"object_id",
              "type":"int",
              "value":2
            },
            {
              "name":"object_type",
              "type":"int",
              "value":0
            },
            {
              "name":"title_id",
              "type":"string",
              "value":"MSGARA_NAME_09"
            },
            {
              "name":"title_type",
              "type":"int",
              "value":1
            }
          ],
          "rotation":0,
          "type":"",
          "visible":true,
          "width":16,
          "x":832,
          "y":976
        },
        {
          "gid":3044,
          "height":16,
          "id":20,
          "name":"GotoMap",
          "properties":[
            {
              "name":"action_id",
              "type":"int",
              "value":3
            },
            {
              "name":"direction",
              "type":"int",
              "value":0
            },
            {
              "name":"entity_id",
              "type":"int",
              "value":26
            },
            {
              "name":"link_object_id",
              "type":"int",
              "value":0
            },
            {
              "name":"map_id",
              "type":"int",
              "value":103
            },
            {
              "name":"object_id",
              "type":"int",
              "value":0
            },
            {
              "name":"object_type",
              "type":"int",
              "value":3
            },
            {
              "name":"point_id",
              "type":"int",
              "value":1
            },
            {
              "name":"script_id",
              "type":"int",
              "value":0
            }
          ],
          "rotation":0,
          "type":"",
          "visible":true,
          "width":16,
          "x":848,
          "y":976
        },
        {
          "gid":3055,
          "height":16,
          "id":56,
          "name":"TelepoPoint",
          "properties":[
            {
              "name":"entity_id",
              "type":"int",
              "value":51
            },
            {
              "name":"goto_entity_id",
              "type":"int",
              "value":26
            },
            {
              "name":"object_type",
              "type":"int",
              "value":20
            },
            {
              "name":"pointin_entity_id",
              "type":"int",
              "value":25
            }
          ],
          "rotation":0,
          "type":"",
          "visible":true,
          "width":16,
          "x":832,
          "y":976
        },
        {
          "gid":3055,
          "height":16,
          "id":58,
          "name":"TelepoPoint",
          "properties":[
            {
              "name":"entity_id",
              "type":"int",
              "value":0
            },
            {
              "name":"goto_entity_id",
              "type":"int",
              "value":23
            },
            {
              "name":"object_type",
              "type":"int",
              "value":20
            },
            {
              "name":"pointin_entity_id",
              "type":"int",
              "value":24
            }
          ],
          "rotation":0,
          "type":"",
          "visible":true,
          "width":16,
          "x":912,
          "y":256
        }
      ],
      "opacity":1,
      "type":"objectgroup",
      "visible":true,
      "x":0,
      "y":0
    },
    {
      "draworder":"topdown",
      "id":13,
      "name":"MinimapObject",
      "objects":[
        {
          "gid":3017,
          "height":16,
          "id":52,
          "name":"\u968e\u6bb5",
          "properties":[
            {
              "name":"direction",
              "type":"int",
              "value":4
            },
            {
              "name":"entity_id",
              "type":"int",
              "value":43
            },
            {
              "name":"minimap_icon_type",
              "type":"int",
              "value":2
            },
            {
              "name":"object_id",
              "type":"int",
              "value":0
            },
            {
              "name":"object_type",
              "type":"int",
              "value":18
            }
          ],
          "rotation":0,
          "type":"",
          "visible":true,
          "width":16,
          "x":912,
          "y":272
        },
        {
          "gid":3017,
          "height":16,
          "id":54,
          "name":"\u968e\u6bb5",
          "properties":[
            {
              "name":"direction",
              "type":"int",
              "value":1
            },
            {
              "name":"entity_id",
              "type":"int",
              "value":44
            },
            {
              "name":"minimap_icon_type",
              "type":"int",
              "value":2
            },
            {
              "name":"object_id",
              "type":"int",
              "value":0
            },
            {
              "name":"object_type",
              "type":"int",
              "value":18
            }
          ],
          "rotation":0,
          "type":"",
          "visible":true,
          "width":16,
          "x":848,
          "y":976
        }
      ],
      "opacity":1,
      "type":"objectgroup",
      "visible":false,
      "x":0,
      "y":0
    }
  ],
  "name":"DefaultObjectGroup",
  "opacity":1,
  "type":"group",
  "visible":true,
  "x":0,
  "y":0,
  "width":66,
  "height":67
}
