{
  "id":15,
  "layers":[
    {
      "draworder":"topdown",
      "id":25,
      "name":"BottomObject",
      "objects":[
        {
          "gid":2048,
          "height":16,
          "id":77,
          "name":"\u30c9\u30ef\u30fc\u30d5(\u30b9\u30df\u30b9)(\u8d64\u306e\u7fbd\u6839\u3064\u304d\u5e3d\u5b50)",
          "properties":[
            {
              "name":"accept_action_direction",
              "type":"int",
              "value":15
            },
            {
              "name":"action_id",
              "type":"int",
              "value":4
            },
            {
              "name":"affected",
              "type":"bool",
              "value":false
            },
            {
              "name":"asset_id",
              "type":"int",
              "value":63
            },
            {
              "name":"birdview_puppet",
              "type":"bool",
              "value":false
            },
            {
              "name":"direction",
              "type":"int",
              "value":8
            },
            {
              "name":"entity_id",
              "type":"int",
              "value":40
            },
            {
              "name":"eye_contact",
              "type":"bool",
              "value":true
            },
            {
              "name":"flight_altitude_ratio",
              "type":"float",
              "value":1
            },
            {
              "name":"idling",
              "type":"bool",
              "value":true
            },
            {
              "name":"link_object_id",
              "type":"int",
              "value":0
            },
            {
              "name":"message_key",
              "type":"string",
              "value":"MSG_DWF_CAV_01"
            },
            {
              "name":"move_interval_id",
              "type":"int",
              "value":0
            },
            {
              "name":"move_speed_id",
              "type":"int",
              "value":0
            },
            {
              "name":"move_step",
              "type":"int",
              "value":0
            },
            {
              "name":"move_type",
              "type":"int",
              "value":1
            },
            {
              "name":"move_while_display_message",
              "type":"bool",
              "value":false
            },
            {
              "name":"object_id",
              "type":"int",
              "value":0
            },
            {
              "name":"object_type",
              "type":"int",
              "value":6
            },
            {
              "name":"pushed",
              "type":"bool",
              "value":true
            },
            {
              "name":"script_id",
              "type":"int",
              "value":0
            },
            {
              "name":"target_character_status_id",
              "type":"int",
              "value":0
            },
            {
              "name":"turn_around",
              "type":"bool",
              "value":true
            },
            {
              "name":"visible_minimap",
              "type":"bool",
              "value":false
            }
          ],
          "rotation":0,
          "type":"",
          "visible":true,
          "width":16,
          "x":288,
          "y":112
        }
      ],
      "opacity":1,
      "type":"objectgroup",
      "visible":true,
      "x":0,
      "y":0
    },
    {
      "draworder":"topdown",
      "id":20,
      "name":"UpperObject",
      "objects":[
        {
          "gid":2048,
          "height":16,
          "id":52,
          "name":"\u30c9\u30ef\u30fc\u30d5(\u30cd\u30ea\u30af)(\u7dd1\u306e\u5e3d\u5b50)",
          "properties":[
            {
              "name":"accept_action_direction",
              "type":"int",
              "value":15
            },
            {
              "name":"action_id",
              "type":"int",
              "value":4
            },
            {
              "name":"affected",
              "type":"bool",
              "value":false
            },
            {
              "name":"asset_id",
              "type":"int",
              "value":62
            },
            {
              "name":"birdview_puppet",
              "type":"bool",
              "value":false
            },
            {
              "name":"direction",
              "type":"int",
              "value":4
            },
            {
              "name":"entity_id",
              "type":"int",
              "value":52
            },
            {
              "name":"eye_contact",
              "type":"bool",
              "value":true
            },
            {
              "name":"flight_altitude_ratio",
              "type":"float",
              "value":1
            },
            {
              "name":"idling",
              "type":"bool",
              "value":true
            },
            {
              "name":"link_object_id",
              "type":"int",
              "value":0
            },
            {
              "name":"message_key",
              "type":"string",
              "value":"MSG_DWF_CAV_16"
            },
            {
              "name":"move_interval_id",
              "type":"int",
              "value":0
            },
            {
              "name":"move_speed_id",
              "type":"int",
              "value":0
            },
            {
              "name":"move_step",
              "type":"int",
              "value":0
            },
            {
              "name":"move_type",
              "type":"int",
              "value":1
            },
            {
              "name":"move_while_display_message",
              "type":"bool",
              "value":false
            },
            {
              "name":"object_id",
              "type":"int",
              "value":0
            },
            {
              "name":"object_type",
              "type":"int",
              "value":6
            },
            {
              "name":"pushed",
              "type":"bool",
              "value":true
            },
            {
              "name":"script_id",
              "type":"int",
              "value":0
            },
            {
              "name":"target_character_status_id",
              "type":"int",
              "value":0
            },
            {
              "name":"turn_around",
              "type":"bool",
              "value":true
            },
            {
              "name":"visible_minimap",
              "type":"bool",
              "value":false
            }
          ],
          "rotation":0,
          "type":"",
          "visible":true,
          "width":16,
          "x":416,
          "y":848
        },
        {
          "gid":2025,
          "height":16,
          "id":113,
          "name":"\u30ab\u30ae\u306e\u304b\u304b\u3063\u305f\u6249",
          "properties":[
            {
              "name":"accept_action_direction",
              "type":"int",
              "value":15
            },
            {
              "name":"action_id",
              "type":"int",
              "value":4
            },
            {
              "name":"affected",
              "type":"bool",
              "value":true
            },
            {
              "name":"asset_id",
              "type":"int",
              "value":0
            },
            {
              "name":"birdview_puppet",
              "type":"bool",
              "value":false
            },
            {
              "name":"collision",
              "type":"bool",
              "value":true
            },
            {
              "name":"direction",
              "type":"int",
              "value":0
            },
            {
              "name":"entity_id",
              "type":"int",
              "value":90
            },
            {
              "name":"flight_altitude_ratio",
              "type":"float",
              "value":1
            },
            {
              "name":"gimmick",
              "type":"bool",
              "value":false
            },
            {
              "name":"interactive_icon_type",
              "type":"int",
              "value":5
            },
            {
              "name":"link_object_id",
              "type":"int",
              "value":0
            },
            {
              "name":"message_key",
              "type":"string",
              "value":"MSG_WST_CAS_03"
            },
            {
              "name":"object_id",
              "type":"int",
              "value":0
            },
            {
              "name":"object_type",
              "type":"int",
              "value":5
            },
            {
              "name":"script_id",
              "type":"int",
              "value":0
            },
            {
              "name":"se_id",
              "type":"int",
              "value":0
            },
            {
              "name":"target_transportation_ids",
              "type":"string",
              "value":""
            },
            {
              "name":"visible_minimap",
              "type":"bool",
              "value":false
            }
          ],
          "rotation":0,
          "type":"",
          "visible":true,
          "width":16,
          "x":224,
          "y":864
        }
      ],
      "opacity":1,
      "type":"objectgroup",
      "visible":true,
      "x":0,
      "y":0
    }
  ],
  "name":"ev_e_0010",
  "opacity":1,
  "type":"group",
  "visible":false,
  "x":0,
  "y":0,
  "width":46,
  "height":67
}
