{
  "Name" : "BattleAI-monster-Evil Eye",
  "Title": {
    "main": "イビルアイAIスクリプト"
  },
  "EntryPoint" : 0,
  "Count" : 1,
    "Mnemonics": [
        {
            "label": "0000",
            "mnemonic": "Nop",
            "comment": "ジャンプ先"
        },
        {
            "label": "0001",
            "mnemonic": "SyncAI",
            "operands": {
                "iValues": [ 6 ]
            },
            "comment": "行動準備が可能になるまでこのステップで待機"
        },
        {
            "label": "0002",
            "mnemonic": "StartTable",
            "operands": {
                "iValues": [ 0 ]
            },
            "comment": "行動テーブル始め"
        },

        {
            "label": "0003",
            "mnemonic": "Act",
            "operands": {
		"iValues":[1, 11, 14, 20, 26, 27, 51, 59, 68, 71, 72, 76, 77, 95 ],
		"rValues":[40, 6, 8, 8, 8, 5, 2, 2, 2, 2, 2, 2, 8, 5 ]
            }
        },
        {
            "label": "0004",
            "mnemonic": "EndTable",
            "comment": "行動テーブル終わり"
        },
        {
            "label": "0005",
            "mnemonic": "JumpBattleAI",
            "operands": {
                "iValues": [ 0 ]
            }
        },
        {
            "label": "0006",
            "mnemonic": "Nop",
            "comment": "バトル終了"
        },
        {
            "label": "0007",
            "mnemonic": "Exit"
        }
    ]
}
