{
  "Name" : "BattleAI-monster-Dark Wizard",
  "Title": {
    "main": "ダークウィザードAIスクリプト"
  },
  "EntryPoint" : 0,
  "Count" : 1,
    "Mnemonics": [
        {
            "label": "0000",
            "mnemonic": "Nop",
            "comment": "ジャンプ先"
        },
        {
            "label": "0001",
            "mnemonic": "SyncAI",
            "operands": {
                "iValues": [ 6 ]
            },
            "comment": "行動準備が可能になるまでこのステップで待機"
        },
        {
            "label": "0002",
            "mnemonic": "StartTable",
            "operands": {
                "iValues": [ 0 ]
            },
            "comment": "行動テーブル始め"
        },

        {
            "label": "0003",
            "mnemonic": "Act",
            "operands": {
		"iValues": [1, 41, 43, 44, 49, 51, 52, 95 ],
		"rValues": [50, 10, 3, 15, 10, 2, 5, 5 ]
            }
        },
        {
            "label": "0004",
            "mnemonic": "EndTable",
            "comment": "行動テーブル終わり"
        },
        {
            "label": "0005",
            "mnemonic": "JumpBattleAI",
            "operands": {
                "iValues": [ 0 ]
            }
        },
        {
            "label": "0006",
            "mnemonic": "Nop",
            "comment": "バトル終了"
        },
        {
            "label": "0007",
            "mnemonic": "Exit"
        }
    ]
}
