{
  "Name" : "BattleAI-monster-Death Eye",
  "Title": {
    "main": "デスアイAIスクリプト"
  },
  "EntryPoint" : 0,
  "Count" : 1,
    "Mnemonics": [
        {
            "label": "0000",
            "mnemonic": "Nop",
            "comment": "ジャンプ先"
        },
        {
            "label": "0001",
            "mnemonic": "SyncAI",
            "operands": {
                "iValues": [ 6 ]
            },
            "comment": "行動準備が可能になるまでこのステップで待機"
        },
        {
            "label": "0002",
            "mnemonic": "StartTable",
            "operands": {
                "iValues": [ 0 ]
            },
            "comment": "行動テーブル始め"
        },

        {
            "label": "0003",
            "mnemonic": "Act",
            "operands": {
		"iValues":[1, 14, 20, 27, 51, 59, 64, 66, 67, 78, 95 ],
		"rValues": [40, 10, 10, 6, 4, 4, 9, 2, 6, 4, 5 ]
            }
        },
        {
            "label": "0004",
            "mnemonic": "EndTable",
            "comment": "行動テーブル終わり"
        },
        {
            "label": "0005",
            "mnemonic": "JumpBattleAI",
            "operands": {
                "iValues": [ 0 ]
            }
        },
        {
            "label": "0006",
            "mnemonic": "Nop",
            "comment": "バトル終了"
        },
        {
            "label": "0007",
            "mnemonic": "Exit"
        }
    ]
}
