{
  "Name" : "BattleAI-monster-Tiamat",
  "Title": {
    "main": "ティアマット(2回目)AIスクリプト"
  },
  "EntryPoint" : 0,
  "Count" : 1,
    "Mnemonics": [
        {
            "label": "0000",
            "mnemonic": "Nop",
            "comment": "ジャンプ先"
        },
        {
            "label": "0001",
            "mnemonic": "SyncAI",
            "operands": {
                "iValues": [ 6 ]
            },
            "comment": "行動準備が可能になるまでこのステップで待機"
        },
        {
            "label": "0002",
            "mnemonic": "StartTable",
            "operands": {
                "iValues": [ 0 ]
            },
            "comment": "行動テーブル始め"
        },

        {
            "label": "0003",
            "mnemonic": "Act",
            "operands": {
                "iValues": [ 1, 25, 26, 36, 43, 79, 80, 85, 86 ],
                "rValues": [ 25, 14, 14, 14, 3, 7, 7, 7, 7 ]
            }
        },
        {
            "label": "0004",
            "mnemonic": "EndTable",
            "comment": "行動テーブル終わり"
        },
        {
            "label": "0005",
            "mnemonic": "JumpBattleAI",
            "operands": {
                "iValues": [ 0 ]
            }
        },
        {
            "label": "0006",
            "mnemonic": "Nop",
            "comment": "バトル終了"
        },
        {
            "label": "0007",
            "mnemonic": "Exit"
        }
    ]
}
