{
    "animation": [
        {
            "name": "Default",
            "frames": [
                {
                    "sprite_name": "Default_01",
                    "offsetx": 0.0,
                    "offsety": 0.0,
                    "alpha": 1.0,
                    "rgb": {
                        "r": 1.0,
                        "g": 1.0,
                        "b": 1.0,
                        "a": 1.0
                    },
                    "flip": false
                },
                {
                    "sprite_name": "Default_00",
                    "offsetx": 0.0,
                    "offsety": 0.0,
                    "alpha": 1.0,
                    "rgb": {
                        "r": 1.0,
                        "g": 1.0,
                        "b": 1.0,
                        "a": 1.0
                    },
                    "flip": false
                }
            ],
            "play_speed": 0.10000000149011612,
            "play_mode": 1,
            "is_reverse": false,
            "next_anim_name": ""
        },
        {
            "name": "WalkL",
            "frames": [
                {
                    "sprite_name": "WalkL_01",
                    "offsetx": 0.0,
                    "offsety": 0.0,
                    "alpha": 1.0,
                    "rgb": {
                        "r": 1.0,
                        "g": 1.0,
                        "b": 1.0,
                        "a": 1.0
                    },
                    "flip": false
                },
                {
                    "sprite_name": "WalkL_00",
                    "offsetx": 0.0,
                    "offsety": 0.0,
                    "alpha": 1.0,
                    "rgb": {
                        "r": 1.0,
                        "g": 1.0,
                        "b": 1.0,
                        "a": 1.0
                    },
                    "flip": false
                }
            ],
            "play_speed": 0.10000000149011612,
            "play_mode": 1,
            "is_reverse": false,
            "next_anim_name": ""
        },
        {
            "name": "WalkR",
            "frames": [
                {
                    "sprite_name": "WalkL_01",
                    "offsetx": 0.0,
                    "offsety": 0.0,
                    "alpha": 1.0,
                    "rgb": {
                        "r": 1.0,
                        "g": 1.0,
                        "b": 1.0,
                        "a": 1.0
                    },
                    "flip": false
                },
                {
                    "sprite_name": "WalkL_00",
                    "offsetx": 0.0,
                    "offsety": 0.0,
                    "alpha": 1.0,
                    "rgb": {
                        "r": 1.0,
                        "g": 1.0,
                        "b": 1.0,
                        "a": 1.0
                    },
                    "flip": false
                }
            ],
            "play_speed": 0.10000000149011612,
            "play_mode": 1,
            "is_reverse": true,
            "next_anim_name": ""
        },
        {
            "name": "WalkB",
            "frames": [
                {
                    "sprite_name": "WalkB_01",
                    "offsetx": 0.0,
                    "offsety": 0.0,
                    "alpha": 1.0,
                    "rgb": {
                        "r": 1.0,
                        "g": 1.0,
                        "b": 1.0,
                        "a": 1.0
                    },
                    "flip": false
                },
                {
                    "sprite_name": "WalkB_00",
                    "offsetx": 0.0,
                    "offsety": 0.0,
                    "alpha": 1.0,
                    "rgb": {
                        "r": 1.0,
                        "g": 1.0,
                        "b": 1.0,
                        "a": 1.0
                    },
                    "flip": false
                }
            ],
            "play_speed": 0.10000000149011612,
            "play_mode": 1,
            "is_reverse": false,
            "next_anim_name": ""
        },
        {
            "name": "AirToSea",
            "frames": [
                {
                    "sprite_name": "AirToSea_00",
                    "offsetx": 0.0,
                    "offsety": 0.0,
                    "alpha": 1.0,
                    "rgb": {
                        "r": 1.0,
                        "g": 1.0,
                        "b": 1.0,
                        "a": 1.0
                    },
                    "flip": false
                },
                {
                    "sprite_name": "AirToSea_01",
                    "offsetx": 0.0,
                    "offsety": 0.0,
                    "alpha": 1.0,
                    "rgb": {
                        "r": 1.0,
                        "g": 1.0,
                        "b": 1.0,
                        "a": 1.0
                    },
                    "flip": false
                },
                {
                    "sprite_name": "AirToSea_02",
                    "offsetx": 0.0,
                    "offsety": 0.0,
                    "alpha": 1.0,
                    "rgb": {
                        "r": 1.0,
                        "g": 1.0,
                        "b": 1.0,
                        "a": 1.0
                    },
                    "flip": false
                },
                {
                    "sprite_name": "AirToSea_03",
                    "offsetx": 0.0,
                    "offsety": 0.0,
                    "alpha": 1.0,
                    "rgb": {
                        "r": 1.0,
                        "g": 1.0,
                        "b": 1.0,
                        "a": 1.0
                    },
                    "flip": false
                }
            ],
            "play_speed": 0.800000011920929,
            "play_mode": 0,
            "is_reverse": false,
            "next_anim_name": ""
        },
        {
            "name": "SeaDefault",
            "frames": [
                {
                    "sprite_name": "SeaDefault_01",
                    "offsetx": 0.0,
                    "offsety": 0.0,
                    "alpha": 1.0,
                    "rgb": {
                        "r": 1.0,
                        "g": 1.0,
                        "b": 1.0,
                        "a": 1.0
                    },
                    "flip": false
                },
                {
                    "sprite_name": "SeaDefault_00",
                    "offsetx": 0.0,
                    "offsety": 0.0,
                    "alpha": 1.0,
                    "rgb": {
                        "r": 1.0,
                        "g": 1.0,
                        "b": 1.0,
                        "a": 1.0
                    },
                    "flip": false
                }
            ],
            "play_speed": 0.4000000059604645,
            "play_mode": 1,
            "is_reverse": false,
            "next_anim_name": ""
        },
        {
            "name": "SeaWalkB",
            "frames": [
                {
                    "sprite_name": "SeaWalkB_01",
                    "offsetx": 0.0,
                    "offsety": 0.0,
                    "alpha": 1.0,
                    "rgb": {
                        "r": 1.0,
                        "g": 1.0,
                        "b": 1.0,
                        "a": 1.0
                    },
                    "flip": false
                },
                {
                    "sprite_name": "SeaWalkB_00",
                    "offsetx": 0.0,
                    "offsety": 0.0,
                    "alpha": 1.0,
                    "rgb": {
                        "r": 1.0,
                        "g": 1.0,
                        "b": 1.0,
                        "a": 1.0
                    },
                    "flip": false
                }
            ],
            "play_speed": 0.4000000059604645,
            "play_mode": 1,
            "is_reverse": false,
            "next_anim_name": ""
        },
        {
            "name": "SeaWalkL",
            "frames": [
                {
                    "sprite_name": "SeaWalkL_01",
                    "offsetx": 0.0,
                    "offsety": 0.0,
                    "alpha": 1.0,
                    "rgb": {
                        "r": 1.0,
                        "g": 1.0,
                        "b": 1.0,
                        "a": 1.0
                    },
                    "flip": false
                },
                {
                    "sprite_name": "SeaWalkL_00",
                    "offsetx": 0.0,
                    "offsety": 0.0,
                    "alpha": 1.0,
                    "rgb": {
                        "r": 1.0,
                        "g": 1.0,
                        "b": 1.0,
                        "a": 1.0
                    },
                    "flip": false
                }
            ],
            "play_speed": 0.4000000059604645,
            "play_mode": 1,
            "is_reverse": false,
            "next_anim_name": ""
        },
        {
            "name": "SeaWalkR",
            "frames": [
                {
                    "sprite_name": "SeaWalkL_01",
                    "offsetx": 0.0,
                    "offsety": 0.0,
                    "alpha": 1.0,
                    "rgb": {
                        "r": 1.0,
                        "g": 1.0,
                        "b": 1.0,
                        "a": 1.0
                    },
                    "flip": false
                },
                {
                    "sprite_name": "SeaWalkL_00",
                    "offsetx": 0.0,
                    "offsety": 0.0,
                    "alpha": 1.0,
                    "rgb": {
                        "r": 1.0,
                        "g": 1.0,
                        "b": 1.0,
                        "a": 1.0
                    },
                    "flip": false
                }
            ],
            "play_speed": 0.4000000059604645,
            "play_mode": 1,
            "is_reverse": true,
            "next_anim_name": ""
        },
        {
            "name": "Shadow",
            "frames": [
                {
                    "sprite_name": "Shadow_00",
                    "offsetx": 0.0,
                    "offsety": 0.0,
                    "alpha": 1.0,
                    "rgb": {
                        "r": 0.09375,
                        "g": 0.09375,
                        "b": 0.09375,
                        "a": 1.0
                    },
                    "flip": false
                },
                {
                    "sprite_name": "Shadow_01",
                    "offsetx": 0.0,
                    "offsety": 0.0,
                    "alpha": 1.0,
                    "rgb": {
                        "r": 0.09375,
                        "g": 0.09375,
                        "b": 0.09375,
                        "a": 1.0
                    },
                    "flip": false
                },
                {
                    "sprite_name": "Shadow_02",
                    "offsetx": 0.0,
                    "offsety": 0.0,
                    "alpha": 1.0,
                    "rgb": {
                        "r": 0.09375,
                        "g": 0.09375,
                        "b": 0.09375,
                        "a": 1.0
                    },
                    "flip": false
                }
            ],
            "play_speed": 1.0,
            "play_mode": 0,
            "is_reverse": false,
            "next_anim_name": ""
        },
        {
            "name": "ShadowR",
            "frames": [
                {
                    "sprite_name": "Shadow_02",
                    "offsetx": 0.0,
                    "offsety": 0.0,
                    "alpha": 1.0,
                    "rgb": {
                        "r": 0.09375,
                        "g": 0.09375,
                        "b": 0.09375,
                        "a": 1.0
                    },
                    "flip": false
                },
                {
                    "sprite_name": "Shadow_01",
                    "offsetx": 0.0,
                    "offsety": 0.0,
                    "alpha": 1.0,
                    "rgb": {
                        "r": 0.09375,
                        "g": 0.09375,
                        "b": 0.09375,
                        "a": 1.0
                    },
                    "flip": false
                },
                {
                    "sprite_name": "Shadow_00",
                    "offsetx": 0.0,
                    "offsety": 0.0,
                    "alpha": 1.0,
                    "rgb": {
                        "r": 0.09375,
                        "g": 0.09375,
                        "b": 0.09375,
                        "a": 1.0
                    },
                    "flip": false
                }
            ],
            "play_speed": 1.0,
            "play_mode": 0,
            "is_reverse": false,
            "next_anim_name": ""
        },
        {
            "name": "Shadow_Red",
            "frames": [
                {
                    "sprite_name": "Shadow_00",
                    "offsetx": 0.0,
                    "offsety": 0.0,
                    "alpha": 1.0,
                    "rgb": {
                        "r": 1.0,
                        "g": 0.0,
                        "b": 0.0,
                        "a": 1.0
                    },
                    "flip": false
                },
                {
                    "sprite_name": "Shadow_01",
                    "offsetx": 0.0,
                    "offsety": 0.0,
                    "alpha": 1.0,
                    "rgb": {
                        "r": 1.0,
                        "g": 0.0,
                        "b": 0.0,
                        "a": 1.0
                    },
                    "flip": false
                },
                {
                    "sprite_name": "Shadow_02",
                    "offsetx": 0.0,
                    "offsety": 0.0,
                    "alpha": 1.0,
                    "rgb": {
                        "r": 1.0,
                        "g": 0.0,
                        "b": 0.0,
                        "a": 1.0
                    },
                    "flip": false
                }
            ],
            "play_speed": 1.0,
            "play_mode": 0,
            "is_reverse": false,
            "next_anim_name": ""
        },
        {
            "name": "ShadowR_Red",
            "frames": [
                {
                    "sprite_name": "Shadow_02",
                    "offsetx": 0.0,
                    "offsety": 0.0,
                    "alpha": 1.0,
                    "rgb": {
                        "r": 1.0,
                        "g": 0.0,
                        "b": 0.0,
                        "a": 1.0
                    },
                    "flip": false
                },
                {
                    "sprite_name": "Shadow_01",
                    "offsetx": 0.0,
                    "offsety": 0.0,
                    "alpha": 1.0,
                    "rgb": {
                        "r": 1.0,
                        "g": 0.0,
                        "b": 0.0,
                        "a": 1.0
                    },
                    "flip": false
                },
                {
                    "sprite_name": "Shadow_00",
                    "offsetx": 0.0,
                    "offsety": 0.0,
                    "alpha": 1.0,
                    "rgb": {
                        "r": 1.0,
                        "g": 0.0,
                        "b": 0.0,
                        "a": 1.0
                    },
                    "flip": false
                }
            ],
            "play_speed": 1.0,
            "play_mode": 0,
            "is_reverse": false,
            "next_anim_name": ""
        }
    ],
    "shader_type": 0
}