{
    "SystemFlag": {
        "SkipInitialize": 0,
        "KeepPlayerPuppet": 0,
        "KeepBadStatusVisual": 0
    },
    "Segments": [
        {
            "Label": "Main",
            "EntryPoint": 0,
            "Count": 16
        },
        {
            "Label": "0000",
            "EntryPoint": 16,
            "Count": 42
        },
        {
            "Label": "0001",
            "EntryPoint": 58,
            "Count": 18
        },
        {
            "Label": "0002",
            "EntryPoint": 76,
            "Count": 7
        },
        {
            "Label": "0003",
            "EntryPoint": 83,
            "Count": 13
        }
    ],
    "ScriptLocal": [],
    "ScriptLocalValue": [],
    "Mnemonics": [
        {
            "label": "Main",
            "mnemonic": "Nop",
            "operands": {
                "iValues": [],
                "rValues": [],
                "sValues": []
            },
            "type": 1,
            "comment": ""
        },
        {
            "label": "",
            "mnemonic": "SysCall",
            "operands": {
                "iValues": [
                    0,
                    0,
                    0,
                    0,
                    0,
                    0,
                    0,
                    0
                ],
                "rValues": [
                    0.0,
                    0.0,
                    0.0,
                    0.0,
                    0.0,
                    0.0,
                    0.0,
                    0.0
                ],
                "sValues": [
                    "屋根(開く)",
                    "",
                    "",
                    "",
                    "",
                    "",
                    "",
                    ""
                ]
            },
            "type": 1,
            "comment": ""
        },
        {
            "label": "",
            "mnemonic": "PauseBGM",
            "operands": {
                "iValues": [
                    0,
                    1,
                    0,
                    0,
                    0,
                    0,
                    0,
                    0
                ],
                "rValues": [
                    0.0,
                    0.0,
                    0.0,
                    0.0,
                    0.0,
                    0.0,
                    0.0,
                    0.0
                ],
                "sValues": [
                    "",
                    "",
                    "",
                    "",
                    "",
                    "",
                    "",
                    ""
                ]
            },
            "type": 1,
            "comment": ""
        },
        {
            "label": "",
            "mnemonic": "Call",
            "operands": {
                "iValues": [
                    16,
                    0,
                    0,
                    0,
                    0,
                    0,
                    0,
                    0
                ],
                "rValues": [
                    0.0,
                    0.0,
                    0.0,
                    0.0,
                    0.0,
                    0.0,
                    0.0,
                    0.0
                ],
                "sValues": [
                    "",
                    "",
                    "",
                    "",
                    "",
                    "",
                    "",
                    ""
                ]
            },
            "type": 1,
            "comment": ""
        },
        {
            "label": "",
            "mnemonic": "FadeIn",
            "operands": {
                "iValues": [
                    0,
                    0,
                    0,
                    0,
                    0,
                    0,
                    0,
                    0
                ],
                "rValues": [
                    0.7,
                    0.0,
                    0.0,
                    0.0,
                    0.0,
                    0.0,
                    0.0,
                    0.0
                ],
                "sValues": [
                    "",
                    "",
                    "",
                    "",
                    "",
                    "",
                    "",
                    ""
                ]
            },
            "type": 1,
            "comment": ""
        },
        {
            "label": "",
            "mnemonic": "Wait",
            "operands": {
                "iValues": [
                    0,
                    0,
                    0,
                    0,
                    0,
                    0,
                    0,
                    0
                ],
                "rValues": [
                    0.7,
                    0.0,
                    0.0,
                    0.0,
                    0.0,
                    0.0,
                    0.0,
                    0.0
                ],
                "sValues": [
                    "",
                    "",
                    "",
                    "",
                    "",
                    "",
                    "",
                    ""
                ]
            },
            "type": 1,
            "comment": ""
        },
        {
            "label": "",
            "mnemonic": "Call",
            "operands": {
                "iValues": [
                    58,
                    0,
                    0,
                    0,
                    0,
                    0,
                    0,
                    0
                ],
                "rValues": [
                    0.0,
                    0.0,
                    0.0,
                    0.0,
                    0.0,
                    0.0,
                    0.0,
                    0.0
                ],
                "sValues": [
                    "",
                    "",
                    "",
                    "",
                    "",
                    "",
                    "",
                    ""
                ]
            },
            "type": 1,
            "comment": ""
        },
        {
            "label": "",
            "mnemonic": "Wait",
            "operands": {
                "iValues": [
                    0,
                    0,
                    0,
                    0,
                    0,
                    0,
                    0,
                    0
                ],
                "rValues": [
                    0.5,
                    0.0,
                    0.0,
                    0.0,
                    0.0,
                    0.0,
                    0.0,
                    0.0
                ],
                "sValues": [
                    "",
                    "",
                    "",
                    "",
                    "",
                    "",
                    "",
                    ""
                ]
            },
            "type": 1,
            "comment": ""
        },
        {
            "label": "",
            "mnemonic": "Call",
            "operands": {
                "iValues": [
                    76,
                    0,
                    0,
                    0,
                    0,
                    0,
                    0,
                    0
                ],
                "rValues": [
                    0.0,
                    0.0,
                    0.0,
                    0.0,
                    0.0,
                    0.0,
                    0.0,
                    0.0
                ],
                "sValues": [
                    "",
                    "",
                    "",
                    "",
                    "",
                    "",
                    "",
                    ""
                ]
            },
            "type": 1,
            "comment": ""
        },
        {
            "label": "",
            "mnemonic": "GetItem",
            "operands": {
                "iValues": [
                    47,
                    1,
                    0,
                    0,
                    0,
                    0,
                    0,
                    0
                ],
                "rValues": [
                    0.0,
                    0.0,
                    0.0,
                    0.0,
                    0.0,
                    0.0,
                    0.0,
                    0.0
                ],
                "sValues": [
                    "",
                    "",
                    "",
                    "",
                    "",
                    "",
                    "",
                    ""
                ]
            },
            "type": 1,
            "comment": ""
        },
        {
            "label": "",
            "mnemonic": "SetFlag",
            "operands": {
                "iValues": [
                    246,
                    0,
                    0,
                    0,
                    0,
                    0,
                    0,
                    0
                ],
                "rValues": [
                    0.0,
                    0.0,
                    0.0,
                    0.0,
                    0.0,
                    0.0,
                    0.0,
                    0.0
                ],
                "sValues": [
                    "TreasureFlag2",
                    "",
                    "",
                    "",
                    "",
                    "",
                    "",
                    ""
                ]
            },
            "type": 1,
            "comment": ""
        },
        {
            "label": "",
            "mnemonic": "MsgFunfare",
            "operands": {
                "iValues": [
                    0,
                    0,
                    84,
                    0,
                    0,
                    0,
                    0,
                    0
                ],
                "rValues": [
                    0.0,
                    0.0,
                    0.0,
                    0.0,
                    0.0,
                    0.0,
                    0.0,
                    0.0
                ],
                "sValues": [
                    "MSG_ASTOS_04",
                    "",
                    "",
                    "",
                    "",
                    "",
                    "",
                    ""
                ]
            },
            "type": 1,
            "comment": ""
        },
        {
            "label": "",
            "mnemonic": "Wait",
            "operands": {
                "iValues": [
                    0,
                    0,
                    0,
                    0,
                    0,
                    0,
                    0,
                    0
                ],
                "rValues": [
                    0.7,
                    0.0,
                    0.0,
                    0.0,
                    0.0,
                    0.0,
                    0.0,
                    0.0
                ],
                "sValues": [
                    "",
                    "",
                    "",
                    "",
                    "",
                    "",
                    "",
                    ""
                ]
            },
            "type": 1,
            "comment": ""
        },
        {
            "label": "",
            "mnemonic": "Call",
            "operands": {
                "iValues": [
                    83,
                    0,
                    0,
                    0,
                    0,
                    0,
                    0,
                    0
                ],
                "rValues": [
                    0.0,
                    0.0,
                    0.0,
                    0.0,
                    0.0,
                    0.0,
                    0.0,
                    0.0
                ],
                "sValues": [
                    "",
                    "",
                    "",
                    "",
                    "",
                    "",
                    "",
                    ""
                ]
            },
            "type": 1,
            "comment": ""
        },
        {
            "label": "",
            "mnemonic": "SetFlag",
            "operands": {
                "iValues": [
                    11,
                    0,
                    0,
                    0,
                    0,
                    0,
                    0,
                    0
                ],
                "rValues": [
                    0.0,
                    0.0,
                    0.0,
                    0.0,
                    0.0,
                    0.0,
                    0.0,
                    0.0
                ],
                "sValues": [
                    "ScenarioFlag1",
                    "",
                    "",
                    "",
                    "",
                    "",
                    "",
                    ""
                ]
            },
            "type": 1,
            "comment": ""
        },
        {
            "label": "",
            "mnemonic": "Exit",
            "operands": {
                "iValues": [
                    0,
                    0,
                    0,
                    0,
                    0,
                    0,
                    0,
                    0
                ],
                "rValues": [
                    0.0,
                    0.0,
                    0.0,
                    0.0,
                    0.0,
                    0.0,
                    0.0,
                    0.0
                ],
                "sValues": [
                    "",
                    "",
                    "",
                    "",
                    "",
                    "",
                    "",
                    ""
                ]
            },
            "type": 1,
            "comment": ""
        },
        {
            "label": "0000",
            "mnemonic": "Nop",
            "operands": {
                "iValues": [],
                "rValues": [],
                "sValues": []
            },
            "type": 2,
            "comment": ""
        },
        {
            "label": "",
            "mnemonic": "SetPuppet",
            "operands": {
                "iValues": [
                    0,
                    105,
                    28,
                    0,
                    0,
                    0,
                    0,
                    0
                ],
                "rValues": [
                    0.0,
                    0.0,
                    0.0,
                    0.0,
                    0.0,
                    0.0,
                    0.0,
                    0.0
                ],
                "sValues": [
                    "",
                    "",
                    "",
                    "",
                    "",
                    "",
                    "",
                    ""
                ]
            },
            "type": 2,
            "comment": ""
        },
        {
            "label": "",
            "mnemonic": "SetPuppet",
            "operands": {
                "iValues": [
                    1,
                    106,
                    31,
                    0,
                    0,
                    0,
                    0,
                    0
                ],
                "rValues": [
                    0.0,
                    0.0,
                    0.0,
                    0.0,
                    0.0,
                    0.0,
                    0.0,
                    0.0
                ],
                "sValues": [
                    "",
                    "",
                    "",
                    "",
                    "",
                    "",
                    "",
                    ""
                ]
            },
            "type": 2,
            "comment": ""
        },
        {
            "label": "",
            "mnemonic": "SetPuppet",
            "operands": {
                "iValues": [
                    2,
                    107,
                    34,
                    0,
                    0,
                    0,
                    0,
                    0
                ],
                "rValues": [
                    0.0,
                    0.0,
                    0.0,
                    0.0,
                    0.0,
                    0.0,
                    0.0,
                    0.0
                ],
                "sValues": [
                    "",
                    "",
                    "",
                    "",
                    "",
                    "",
                    "",
                    ""
                ]
            },
            "type": 2,
            "comment": ""
        },
        {
            "label": "",
            "mnemonic": "SetPuppet",
            "operands": {
                "iValues": [
                    3,
                    108,
                    37,
                    0,
                    0,
                    0,
                    0,
                    0
                ],
                "rValues": [
                    0.0,
                    0.0,
                    0.0,
                    0.0,
                    0.0,
                    0.0,
                    0.0,
                    0.0
                ],
                "sValues": [
                    "",
                    "",
                    "",
                    "",
                    "",
                    "",
                    "",
                    ""
                ]
            },
            "type": 2,
            "comment": ""
        },
        {
            "label": "",
            "mnemonic": "SetPuppet",
            "operands": {
                "iValues": [
                    4,
                    -1001,
                    40,
                    0,
                    0,
                    0,
                    0,
                    0
                ],
                "rValues": [
                    0.0,
                    0.0,
                    0.0,
                    0.0,
                    0.0,
                    0.0,
                    0.0,
                    0.0
                ],
                "sValues": [
                    "",
                    "",
                    "",
                    "",
                    "",
                    "",
                    "",
                    ""
                ]
            },
            "type": 2,
            "comment": ""
        },
        {
            "label": "",
            "mnemonic": "SetPuppet",
            "operands": {
                "iValues": [
                    5,
                    -1002,
                    43,
                    0,
                    0,
                    0,
                    0,
                    0
                ],
                "rValues": [
                    0.0,
                    0.0,
                    0.0,
                    0.0,
                    0.0,
                    0.0,
                    0.0,
                    0.0
                ],
                "sValues": [
                    "",
                    "",
                    "",
                    "",
                    "",
                    "",
                    "",
                    ""
                ]
            },
            "type": 2,
            "comment": ""
        },
        {
            "label": "",
            "mnemonic": "SetPuppet",
            "operands": {
                "iValues": [
                    6,
                    -1003,
                    47,
                    0,
                    0,
                    0,
                    0,
                    0
                ],
                "rValues": [
                    0.0,
                    0.0,
                    0.0,
                    0.0,
                    0.0,
                    0.0,
                    0.0,
                    0.0
                ],
                "sValues": [
                    "",
                    "",
                    "",
                    "",
                    "",
                    "",
                    "",
                    ""
                ]
            },
            "type": 2,
            "comment": ""
        },
        {
            "label": "",
            "mnemonic": "SetPuppet",
            "operands": {
                "iValues": [
                    7,
                    -1004,
                    51,
                    0,
                    0,
                    0,
                    0,
                    0
                ],
                "rValues": [
                    0.0,
                    0.0,
                    0.0,
                    0.0,
                    0.0,
                    0.0,
                    0.0,
                    0.0
                ],
                "sValues": [
                    "",
                    "",
                    "",
                    "",
                    "",
                    "",
                    "",
                    ""
                ]
            },
            "type": 2,
            "comment": ""
        },
        {
            "label": "",
            "mnemonic": "SetPuppet",
            "operands": {
                "iValues": [
                    8,
                    0,
                    55,
                    0,
                    0,
                    0,
                    0,
                    0
                ],
                "rValues": [
                    0.0,
                    0.0,
                    0.0,
                    0.0,
                    0.0,
                    0.0,
                    0.0,
                    0.0
                ],
                "sValues": [
                    "",
                    "",
                    "",
                    "",
                    "",
                    "",
                    "",
                    ""
                ]
            },
            "type": 2,
            "comment": ""
        },
        {
            "label": "",
            "mnemonic": "ExecPuppet",
            "operands": {
                "iValues": [
                    0,
                    0,
                    0,
                    0,
                    0,
                    0,
                    0,
                    0
                ],
                "rValues": [
                    0.0,
                    0.0,
                    0.0,
                    0.0,
                    0.0,
                    0.0,
                    0.0,
                    0.0
                ],
                "sValues": [
                    "",
                    "",
                    "",
                    "",
                    "",
                    "",
                    "",
                    ""
                ]
            },
            "type": 2,
            "comment": ""
        },
        {
            "label": "",
            "mnemonic": "Return",
            "operands": {
                "iValues": [
                    0,
                    0,
                    0,
                    0,
                    0,
                    0,
                    0,
                    0
                ],
                "rValues": [
                    0.0,
                    0.0,
                    0.0,
                    0.0,
                    0.0,
                    0.0,
                    0.0,
                    0.0
                ],
                "sValues": [
                    "",
                    "",
                    "",
                    "",
                    "",
                    "",
                    "",
                    ""
                ]
            },
            "type": 2,
            "comment": ""
        },
        {
            "label": "0000_00",
            "mnemonic": "Nop",
            "operands": {
                "iValues": [],
                "rValues": [],
                "sValues": []
            },
            "type": 2,
            "comment": ""
        },
        {
            "label": "",
            "mnemonic": "Hide",
            "operands": {
                "iValues": [
                    0,
                    0,
                    0,
                    0,
                    0,
                    0,
                    0,
                    0
                ],
                "rValues": [
                    0.0,
                    0.0,
                    0.0,
                    0.0,
                    0.0,
                    0.0,
                    0.0,
                    0.0
                ],
                "sValues": [
                    "",
                    "",
                    "",
                    "",
                    "",
                    "",
                    "",
                    ""
                ]
            },
            "type": 2,
            "comment": ""
        },
        {
            "label": "",
            "mnemonic": "Exit",
            "operands": {
                "iValues": [
                    0,
                    0,
                    0,
                    0,
                    0,
                    0,
                    0,
                    0
                ],
                "rValues": [
                    0.0,
                    0.0,
                    0.0,
                    0.0,
                    0.0,
                    0.0,
                    0.0,
                    0.0
                ],
                "sValues": [
                    "",
                    "",
                    "",
                    "",
                    "",
                    "",
                    "",
                    ""
                ]
            },
            "type": 2,
            "comment": ""
        },
        {
            "label": "0000_01",
            "mnemonic": "Nop",
            "operands": {
                "iValues": [],
                "rValues": [],
                "sValues": []
            },
            "type": 2,
            "comment": ""
        },
        {
            "label": "",
            "mnemonic": "Hide",
            "operands": {
                "iValues": [
                    0,
                    0,
                    0,
                    0,
                    0,
                    0,
                    0,
                    0
                ],
                "rValues": [
                    0.0,
                    0.0,
                    0.0,
                    0.0,
                    0.0,
                    0.0,
                    0.0,
                    0.0
                ],
                "sValues": [
                    "",
                    "",
                    "",
                    "",
                    "",
                    "",
                    "",
                    ""
                ]
            },
            "type": 2,
            "comment": ""
        },
        {
            "label": "",
            "mnemonic": "Exit",
            "operands": {
                "iValues": [
                    0,
                    0,
                    0,
                    0,
                    0,
                    0,
                    0,
                    0
                ],
                "rValues": [
                    0.0,
                    0.0,
                    0.0,
                    0.0,
                    0.0,
                    0.0,
                    0.0,
                    0.0
                ],
                "sValues": [
                    "",
                    "",
                    "",
                    "",
                    "",
                    "",
                    "",
                    ""
                ]
            },
            "type": 2,
            "comment": ""
        },
        {
            "label": "0000_02",
            "mnemonic": "Nop",
            "operands": {
                "iValues": [],
                "rValues": [],
                "sValues": []
            },
            "type": 2,
            "comment": ""
        },
        {
            "label": "",
            "mnemonic": "Hide",
            "operands": {
                "iValues": [
                    0,
                    0,
                    0,
                    0,
                    0,
                    0,
                    0,
                    0
                ],
                "rValues": [
                    0.0,
                    0.0,
                    0.0,
                    0.0,
                    0.0,
                    0.0,
                    0.0,
                    0.0
                ],
                "sValues": [
                    "",
                    "",
                    "",
                    "",
                    "",
                    "",
                    "",
                    ""
                ]
            },
            "type": 2,
            "comment": ""
        },
        {
            "label": "",
            "mnemonic": "Exit",
            "operands": {
                "iValues": [
                    0,
                    0,
                    0,
                    0,
                    0,
                    0,
                    0,
                    0
                ],
                "rValues": [
                    0.0,
                    0.0,
                    0.0,
                    0.0,
                    0.0,
                    0.0,
                    0.0,
                    0.0
                ],
                "sValues": [
                    "",
                    "",
                    "",
                    "",
                    "",
                    "",
                    "",
                    ""
                ]
            },
            "type": 2,
            "comment": ""
        },
        {
            "label": "0000_03",
            "mnemonic": "Nop",
            "operands": {
                "iValues": [],
                "rValues": [],
                "sValues": []
            },
            "type": 2,
            "comment": ""
        },
        {
            "label": "",
            "mnemonic": "Hide",
            "operands": {
                "iValues": [
                    0,
                    0,
                    0,
                    0,
                    0,
                    0,
                    0,
                    0
                ],
                "rValues": [
                    0.0,
                    0.0,
                    0.0,
                    0.0,
                    0.0,
                    0.0,
                    0.0,
                    0.0
                ],
                "sValues": [
                    "",
                    "",
                    "",
                    "",
                    "",
                    "",
                    "",
                    ""
                ]
            },
            "type": 2,
            "comment": ""
        },
        {
            "label": "",
            "mnemonic": "Exit",
            "operands": {
                "iValues": [
                    0,
                    0,
                    0,
                    0,
                    0,
                    0,
                    0,
                    0
                ],
                "rValues": [
                    0.0,
                    0.0,
                    0.0,
                    0.0,
                    0.0,
                    0.0,
                    0.0,
                    0.0
                ],
                "sValues": [
                    "",
                    "",
                    "",
                    "",
                    "",
                    "",
                    "",
                    ""
                ]
            },
            "type": 2,
            "comment": ""
        },
        {
            "label": "0000_04",
            "mnemonic": "Nop",
            "operands": {
                "iValues": [],
                "rValues": [],
                "sValues": []
            },
            "type": 2,
            "comment": ""
        },
        {
            "label": "",
            "mnemonic": "SetPos",
            "operands": {
                "iValues": [
                    25,
                    15,
                    1,
                    0,
                    0,
                    0,
                    0,
                    0
                ],
                "rValues": [
                    0.0,
                    0.0,
                    0.0,
                    0.0,
                    0.0,
                    0.0,
                    0.0,
                    0.0
                ],
                "sValues": [
                    "WalkB",
                    "",
                    "",
                    "",
                    "",
                    "",
                    "",
                    ""
                ]
            },
            "type": 2,
            "comment": ""
        },
        {
            "label": "",
            "mnemonic": "Exit",
            "operands": {
                "iValues": [
                    0,
                    0,
                    0,
                    0,
                    0,
                    0,
                    0,
                    0
                ],
                "rValues": [
                    0.0,
                    0.0,
                    0.0,
                    0.0,
                    0.0,
                    0.0,
                    0.0,
                    0.0
                ],
                "sValues": [
                    "",
                    "",
                    "",
                    "",
                    "",
                    "",
                    "",
                    ""
                ]
            },
            "type": 2,
            "comment": ""
        },
        {
            "label": "0000_05",
            "mnemonic": "Nop",
            "operands": {
                "iValues": [],
                "rValues": [],
                "sValues": []
            },
            "type": 2,
            "comment": ""
        },
        {
            "label": "",
            "mnemonic": "SetPos",
            "operands": {
                "iValues": [
                    24,
                    15,
                    1,
                    0,
                    0,
                    0,
                    0,
                    0
                ],
                "rValues": [
                    0.0,
                    0.0,
                    0.0,
                    0.0,
                    0.0,
                    0.0,
                    0.0,
                    0.0
                ],
                "sValues": [
                    "WalkB",
                    "",
                    "",
                    "",
                    "",
                    "",
                    "",
                    ""
                ]
            },
            "type": 2,
            "comment": ""
        },
        {
            "label": "",
            "mnemonic": "Show",
            "operands": {
                "iValues": [
                    0,
                    0,
                    0,
                    0,
                    0,
                    0,
                    0,
                    0
                ],
                "rValues": [
                    0.0,
                    0.0,
                    0.0,
                    0.0,
                    0.0,
                    0.0,
                    0.0,
                    0.0
                ],
                "sValues": [
                    "",
                    "",
                    "",
                    "",
                    "",
                    "",
                    "",
                    ""
                ]
            },
            "type": 2,
            "comment": ""
        },
        {
            "label": "",
            "mnemonic": "Exit",
            "operands": {
                "iValues": [
                    0,
                    0,
                    0,
                    0,
                    0,
                    0,
                    0,
                    0
                ],
                "rValues": [
                    0.0,
                    0.0,
                    0.0,
                    0.0,
                    0.0,
                    0.0,
                    0.0,
                    0.0
                ],
                "sValues": [
                    "",
                    "",
                    "",
                    "",
                    "",
                    "",
                    "",
                    ""
                ]
            },
            "type": 2,
            "comment": ""
        },
        {
            "label": "0000_06",
            "mnemonic": "Nop",
            "operands": {
                "iValues": [],
                "rValues": [],
                "sValues": []
            },
            "type": 2,
            "comment": ""
        },
        {
            "label": "",
            "mnemonic": "SetPos",
            "operands": {
                "iValues": [
                    26,
                    15,
                    1,
                    0,
                    0,
                    0,
                    0,
                    0
                ],
                "rValues": [
                    0.0,
                    0.0,
                    0.0,
                    0.0,
                    0.0,
                    0.0,
                    0.0,
                    0.0
                ],
                "sValues": [
                    "WalkB",
                    "",
                    "",
                    "",
                    "",
                    "",
                    "",
                    ""
                ]
            },
            "type": 2,
            "comment": ""
        },
        {
            "label": "",
            "mnemonic": "Show",
            "operands": {
                "iValues": [
                    0,
                    0,
                    0,
                    0,
                    0,
                    0,
                    0,
                    0
                ],
                "rValues": [
                    0.0,
                    0.0,
                    0.0,
                    0.0,
                    0.0,
                    0.0,
                    0.0,
                    0.0
                ],
                "sValues": [
                    "",
                    "",
                    "",
                    "",
                    "",
                    "",
                    "",
                    ""
                ]
            },
            "type": 2,
            "comment": ""
        },
        {
            "label": "",
            "mnemonic": "Exit",
            "operands": {
                "iValues": [
                    0,
                    0,
                    0,
                    0,
                    0,
                    0,
                    0,
                    0
                ],
                "rValues": [
                    0.0,
                    0.0,
                    0.0,
                    0.0,
                    0.0,
                    0.0,
                    0.0,
                    0.0
                ],
                "sValues": [
                    "",
                    "",
                    "",
                    "",
                    "",
                    "",
                    "",
                    ""
                ]
            },
            "type": 2,
            "comment": ""
        },
        {
            "label": "0000_07",
            "mnemonic": "Nop",
            "operands": {
                "iValues": [],
                "rValues": [],
                "sValues": []
            },
            "type": 2,
            "comment": ""
        },
        {
            "label": "",
            "mnemonic": "SetPos",
            "operands": {
                "iValues": [
                    25,
                    16,
                    1,
                    0,
                    0,
                    0,
                    0,
                    0
                ],
                "rValues": [
                    0.0,
                    0.0,
                    0.0,
                    0.0,
                    0.0,
                    0.0,
                    0.0,
                    0.0
                ],
                "sValues": [
                    "WalkB",
                    "",
                    "",
                    "",
                    "",
                    "",
                    "",
                    ""
                ]
            },
            "type": 2,
            "comment": ""
        },
        {
            "label": "",
            "mnemonic": "Show",
            "operands": {
                "iValues": [
                    0,
                    0,
                    0,
                    0,
                    0,
                    0,
                    0,
                    0
                ],
                "rValues": [
                    0.0,
                    0.0,
                    0.0,
                    0.0,
                    0.0,
                    0.0,
                    0.0,
                    0.0
                ],
                "sValues": [
                    "",
                    "",
                    "",
                    "",
                    "",
                    "",
                    "",
                    ""
                ]
            },
            "type": 2,
            "comment": ""
        },
        {
            "label": "",
            "mnemonic": "Exit",
            "operands": {
                "iValues": [
                    0,
                    0,
                    0,
                    0,
                    0,
                    0,
                    0,
                    0
                ],
                "rValues": [
                    0.0,
                    0.0,
                    0.0,
                    0.0,
                    0.0,
                    0.0,
                    0.0,
                    0.0
                ],
                "sValues": [
                    "",
                    "",
                    "",
                    "",
                    "",
                    "",
                    "",
                    ""
                ]
            },
            "type": 2,
            "comment": ""
        },
        {
            "label": "0000_08",
            "mnemonic": "Nop",
            "operands": {
                "iValues": [],
                "rValues": [],
                "sValues": []
            },
            "type": 2,
            "comment": ""
        },
        {
            "label": "",
            "mnemonic": "SetPos",
            "operands": {
                "iValues": [
                    25,
                    13,
                    1,
                    0,
                    0,
                    0,
                    0,
                    0
                ],
                "rValues": [
                    0.0,
                    0.0,
                    0.0,
                    0.0,
                    0.0,
                    0.0,
                    0.0,
                    0.0
                ],
                "sValues": [
                    "",
                    "",
                    "",
                    "",
                    "",
                    "",
                    "",
                    ""
                ]
            },
            "type": 2,
            "comment": ""
        },
        {
            "label": "",
            "mnemonic": "Exit",
            "operands": {
                "iValues": [
                    0,
                    0,
                    0,
                    0,
                    0,
                    0,
                    0,
                    0
                ],
                "rValues": [
                    0.0,
                    0.0,
                    0.0,
                    0.0,
                    0.0,
                    0.0,
                    0.0,
                    0.0
                ],
                "sValues": [
                    "",
                    "",
                    "",
                    "",
                    "",
                    "",
                    "",
                    ""
                ]
            },
            "type": 2,
            "comment": ""
        },
        {
            "label": "0001",
            "mnemonic": "Nop",
            "operands": {
                "iValues": [],
                "rValues": [],
                "sValues": []
            },
            "type": 2,
            "comment": ""
        },
        {
            "label": "",
            "mnemonic": "SetPuppet",
            "operands": {
                "iValues": [
                    0,
                    -1002,
                    64,
                    0,
                    0,
                    0,
                    0,
                    0
                ],
                "rValues": [
                    0.0,
                    0.0,
                    0.0,
                    0.0,
                    0.0,
                    0.0,
                    0.0,
                    0.0
                ],
                "sValues": [
                    "",
                    "",
                    "",
                    "",
                    "",
                    "",
                    "",
                    ""
                ]
            },
            "type": 2,
            "comment": ""
        },
        {
            "label": "",
            "mnemonic": "SetPuppet",
            "operands": {
                "iValues": [
                    1,
                    -1003,
                    68,
                    0,
                    0,
                    0,
                    0,
                    0
                ],
                "rValues": [
                    0.0,
                    0.0,
                    0.0,
                    0.0,
                    0.0,
                    0.0,
                    0.0,
                    0.0
                ],
                "sValues": [
                    "",
                    "",
                    "",
                    "",
                    "",
                    "",
                    "",
                    ""
                ]
            },
            "type": 2,
            "comment": ""
        },
        {
            "label": "",
            "mnemonic": "SetPuppet",
            "operands": {
                "iValues": [
                    2,
                    -1004,
                    72,
                    0,
                    0,
                    0,
                    0,
                    0
                ],
                "rValues": [
                    0.0,
                    0.0,
                    0.0,
                    0.0,
                    0.0,
                    0.0,
                    0.0,
                    0.0
                ],
                "sValues": [
                    "",
                    "",
                    "",
                    "",
                    "",
                    "",
                    "",
                    ""
                ]
            },
            "type": 2,
            "comment": ""
        },
        {
            "label": "",
            "mnemonic": "ExecPuppet",
            "operands": {
                "iValues": [
                    0,
                    0,
                    0,
                    0,
                    0,
                    0,
                    0,
                    0
                ],
                "rValues": [
                    0.0,
                    0.0,
                    0.0,
                    0.0,
                    0.0,
                    0.0,
                    0.0,
                    0.0
                ],
                "sValues": [
                    "",
                    "",
                    "",
                    "",
                    "",
                    "",
                    "",
                    ""
                ]
            },
            "type": 2,
            "comment": ""
        },
        {
            "label": "",
            "mnemonic": "Return",
            "operands": {
                "iValues": [
                    0,
                    0,
                    0,
                    0,
                    0,
                    0,
                    0,
                    0
                ],
                "rValues": [
                    0.0,
                    0.0,
                    0.0,
                    0.0,
                    0.0,
                    0.0,
                    0.0,
                    0.0
                ],
                "sValues": [
                    "",
                    "",
                    "",
                    "",
                    "",
                    "",
                    "",
                    ""
                ]
            },
            "type": 2,
            "comment": ""
        },
        {
            "label": "0001_00",
            "mnemonic": "Nop",
            "operands": {
                "iValues": [],
                "rValues": [],
                "sValues": []
            },
            "type": 2,
            "comment": ""
        },
        {
            "label": "",
            "mnemonic": "Move",
            "operands": {
                "iValues": [
                    1,
                    1,
                    6,
                    0,
                    0,
                    0,
                    0,
                    0
                ],
                "rValues": [
                    0.0,
                    0.0,
                    0.0,
                    0.0,
                    0.0,
                    0.0,
                    0.0,
                    0.0
                ],
                "sValues": [
                    "",
                    "",
                    "",
                    "",
                    "",
                    "",
                    "",
                    ""
                ]
            },
            "type": 2,
            "comment": ""
        },
        {
            "label": "",
            "mnemonic": "Hide",
            "operands": {
                "iValues": [
                    0,
                    0,
                    0,
                    0,
                    0,
                    0,
                    0,
                    0
                ],
                "rValues": [
                    0.0,
                    0.0,
                    0.0,
                    0.0,
                    0.0,
                    0.0,
                    0.0,
                    0.0
                ],
                "sValues": [
                    "",
                    "",
                    "",
                    "",
                    "",
                    "",
                    "",
                    ""
                ]
            },
            "type": 2,
            "comment": ""
        },
        {
            "label": "",
            "mnemonic": "Exit",
            "operands": {
                "iValues": [
                    0,
                    0,
                    0,
                    0,
                    0,
                    0,
                    0,
                    0
                ],
                "rValues": [
                    0.0,
                    0.0,
                    0.0,
                    0.0,
                    0.0,
                    0.0,
                    0.0,
                    0.0
                ],
                "sValues": [
                    "",
                    "",
                    "",
                    "",
                    "",
                    "",
                    "",
                    ""
                ]
            },
            "type": 2,
            "comment": ""
        },
        {
            "label": "0001_01",
            "mnemonic": "Nop",
            "operands": {
                "iValues": [],
                "rValues": [],
                "sValues": []
            },
            "type": 2,
            "comment": ""
        },
        {
            "label": "",
            "mnemonic": "Move",
            "operands": {
                "iValues": [
                    3,
                    1,
                    6,
                    0,
                    0,
                    0,
                    0,
                    0
                ],
                "rValues": [
                    0.0,
                    0.0,
                    0.0,
                    0.0,
                    0.0,
                    0.0,
                    0.0,
                    0.0
                ],
                "sValues": [
                    "",
                    "",
                    "",
                    "",
                    "",
                    "",
                    "",
                    ""
                ]
            },
            "type": 2,
            "comment": ""
        },
        {
            "label": "",
            "mnemonic": "Hide",
            "operands": {
                "iValues": [
                    0,
                    0,
                    0,
                    0,
                    0,
                    0,
                    0,
                    0
                ],
                "rValues": [
                    0.0,
                    0.0,
                    0.0,
                    0.0,
                    0.0,
                    0.0,
                    0.0,
                    0.0
                ],
                "sValues": [
                    "",
                    "",
                    "",
                    "",
                    "",
                    "",
                    "",
                    ""
                ]
            },
            "type": 2,
            "comment": ""
        },
        {
            "label": "",
            "mnemonic": "Exit",
            "operands": {
                "iValues": [
                    0,
                    0,
                    0,
                    0,
                    0,
                    0,
                    0,
                    0
                ],
                "rValues": [
                    0.0,
                    0.0,
                    0.0,
                    0.0,
                    0.0,
                    0.0,
                    0.0,
                    0.0
                ],
                "sValues": [
                    "",
                    "",
                    "",
                    "",
                    "",
                    "",
                    "",
                    ""
                ]
            },
            "type": 2,
            "comment": ""
        },
        {
            "label": "0001_02",
            "mnemonic": "Nop",
            "operands": {
                "iValues": [],
                "rValues": [],
                "sValues": []
            },
            "type": 2,
            "comment": ""
        },
        {
            "label": "",
            "mnemonic": "Move",
            "operands": {
                "iValues": [
                    0,
                    1,
                    6,
                    0,
                    0,
                    0,
                    0,
                    0
                ],
                "rValues": [
                    0.0,
                    0.0,
                    0.0,
                    0.0,
                    0.0,
                    0.0,
                    0.0,
                    0.0
                ],
                "sValues": [
                    "",
                    "",
                    "",
                    "",
                    "",
                    "",
                    "",
                    ""
                ]
            },
            "type": 2,
            "comment": ""
        },
        {
            "label": "",
            "mnemonic": "Hide",
            "operands": {
                "iValues": [
                    0,
                    0,
                    0,
                    0,
                    0,
                    0,
                    0,
                    0
                ],
                "rValues": [
                    0.0,
                    0.0,
                    0.0,
                    0.0,
                    0.0,
                    0.0,
                    0.0,
                    0.0
                ],
                "sValues": [
                    "",
                    "",
                    "",
                    "",
                    "",
                    "",
                    "",
                    ""
                ]
            },
            "type": 2,
            "comment": ""
        },
        {
            "label": "",
            "mnemonic": "Exit",
            "operands": {
                "iValues": [
                    0,
                    0,
                    0,
                    0,
                    0,
                    0,
                    0,
                    0
                ],
                "rValues": [
                    0.0,
                    0.0,
                    0.0,
                    0.0,
                    0.0,
                    0.0,
                    0.0,
                    0.0
                ],
                "sValues": [
                    "",
                    "",
                    "",
                    "",
                    "",
                    "",
                    "",
                    ""
                ]
            },
            "type": 2,
            "comment": ""
        },
        {
            "label": "0002",
            "mnemonic": "Nop",
            "operands": {
                "iValues": [],
                "rValues": [],
                "sValues": []
            },
            "type": 2,
            "comment": ""
        },
        {
            "label": "",
            "mnemonic": "SetPuppet",
            "operands": {
                "iValues": [
                    0,
                    -1001,
                    80,
                    0,
                    0,
                    0,
                    0,
                    0
                ],
                "rValues": [
                    0.0,
                    0.0,
                    0.0,
                    0.0,
                    0.0,
                    0.0,
                    0.0,
                    0.0
                ],
                "sValues": [
                    "",
                    "",
                    "",
                    "",
                    "",
                    "",
                    "",
                    ""
                ]
            },
            "type": 2,
            "comment": ""
        },
        {
            "label": "",
            "mnemonic": "ExecPuppet",
            "operands": {
                "iValues": [
                    0,
                    0,
                    0,
                    0,
                    0,
                    0,
                    0,
                    0
                ],
                "rValues": [
                    0.0,
                    0.0,
                    0.0,
                    0.0,
                    0.0,
                    0.0,
                    0.0,
                    0.0
                ],
                "sValues": [
                    "",
                    "",
                    "",
                    "",
                    "",
                    "",
                    "",
                    ""
                ]
            },
            "type": 2,
            "comment": ""
        },
        {
            "label": "",
            "mnemonic": "Return",
            "operands": {
                "iValues": [
                    0,
                    0,
                    0,
                    0,
                    0,
                    0,
                    0,
                    0
                ],
                "rValues": [
                    0.0,
                    0.0,
                    0.0,
                    0.0,
                    0.0,
                    0.0,
                    0.0,
                    0.0
                ],
                "sValues": [
                    "",
                    "",
                    "",
                    "",
                    "",
                    "",
                    "",
                    ""
                ]
            },
            "type": 2,
            "comment": ""
        },
        {
            "label": "0002_00",
            "mnemonic": "Nop",
            "operands": {
                "iValues": [],
                "rValues": [],
                "sValues": []
            },
            "type": 2,
            "comment": ""
        },
        {
            "label": "",
            "mnemonic": "PlayAnim",
            "operands": {
                "iValues": [
                    0,
                    1,
                    0,
                    0,
                    0,
                    0,
                    0,
                    0
                ],
                "rValues": [
                    1.0,
                    0.0,
                    0.0,
                    0.0,
                    0.0,
                    0.0,
                    0.0,
                    0.0
                ],
                "sValues": [
                    "Get treasure",
                    "",
                    "",
                    "",
                    "",
                    "",
                    "",
                    ""
                ]
            },
            "type": 2,
            "comment": ""
        },
        {
            "label": "",
            "mnemonic": "Exit",
            "operands": {
                "iValues": [
                    0,
                    0,
                    0,
                    0,
                    0,
                    0,
                    0,
                    0
                ],
                "rValues": [
                    0.0,
                    0.0,
                    0.0,
                    0.0,
                    0.0,
                    0.0,
                    0.0,
                    0.0
                ],
                "sValues": [
                    "",
                    "",
                    "",
                    "",
                    "",
                    "",
                    "",
                    ""
                ]
            },
            "type": 2,
            "comment": ""
        },
        {
            "label": "0003",
            "mnemonic": "Nop",
            "operands": {
                "iValues": [],
                "rValues": [],
                "sValues": []
            },
            "type": 2,
            "comment": ""
        },
        {
            "label": "",
            "mnemonic": "SetPuppet",
            "operands": {
                "iValues": [
                    0,
                    0,
                    88,
                    0,
                    0,
                    0,
                    0,
                    0
                ],
                "rValues": [
                    0.0,
                    0.0,
                    0.0,
                    0.0,
                    0.0,
                    0.0,
                    0.0,
                    0.0
                ],
                "sValues": [
                    "",
                    "",
                    "",
                    "",
                    "",
                    "",
                    "",
                    ""
                ]
            },
            "type": 2,
            "comment": ""
        },
        {
            "label": "",
            "mnemonic": "SetPuppet",
            "operands": {
                "iValues": [
                    1,
                    -1001,
                    92,
                    0,
                    0,
                    0,
                    0,
                    0
                ],
                "rValues": [
                    0.0,
                    0.0,
                    0.0,
                    0.0,
                    0.0,
                    0.0,
                    0.0,
                    0.0
                ],
                "sValues": [
                    "",
                    "",
                    "",
                    "",
                    "",
                    "",
                    "",
                    ""
                ]
            },
            "type": 2,
            "comment": ""
        },
        {
            "label": "",
            "mnemonic": "ExecPuppet",
            "operands": {
                "iValues": [
                    0,
                    0,
                    0,
                    0,
                    0,
                    0,
                    0,
                    0
                ],
                "rValues": [
                    0.0,
                    0.0,
                    0.0,
                    0.0,
                    0.0,
                    0.0,
                    0.0,
                    0.0
                ],
                "sValues": [
                    "",
                    "",
                    "",
                    "",
                    "",
                    "",
                    "",
                    ""
                ]
            },
            "type": 2,
            "comment": ""
        },
        {
            "label": "",
            "mnemonic": "Return",
            "operands": {
                "iValues": [
                    0,
                    0,
                    0,
                    0,
                    0,
                    0,
                    0,
                    0
                ],
                "rValues": [
                    0.0,
                    0.0,
                    0.0,
                    0.0,
                    0.0,
                    0.0,
                    0.0,
                    0.0
                ],
                "sValues": [
                    "",
                    "",
                    "",
                    "",
                    "",
                    "",
                    "",
                    ""
                ]
            },
            "type": 2,
            "comment": ""
        },
        {
            "label": "0003_00",
            "mnemonic": "Nop",
            "operands": {
                "iValues": [],
                "rValues": [],
                "sValues": []
            },
            "type": 2,
            "comment": ""
        },
        {
            "label": "",
            "mnemonic": "Wait",
            "operands": {
                "iValues": [
                    0,
                    0,
                    0,
                    0,
                    0,
                    0,
                    0,
                    0
                ],
                "rValues": [
                    0.7,
                    0.0,
                    0.0,
                    0.0,
                    0.0,
                    0.0,
                    0.0,
                    0.0
                ],
                "sValues": [
                    "",
                    "",
                    "",
                    "",
                    "",
                    "",
                    "",
                    ""
                ]
            },
            "type": 2,
            "comment": ""
        },
        {
            "label": "",
            "mnemonic": "Move",
            "operands": {
                "iValues": [
                    2,
                    2,
                    0,
                    0,
                    0,
                    0,
                    0,
                    0
                ],
                "rValues": [
                    0.0,
                    0.0,
                    0.0,
                    0.0,
                    0.0,
                    0.0,
                    0.0,
                    0.0
                ],
                "sValues": [
                    "",
                    "",
                    "",
                    "",
                    "",
                    "",
                    "",
                    ""
                ]
            },
            "type": 2,
            "comment": ""
        },
        {
            "label": "",
            "mnemonic": "Exit",
            "operands": {
                "iValues": [
                    0,
                    0,
                    0,
                    0,
                    0,
                    0,
                    0,
                    0
                ],
                "rValues": [
                    0.0,
                    0.0,
                    0.0,
                    0.0,
                    0.0,
                    0.0,
                    0.0,
                    0.0
                ],
                "sValues": [
                    "",
                    "",
                    "",
                    "",
                    "",
                    "",
                    "",
                    ""
                ]
            },
            "type": 2,
            "comment": ""
        },
        {
            "label": "0003_01",
            "mnemonic": "Nop",
            "operands": {
                "iValues": [],
                "rValues": [],
                "sValues": []
            },
            "type": 2,
            "comment": ""
        },
        {
            "label": "",
            "mnemonic": "PlayAnim",
            "operands": {
                "iValues": [
                    0,
                    1,
                    0,
                    0,
                    0,
                    0,
                    0,
                    0
                ],
                "rValues": [
                    1.0,
                    0.0,
                    0.0,
                    0.0,
                    0.0,
                    0.0,
                    0.0,
                    0.0
                ],
                "sValues": [
                    "front_stop",
                    "",
                    "",
                    "",
                    "",
                    "",
                    "",
                    ""
                ]
            },
            "type": 2,
            "comment": ""
        },
        {
            "label": "",
            "mnemonic": "LookAt",
            "operands": {
                "iValues": [
                    2,
                    0,
                    0,
                    0,
                    0,
                    0,
                    0,
                    0
                ],
                "rValues": [
                    0.0,
                    0.0,
                    0.0,
                    0.0,
                    0.0,
                    0.0,
                    0.0,
                    0.0
                ],
                "sValues": [
                    "",
                    "",
                    "",
                    "",
                    "",
                    "",
                    "",
                    ""
                ]
            },
            "type": 2,
            "comment": ""
        },
        {
            "label": "",
            "mnemonic": "Exit",
            "operands": {
                "iValues": [
                    0,
                    0,
                    0,
                    0,
                    0,
                    0,
                    0,
                    0
                ],
                "rValues": [
                    0.0,
                    0.0,
                    0.0,
                    0.0,
                    0.0,
                    0.0,
                    0.0,
                    0.0
                ],
                "sValues": [
                    "",
                    "",
                    "",
                    "",
                    "",
                    "",
                    "",
                    ""
                ]
            },
            "type": 2,
            "comment": ""
        }
    ],
    "Animations": [
        {
            "name": "get2",
            "frames": [
                {
                    "sprite_name": "LookDown_00",
                    "offsetx": 0.0,
                    "offsety": 0.0,
                    "alpha": 1.0,
                    "rgb": {
                        "r": 1.0,
                        "g": 1.0,
                        "b": 1.0,
                        "a": 1.0
                    },
                    "flip": false
                },
                {
                    "sprite_name": "LookDown_00",
                    "offsetx": 0.0,
                    "offsety": 0.0,
                    "alpha": 1.0,
                    "rgb": {
                        "r": 1.0,
                        "g": 1.0,
                        "b": 1.0,
                        "a": 1.0
                    },
                    "flip": false
                },
                {
                    "sprite_name": "LookDown_00",
                    "offsetx": 0.0,
                    "offsety": 0.0,
                    "alpha": 1.0,
                    "rgb": {
                        "r": 1.0,
                        "g": 1.0,
                        "b": 1.0,
                        "a": 1.0
                    },
                    "flip": false
                },
                {
                    "sprite_name": "Default_01",
                    "offsetx": 0.0,
                    "offsety": 0.0,
                    "alpha": 1.0,
                    "rgb": {
                        "r": 1.0,
                        "g": 1.0,
                        "b": 1.0,
                        "a": 1.0
                    },
                    "flip": false
                },
                {
                    "sprite_name": "Default_01",
                    "offsetx": 0.0,
                    "offsety": 0.0,
                    "alpha": 1.0,
                    "rgb": {
                        "r": 1.0,
                        "g": 1.0,
                        "b": 1.0,
                        "a": 1.0
                    },
                    "flip": false
                },
                {
                    "sprite_name": "Default_01",
                    "offsetx": 0.0,
                    "offsety": 0.0,
                    "alpha": 1.0,
                    "rgb": {
                        "r": 1.0,
                        "g": 1.0,
                        "b": 1.0,
                        "a": 1.0
                    },
                    "flip": false
                },
                {
                    "sprite_name": "Default_01",
                    "offsetx": 0.0,
                    "offsety": 0.0,
                    "alpha": 1.0,
                    "rgb": {
                        "r": 1.0,
                        "g": 1.0,
                        "b": 1.0,
                        "a": 1.0
                    },
                    "flip": false
                },
                {
                    "sprite_name": "Default_01",
                    "offsetx": 0.0,
                    "offsety": 0.0,
                    "alpha": 1.0,
                    "rgb": {
                        "r": 1.0,
                        "g": 1.0,
                        "b": 1.0,
                        "a": 1.0
                    },
                    "flip": false
                },
                {
                    "sprite_name": "RightHandUp_00",
                    "offsetx": 0.0,
                    "offsety": 0.0,
                    "alpha": 1.0,
                    "rgb": {
                        "r": 1.0,
                        "g": 1.0,
                        "b": 1.0,
                        "a": 1.0
                    },
                    "flip": false
                }
            ],
            "play_speed": 1.5,
            "play_mode": 0,
            "is_reverse": false
        },
        {
            "name": "get2",
            "frames": [
                {
                    "sprite_name": "LookDown_00",
                    "offsetx": 0.0,
                    "offsety": 0.0,
                    "alpha": 1.0,
                    "rgb": {
                        "r": 1.0,
                        "g": 1.0,
                        "b": 1.0,
                        "a": 1.0
                    },
                    "flip": false
                },
                {
                    "sprite_name": "LookDown_00",
                    "offsetx": 0.0,
                    "offsety": 0.0,
                    "alpha": 1.0,
                    "rgb": {
                        "r": 1.0,
                        "g": 1.0,
                        "b": 1.0,
                        "a": 1.0
                    },
                    "flip": false
                },
                {
                    "sprite_name": "LookDown_00",
                    "offsetx": 0.0,
                    "offsety": 0.0,
                    "alpha": 1.0,
                    "rgb": {
                        "r": 1.0,
                        "g": 1.0,
                        "b": 1.0,
                        "a": 1.0
                    },
                    "flip": false
                },
                {
                    "sprite_name": "Default_01",
                    "offsetx": 0.0,
                    "offsety": 0.0,
                    "alpha": 1.0,
                    "rgb": {
                        "r": 1.0,
                        "g": 1.0,
                        "b": 1.0,
                        "a": 1.0
                    },
                    "flip": false
                },
                {
                    "sprite_name": "Default_01",
                    "offsetx": 0.0,
                    "offsety": 0.0,
                    "alpha": 1.0,
                    "rgb": {
                        "r": 1.0,
                        "g": 1.0,
                        "b": 1.0,
                        "a": 1.0
                    },
                    "flip": false
                },
                {
                    "sprite_name": "Default_01",
                    "offsetx": 0.0,
                    "offsety": 0.0,
                    "alpha": 1.0,
                    "rgb": {
                        "r": 1.0,
                        "g": 1.0,
                        "b": 1.0,
                        "a": 1.0
                    },
                    "flip": false
                },
                {
                    "sprite_name": "Default_01",
                    "offsetx": 0.0,
                    "offsety": 0.0,
                    "alpha": 1.0,
                    "rgb": {
                        "r": 1.0,
                        "g": 1.0,
                        "b": 1.0,
                        "a": 1.0
                    },
                    "flip": false
                },
                {
                    "sprite_name": "Default_01",
                    "offsetx": 0.0,
                    "offsety": 0.0,
                    "alpha": 1.0,
                    "rgb": {
                        "r": 1.0,
                        "g": 1.0,
                        "b": 1.0,
                        "a": 1.0
                    },
                    "flip": false
                },
                {
                    "sprite_name": "RightHandUp_00",
                    "offsetx": 0.0,
                    "offsety": 0.0,
                    "alpha": 1.0,
                    "rgb": {
                        "r": 1.0,
                        "g": 1.0,
                        "b": 1.0,
                        "a": 1.0
                    },
                    "flip": false
                }
            ],
            "play_speed": 1.5,
            "play_mode": 0,
            "is_reverse": false
        },
        {
            "name": "Get treasure",
            "frames": [
                {
                    "sprite_name": "Default_01",
                    "offsetx": 0.0,
                    "offsety": 0.0,
                    "alpha": 1.0,
                    "rgb": {
                        "r": 1.0,
                        "g": 1.0,
                        "b": 1.0,
                        "a": 1.0
                    },
                    "flip": false
                },
                {
                    "sprite_name": "LookDown_00",
                    "offsetx": 0.0,
                    "offsety": 0.0,
                    "alpha": 1.0,
                    "rgb": {
                        "r": 1.0,
                        "g": 1.0,
                        "b": 1.0,
                        "a": 1.0
                    },
                    "flip": false
                },
                {
                    "sprite_name": "LookDown_00",
                    "offsetx": 0.0,
                    "offsety": 0.0,
                    "alpha": 1.0,
                    "rgb": {
                        "r": 1.0,
                        "g": 1.0,
                        "b": 1.0,
                        "a": 1.0
                    },
                    "flip": false
                },
                {
                    "sprite_name": "RightHandUp_00",
                    "offsetx": 0.0,
                    "offsety": 0.0,
                    "alpha": 1.0,
                    "rgb": {
                        "r": 1.0,
                        "g": 1.0,
                        "b": 1.0,
                        "a": 1.0
                    },
                    "flip": false
                }
            ],
            "play_speed": 1.5,
            "play_mode": 0,
            "is_reverse": false
        }
    ],
    "Name": "sc_e_0011_2",
    "Title": {
        "main": "アストスとの戦闘",
        "sub": "オンラクのデモ"
    }
}