id,gender,dominant_arm,lv,exp,growth_curve_group_id,job_id,mes_id_name,in_type_id,hp,mp,magical_times1,magical_times2,magical_times3,magical_times4,magical_times5,magical_times6,magical_times7,magical_times8,strength,vitality,agility,intelligence,spirit,magic,luck,attack,defense,accuracy_rate,dodge_times,evasion_rate,ability_defense,magic_evasion_rate,corps,command_id1,command_id2,command_id3,command_id4,command_id5,command_id6,content_id1,content_id2,content_id3,content_id4,content_id5,content_id6,ability_random_group_id,initial_condition_group,character_asset_id
1,1,1,1,0,1,1,None,2,35,0,0,0,0,0,0,0,0,0,10,15,8,1,0,0,8,0,0,10,0,53,0,15,1,1,3,4,0,0,0,63,130,134,132,133,0,0,0,1
2,1,1,1,0,2,2,None,2,30,0,0,0,0,0,0,0,0,0,5,5,15,1,0,0,15,0,0,15,0,58,0,13,1,1,3,4,0,0,0,63,130,134,132,133,0,0,0,2
3,1,1,1,0,3,3,None,2,33,0,0,0,0,0,0,0,0,0,12,10,5,1,0,0,5,0,0,8,0,50,0,10,1,1,3,4,0,0,0,118,130,134,132,133,0,0,0,3
4,1,1,1,0,4,4,None,2,30,0,2,0,0,0,0,0,0,0,5,5,10,10,0,0,5,0,0,12,0,53,0,20,1,1,3,4,0,0,0,63,130,134,132,133,0,0,0,4
5,1,1,1,0,5,5,None,2,33,0,2,0,0,0,0,0,0,0,5,8,5,15,0,0,5,0,0,5,0,53,0,23,1,1,3,4,0,0,0,118,130,134,132,133,0,0,0,9
6,1,1,1,0,6,6,None,2,25,0,2,0,0,0,0,0,0,0,3,2,5,20,0,0,10,0,0,8,0,53,0,23,1,1,3,4,0,0,0,118,130,134,132,133,0,0,0,10
