{
    "EntryPoint" : 0,
    "Count" : 3,
    "Mnemonics" : [
        {"label" : "0", "mnemonic" : "ChangeMap", "type" : 1, "operands" : { "iValues" : [9,1],"sValues" : ["e_37_3"] }},
        {"label" : "1", "mnemonic" : "Wait", "type" : 1, "operands" : { "iValues" : [3] } },
        {"label" : "2", "mnemonic" : "Wait", "type" : 1, "operands" : { "rValues" : [0.5] } },
        {"label" : "3", "mnemonic" : "Call", "type" : 1, "operands" : { "iValues" : [6] } },
        {"label" : "4", "mnemonic" : "Nop", "type" : 1},
        {"label" : "5", "mnemonic" : "Exit", "type" : 1},
        {"label" : "6Sub1", "mnemonic" : "Nop", "type" : 1 },
        {"label" : "7", "mnemonic" : "Calc", "type" : 1, "operands" : { "sValues" : [ "ScenarioVariable", "←", "imm" ], "iValues" : [0, 100] }, "comment" : "s0 = 100" },
        {"label" : "8", "mnemonic" : "Calc", "type" : 1, "operands" : { "sValues" : [ "ScenarioVariable", "←", "imm" ], "iValues" : [1, 100] }, "comment" : "s1 = 100" },
        {"label" : "9", "mnemonic" : "Calc", "type" : 1, "operands" : { "sValues" : [ "ScenarioVariable", "＋", "ScenarioVariable" ], "iValues" : [0, 1] }, "comment" : "s0 = s0 + s1 = 200" },
        {"label" : "10", "mnemonic" : "Calc", "type" : 1, "operands" : { "sValues" : [ "ScenarioVariable", "←", "ScenarioVariable" ], "iValues" : [2, 0] }, "comment" : "s2 = s0 (= 200)" },
        {"label" : "11", "mnemonic" : "Calc", "type" : 1, "operands" : { "sValues" : [ "ScenarioVariable", "－", "ScenarioVariable" ], "iValues" : [2, 1] }, "comment" : "s2 = s2 - s1 = 100" },
        {"label" : "12", "mnemonic" : "Calc", "type" : 1, "operands" : { "sValues" : [ "ScenarioVariable", "×", "imm" ], "iValues" : [2, 2] }, "comment" : "s2 = s2 * 2 = 200" },
        {"label" : "13", "mnemonic" : "Calc", "type" : 1, "operands" : { "sValues" : [ "ScenarioVariable", "÷", "imm" ], "iValues" : [2, 20] }, "comment" : "s2 = s2 / 20 = 10" },
        {"label" : "14", "mnemonic" : "Calc", "type" : 1, "operands" : { "sValues" : [ "ScenarioVariable", "％", "imm" ], "iValues" : [2, 4] }, "comment" : "s2 = s2 % 4 = 2" },
        {"label" : "15", "mnemonic" : "Branch", "type" : 1, "operands" : { "sValues" : [ "ScenarioVariable", "＝", "imm" ], "iValues" : [2, 2, 17] }, "comment" : "if(s2 == 2) goto 17" },
        {"label" : "16Error", "mnemonic" : "Return", "type" : 1},
        {"label" : "17Skip", "mnemonic" : "Nop", "type" : 1 },
        {"label" : "18", "mnemonic" : "Branch", "type" : 1, "operands" : { "sValues" : [ "ScenarioVariable", "≧", "imm" ], "iValues" : [2, 2, 20] }, "comment" : "if(s2 >= 2) goto 20" },
        {"label" : "19Error", "mnemonic" : "Return", "type" : 1},
        {"label" : "20Skip", "mnemonic" : "Nop", "type" : 1 },
        {"label" : "21", "mnemonic" : "Branch", "type" : 1, "operands" : { "sValues" : [ "ScenarioVariable", "≧", "imm" ], "iValues" : [2, 1, 23] }, "comment" : "if(s2 >= 1) goto 23" },
        {"label" : "22Error", "mnemonic" : "Return", "type" : 1},
        {"label" : "23Skip", "mnemonic" : "Nop", "type" : 1 },
        {"label" : "24", "mnemonic" : "Branch", "type" : 1, "operands" : { "sValues" : [ "ScenarioVariable", "≧", "imm" ], "iValues" : [2, 3, 27] }, "comment" : "if(s2 >= 3) goto xx" },
        {"label" : "25Skip", "mnemonic" : "Nop", "type" : 1 },
        {"label" : "26Error", "mnemonic" : "Nop", "type" : 1 },
        {"label" : "27", "mnemonic" : "SetFlag", "type" : 1, "operands" : { "sValues" : ["ScenarioFlag1"], "iValues" : [24]}, "comments" : "ScenarioFlag1-24 <- true" },
        {"label" : "28", "mnemonic" : "FadeOut", "type" : 1, "operands" : { "rValues" : [0.3] } },
        {"label" : "29", "mnemonic" : "FadeIn", "type" : 1, "operands" : { "rValues" : [0.3] } },
        {"label" : "30", "mnemonic" : "Call", "type" : 1, "operands" : { "iValues" : [32] } }, 
        {"label" : "31", "mnemonic" : "Return", "type" : 1},
        {"label" : "32", "mnemonic" : "Nop", "type" : 1, "comment" : "PuppetTest"},
        {"label" : "33", "mnemonic" : "Msg", "type" : 1, "operands" : { "sValues" : ["MSG_SHP_MES_17"] } },
        {"label" : "34", "mnemonic" : "FadeOut", "type" : 1, "operands" : { "iValues" : [255, 0, 0, 128], "rValues" : [0.1] } },
        {"label" : "35", "mnemonic" : "FadeIn", "type" : 1, "operands" : { "rValues" : [0.1] } },
        {"label" : "36", "mnemonic" : "Wait", "type" : 1, "operands" : { "rValues" : [1.0] } },
        {"label" : "37", "mnemonic" : "Flash", "type" : 1, "operands" : { "iValues" : [0, 0, 255, 192], "rValues" : [0.05] } },
        {"label" : "38", "mnemonic" : "Wait", "type" : 1, "operands" : { "rValues" : [1.0] } },
        {"label" : "39", "mnemonic" : "Flash", "type" : 1, "operands" : { "iValues" : [255, 255, 0, 64], "rValues" : [0.1] } },
        {"label" : "40", "mnemonic" : "SysCall", "type" : 1, "operands" : { "sValues" : ["SystemCallTest"] } },
        {"label" : "41", "mnemonic" : "SetPuppet", "type" : 1, "operands" : { "iValues" : [0 , 230 , 45] } },
        {"label" : "42", "mnemonic" : "SetPuppet", "type" : 1, "operands" : { "iValues" : [1 , 231 , 50] } },
        {"label" : "43", "mnemonic" : "ExecPuppet", "type" : 1},
        {"label" : "44", "mnemonic" : "Jump", "type" : 1, "operands" : { "iValues" : [55] } },
        {"label" : "45", "mnemonic" : "Nop", "type" : 2},
        {"label" : "46", "mnemonic" : "Move", "type" : 2, "operands" : { "iValues" : [2, 4, 0], "sValues" : [""] } },
        {"label" : "47", "mnemonic" : "SetPos", "type" : 2, "operands" : { "iValues" : [32, 42, 1], "sValues" : [""] } },
        {"label" : "48", "mnemonic" : "MoveTo", "type" : 2, "operands" : { "iValues" : [1, 0, 43, 0, 2], "sValues" : [""] } },
        {"label" : "49", "mnemonic" : "Exit", "type" : 2},
        {"label" : "50", "mnemonic" : "Nop", "type" : 2},
        {"label" : "51", "mnemonic" : "MoveTo", "type" : 2, "operands" : { "iValues" : [1, 1, 230, 1, 2], "sValues" : [""] } },
        {"label" : "52", "mnemonic" : "MoveTo", "type" : 2, "operands" : { "iValues" : [0, 0, 26, 0, 2], "sValues" : [""] } },
        {"label" : "53", "mnemonic" : "SetPos", "type" : 2, "operands" : { "iValues" : [32, 47, 2], "sValues" : [""] } },
        {"label" : "54", "mnemonic" : "Exit", "type" : 2},
        {"label" : "55", "mnemonic" : "Nop", "type" : 1},
        {"label" : "56", "mnemonic" : "Nop", "type" : 1},
        {"label" : "57", "mnemonic" : "Nop", "type" : 1},
        {"label" : "58", "mnemonic" : "Nop", "type" : 1},
        {"label" : "59", "mnemonic" : "Nop", "type" : 1},
        {"label" : "60", "mnemonic" : "SetPuppet", "type" : 1, "operands" : { "iValues" : [0 , -1, 70] } },
        {"label" : "61", "mnemonic" : "SetPuppet", "type" : 1, "operands" : { "iValues" : [1 , -2, 80] } },
        {"label" : "62", "mnemonic" : "SetPuppet", "type" : 1, "operands" : { "iValues" : [2 , -3, 90] } },
        {"label" : "63", "mnemonic" : "SetPuppet", "type" : 1, "operands" : { "iValues" : [3 , -4, 100] } },
        {"label" : "64", "mnemonic" : "SetPuppet", "type" : 1, "operands" : { "iValues" : [4 , -5, 110] } },
        {"label" : "65", "mnemonic" : "ExecPuppet", "type" : 1},
        {"label" : "66", "mnemonic" : "Jump", "type" : 1, "operands" : { "iValues" : [120] } },
        {"label" : "67", "mnemonic" : "Nop", "type" : 1},
        {"label" : "68", "mnemonic" : "Nop", "type" : 1},
        {"label" : "69", "mnemonic" : "Nop", "type" : 1},
        {"label" : "70", "mnemonic" : "Nop", "type" : 2},
        {"label" : "71", "mnemonic" : "Nop", "type" : 2},
        {"label" : "72", "mnemonic" : "Nop", "type" : 2},
        {"label" : "73", "mnemonic" : "MoveTo", "type" : 2, "operands" : { "iValues" : [1, 1, -5, -1, 2], "sValues" : [""] } },
        {"label" : "74", "mnemonic" : "Nop", "type" : 2},
        {"label" : "75", "mnemonic" : "Nop", "type" : 2},
        {"label" : "76", "mnemonic" : "Nop", "type" : 2},
        {"label" : "77", "mnemonic" : "Nop", "type" : 2},
        {"label" : "78", "mnemonic" : "Nop", "type" : 2},
        {"label" : "79", "mnemonic" : "Exit", "type" : 2},
        {"label" : "80", "mnemonic" : "Nop", "type" : 2},
        {"label" : "81", "mnemonic" : "Nop", "type" : 2},
        {"label" : "82", "mnemonic" : "Nop", "type" : 2},
        {"label" : "83", "mnemonic" : "MoveTo", "type" : 2, "operands" : { "iValues" : [0, 1, -5, -1, 2], "sValues" : [""] } },
        {"label" : "84", "mnemonic" : "Nop", "type" : 2},
        {"label" : "85", "mnemonic" : "Nop", "type" : 2},
        {"label" : "86", "mnemonic" : "Nop", "type" : 2},
        {"label" : "87", "mnemonic" : "Nop", "type" : 2},
        {"label" : "88", "mnemonic" : "Nop", "type" : 2},
        {"label" : "89", "mnemonic" : "Exit", "type" : 2},
        {"label" : "90", "mnemonic" : "Nop", "type" : 2},
        {"label" : "91", "mnemonic" : "Nop", "type" : 2},
        {"label" : "92", "mnemonic" : "Nop", "type" : 2},
        {"label" : "93", "mnemonic" : "MoveTo", "type" : 2, "operands" : { "iValues" : [0, 1, -5, 1, 2], "sValues" : [""] } },
        {"label" : "94", "mnemonic" : "Nop", "type" : 2},
        {"label" : "95", "mnemonic" : "Nop", "type" : 2},
        {"label" : "96", "mnemonic" : "Nop", "type" : 2},
        {"label" : "97", "mnemonic" : "Nop", "type" : 2},
        {"label" : "98", "mnemonic" : "Nop", "type" : 2},
        {"label" : "99", "mnemonic" : "Exit", "type" : 2},
        {"label" : "100", "mnemonic" : "Nop", "type" : 2},
        {"label" : "101", "mnemonic" : "Nop", "type" : 2},
        {"label" : "102", "mnemonic" : "Nop", "type" : 2},
        {"label" : "103", "mnemonic" : "MoveTo", "type" : 2, "operands" : { "iValues" : [1, 1, -5, 1, 2], "sValues" : [""] } },
        {"label" : "104", "mnemonic" : "Nop", "type" : 2},
        {"label" : "105", "mnemonic" : "Nop", "type" : 2},
        {"label" : "106", "mnemonic" : "Nop", "type" : 2},
        {"label" : "107", "mnemonic" : "Nop", "type" : 2},
        {"label" : "108", "mnemonic" : "Nop", "type" : 2},
        {"label" : "109", "mnemonic" : "Exit", "type" : 2},
        {"label" : "110", "mnemonic" : "Nop", "type" : 2},
        {"label" : "111", "mnemonic" : "Nop", "type" : 2},
        {"label" : "112", "mnemonic" : "Nop", "type" : 2},
        {"label" : "113", "mnemonic" : "Nop", "type" : 2},
        {"label" : "114", "mnemonic" : "Nop", "type" : 2},
        {"label" : "115", "mnemonic" : "Nop", "type" : 2},
        {"label" : "116", "mnemonic" : "Nop", "type" : 2},
        {"label" : "117", "mnemonic" : "Nop", "type" : 2},
        {"label" : "118", "mnemonic" : "Nop", "type" : 2},
        {"label" : "119", "mnemonic" : "Exit", "type" : 2},
        {"label" : "120", "mnemonic" : "Nop", "type" : 1},
        {"label" : "121", "mnemonic" : "Nop", "type" : 1},
        {"label" : "122", "mnemonic" : "Nop", "type" : 1},
        {"label" : "123", "mnemonic" : "Nop", "type" : 1},
        {"label" : "124", "mnemonic" : "Nop", "type" : 1},
        {"label" : "125", "mnemonic" : "Nop", "type" : 1},
        {"label" : "126", "mnemonic" : "Nop", "type" : 1},
        {"label" : "127", "mnemonic" : "Nop", "type" : 1},
        {"label" : "128", "mnemonic" : "Nop", "type" : 1},
        {"label" : "129", "mnemonic" : "Nop", "type" : 1},
        {"label" : "130", "mnemonic" : "Nop", "type" : 1},
        {"label" : "131", "mnemonic" : "Nop", "type" : 1},
        {"label" : "132", "mnemonic" : "Nop", "type" : 1},
        {"label" : "133", "mnemonic" : "Nop", "type" : 1},
        {"label" : "134", "mnemonic" : "Nop", "type" : 1},
        {"label" : "135", "mnemonic" : "Nop", "type" : 1},
        {"label" : "136", "mnemonic" : "Nop", "type" : 1},
        {"label" : "137", "mnemonic" : "Nop", "type" : 1},
        {"label" : "138", "mnemonic" : "Nop", "type" : 1},
        {"label" : "139", "mnemonic" : "Nop", "type" : 1},
        {"label" : "140", "mnemonic" : "Nop", "type" : 1},
        {"label" : "141", "mnemonic" : "Nop", "type" : 1},
        {"label" : "142", "mnemonic" : "Nop", "type" : 1},
        {"label" : "143", "mnemonic" : "Nop", "type" : 1},
        {"label" : "144", "mnemonic" : "Nop", "type" : 1},
        {"label" : "145", "mnemonic" : "Nop", "type" : 1},
        {"label" : "146", "mnemonic" : "Nop", "type" : 1},
        {"label" : "147", "mnemonic" : "Nop", "type" : 1},
        {"label" : "148", "mnemonic" : "Nop", "type" : 1},
        {"label" : "149", "mnemonic" : "Nop", "type" : 1},
        {"label" : "150", "mnemonic" : "Nop", "type" : 1},
        {"label" : "151", "mnemonic" : "Nop", "type" : 1},
        {"label" : "152", "mnemonic" : "Nop", "type" : 1},
        {"label" : "153", "mnemonic" : "Nop", "type" : 1},
        {"label" : "154", "mnemonic" : "Nop", "type" : 1},
        {"label" : "155", "mnemonic" : "Nop", "type" : 1},
        {"label" : "156", "mnemonic" : "Nop", "type" : 1},
        {"label" : "157", "mnemonic" : "Nop", "type" : 1},
        {"label" : "158", "mnemonic" : "Nop", "type" : 1},
        {"label" : "159", "mnemonic" : "Nop", "type" : 1},
        {"label" : "160", "mnemonic" : "Nop", "type" : 1},
        {"label" : "161", "mnemonic" : "Nop", "type" : 1},
        {"label" : "162", "mnemonic" : "Nop", "type" : 1},
        {"label" : "163", "mnemonic" : "Nop", "type" : 1},
        {"label" : "164", "mnemonic" : "Nop", "type" : 1},
        {"label" : "165", "mnemonic" : "Nop", "type" : 1},
        {"label" : "166", "mnemonic" : "Nop", "type" : 1},
        {"label" : "167", "mnemonic" : "Nop", "type" : 1},
        {"label" : "168", "mnemonic" : "Nop", "type" : 1},
        {"label" : "169", "mnemonic" : "Nop", "type" : 1},
        {"label" : "170", "mnemonic" : "Nop", "type" : 1},
        {"label" : "171", "mnemonic" : "Nop", "type" : 1},
        {"label" : "172", "mnemonic" : "Nop", "type" : 1},
        {"label" : "173", "mnemonic" : "Nop", "type" : 1},
        {"label" : "174", "mnemonic" : "Nop", "type" : 1},
        {"label" : "175", "mnemonic" : "Nop", "type" : 1},
        {"label" : "176", "mnemonic" : "Nop", "type" : 1},
        {"label" : "177", "mnemonic" : "Nop", "type" : 1},
        {"label" : "178", "mnemonic" : "Nop", "type" : 1},
        {"label" : "179", "mnemonic" : "Nop", "type" : 1},
        {"label" : "180", "mnemonic" : "Nop", "type" : 1},
        {"label" : "181", "mnemonic" : "Nop", "type" : 1},
        {"label" : "182", "mnemonic" : "Nop", "type" : 1},
        {"label" : "183", "mnemonic" : "Nop", "type" : 1},
        {"label" : "184", "mnemonic" : "Nop", "type" : 1},
        {"label" : "185", "mnemonic" : "Nop", "type" : 1},
        {"label" : "186", "mnemonic" : "Nop", "type" : 1},
        {"label" : "187", "mnemonic" : "Nop", "type" : 1},
        {"label" : "188", "mnemonic" : "Nop", "type" : 1},
        {"label" : "189", "mnemonic" : "Nop", "type" : 1},
        {"label" : "190", "mnemonic" : "Nop", "type" : 1},
        {"label" : "191", "mnemonic" : "Nop", "type" : 1},
        {"label" : "192", "mnemonic" : "Nop", "type" : 1},
        {"label" : "193", "mnemonic" : "Nop", "type" : 1},
        {"label" : "194", "mnemonic" : "Nop", "type" : 1},
        {"label" : "195", "mnemonic" : "Nop", "type" : 1},
        {"label" : "196", "mnemonic" : "Nop", "type" : 1},
        {"label" : "197", "mnemonic" : "Nop", "type" : 1},
        {"label" : "198", "mnemonic" : "Nop", "type" : 1},
        {"label" : "199", "mnemonic" : "Nop", "type" : 1},
        {"label" : "200", "mnemonic" : "Nop", "type" : 1},
        {"label" : "201", "mnemonic" : "Nop", "type" : 1},
        {"label" : "202", "mnemonic" : "Nop", "type" : 1},
        {"label" : "203", "mnemonic" : "Nop", "type" : 1},
        {"label" : "204", "mnemonic" : "Nop", "type" : 1},
        {"label" : "205", "mnemonic" : "Nop", "type" : 1},
        {"label" : "206", "mnemonic" : "Nop", "type" : 1},
        {"label" : "207", "mnemonic" : "Nop", "type" : 1},
        {"label" : "208", "mnemonic" : "Nop", "type" : 1},
        {"label" : "209", "mnemonic" : "Nop", "type" : 1},
        {"label" : "210", "mnemonic" : "Nop", "type" : 1},
        {"label" : "211", "mnemonic" : "Nop", "type" : 1},
        {"label" : "212", "mnemonic" : "Nop", "type" : 1},
        {"label" : "213", "mnemonic" : "Nop", "type" : 1},
        {"label" : "214", "mnemonic" : "Nop", "type" : 1},
        {"label" : "215", "mnemonic" : "Nop", "type" : 1},
        {"label" : "216", "mnemonic" : "Nop", "type" : 1},
        {"label" : "217", "mnemonic" : "Nop", "type" : 1},
        {"label" : "218", "mnemonic" : "Nop", "type" : 1},
        {"label" : "219", "mnemonic" : "Nop", "type" : 1},
        {"label" : "220", "mnemonic" : "Nop", "type" : 1},
        {"label" : "221", "mnemonic" : "Nop", "type" : 1},
        {"label" : "222", "mnemonic" : "Nop", "type" : 1},
        {"label" : "223", "mnemonic" : "Nop", "type" : 1},
        {"label" : "224", "mnemonic" : "Nop", "type" : 1},
        {"label" : "225", "mnemonic" : "Nop", "type" : 1},
        {"label" : "226", "mnemonic" : "Nop", "type" : 1},
        {"label" : "227", "mnemonic" : "Nop", "type" : 1},
        {"label" : "228", "mnemonic" : "Nop", "type" : 1},
        {"label" : "229", "mnemonic" : "Nop", "type" : 1},
        {"label" : "230", "mnemonic" : "Nop", "type" : 1},
        {"label" : "231", "mnemonic" : "Nop", "type" : 1},
        {"label" : "232", "mnemonic" : "Nop", "type" : 1},
        {"label" : "233", "mnemonic" : "Nop", "type" : 1},
        {"label" : "234", "mnemonic" : "Nop", "type" : 1},
        {"label" : "235", "mnemonic" : "Nop", "type" : 1},
        {"label" : "236", "mnemonic" : "Nop", "type" : 1},
        {"label" : "237", "mnemonic" : "Nop", "type" : 1},
        {"label" : "238", "mnemonic" : "Nop", "type" : 1},
        {"label" : "239", "mnemonic" : "Nop", "type" : 1},
        {"label" : "240", "mnemonic" : "Nop", "type" : 1},
        {"label" : "241", "mnemonic" : "Nop", "type" : 1},
        {"label" : "242", "mnemonic" : "Nop", "type" : 1},
        {"label" : "243", "mnemonic" : "Nop", "type" : 1},
        {"label" : "244", "mnemonic" : "Nop", "type" : 1},
        {"label" : "245", "mnemonic" : "Nop", "type" : 1},
        {"label" : "246", "mnemonic" : "Nop", "type" : 1},
        {"label" : "247", "mnemonic" : "Nop", "type" : 1},
        {"label" : "248", "mnemonic" : "Nop", "type" : 1},
        {"label" : "249", "mnemonic" : "Nop", "type" : 1},
        {"label" : "250", "mnemonic" : "Nop", "type" : 1},
        {"label" : "251", "mnemonic" : "Nop", "type" : 1},
        {"label" : "252", "mnemonic" : "Nop", "type" : 1},
        {"label" : "253", "mnemonic" : "Nop", "type" : 1},
        {"label" : "254", "mnemonic" : "Nop", "type" : 1},
        {"label" : "255", "mnemonic" : "Nop", "type" : 1},
        {"label" : "256", "mnemonic" : "Nop", "type" : 1},
        {"label" : "257", "mnemonic" : "Nop", "type" : 1},
        {"label" : "258", "mnemonic" : "Nop", "type" : 1},
        {"label" : "259", "mnemonic" : "Nop", "type" : 1},
        {"label" : "260", "mnemonic" : "Nop", "type" : 1},
        {"label" : "261", "mnemonic" : "Nop", "type" : 1},
        {"label" : "262", "mnemonic" : "Nop", "type" : 1},
        {"label" : "263", "mnemonic" : "Nop", "type" : 1},
        {"label" : "264", "mnemonic" : "Nop", "type" : 1},
        {"label" : "265", "mnemonic" : "Nop", "type" : 1},
        {"label" : "266", "mnemonic" : "Nop", "type" : 1},
        {"label" : "267", "mnemonic" : "Nop", "type" : 1},
        {"label" : "268", "mnemonic" : "Nop", "type" : 1},
        {"label" : "269", "mnemonic" : "Nop", "type" : 1},
        {"label" : "270", "mnemonic" : "Nop", "type" : 1},
        {"label" : "271", "mnemonic" : "Nop", "type" : 1},
        {"label" : "272", "mnemonic" : "Nop", "type" : 1},
        {"label" : "273", "mnemonic" : "Nop", "type" : 1},
        {"label" : "274", "mnemonic" : "Nop", "type" : 1},
        {"label" : "275", "mnemonic" : "Nop", "type" : 1},
        {"label" : "276", "mnemonic" : "Nop", "type" : 1},
        {"label" : "277", "mnemonic" : "Nop", "type" : 1},
        {"label" : "278", "mnemonic" : "Nop", "type" : 1},
        {"label" : "279", "mnemonic" : "Nop", "type" : 1},
        {"label" : "280", "mnemonic" : "Return", "type" : 1}
    ]
}

