{
  "id":7,
  "layers":[
    {
      "draworder":"topdown",
      "id":11,
      "name":"BottomObject",
      "objects":[
        {
          "height":16,
          "id":5,
          "name":"1.TileAnimRegion",
          "properties":[
            {
              "name":"all_layers",
              "type":"bool",
              "value":true
            },
            {
              "name":"entity_id",
              "type":"int",
              "value":35
            },
            {
              "name":"object_id",
              "type":"int",
              "value":1
            },
            {
              "name":"object_type",
              "type":"int",
              "value":1
            },
            {
              "name":"reverse",
              "type":"bool",
              "value":true
            }
          ],
          "rotation":0,
          "type":"",
          "visible":true,
          "width":16,
          "x":592,
          "y":592
        },
        {
          "height":16,
          "id":8,
          "name":"2.TileAnimRegion",
          "properties":[
            {
              "name":"all_layers",
              "type":"bool",
              "value":true
            },
            {
              "name":"entity_id",
              "type":"int",
              "value":1
            },
            {
              "name":"object_id",
              "type":"int",
              "value":2
            },
            {
              "name":"object_type",
              "type":"int",
              "value":1
            },
            {
              "name":"reverse",
              "type":"bool",
              "value":true
            }
          ],
          "rotation":0,
          "type":"",
          "visible":true,
          "width":16,
          "x":400,
          "y":592
        },
        {
          "height":16,
          "id":11,
          "name":"3.TileAnimRegion",
          "properties":[
            {
              "name":"all_layers",
              "type":"bool",
              "value":true
            },
            {
              "name":"entity_id",
              "type":"int",
              "value":2
            },
            {
              "name":"object_id",
              "type":"int",
              "value":3
            },
            {
              "name":"object_type",
              "type":"int",
              "value":1
            },
            {
              "name":"reverse",
              "type":"bool",
              "value":true
            }
          ],
          "rotation":0,
          "type":"",
          "visible":true,
          "width":16,
          "x":352,
          "y":592
        },
        {
          "height":16,
          "id":14,
          "name":"4.TileAnimRegion",
          "properties":[
            {
              "name":"all_layers",
              "type":"bool",
              "value":true
            },
            {
              "name":"entity_id",
              "type":"int",
              "value":3
            },
            {
              "name":"object_id",
              "type":"int",
              "value":4
            },
            {
              "name":"object_type",
              "type":"int",
              "value":1
            },
            {
              "name":"reverse",
              "type":"bool",
              "value":true
            }
          ],
          "rotation":0,
          "type":"",
          "visible":true,
          "width":16,
          "x":160,
          "y":592
        },
        {
          "gid":2023,
          "height":16,
          "id":17,
          "name":"1.OpenTrigger",
          "properties":[
            {
              "name":"action_id",
              "type":"int",
              "value":5
            },
            {
              "name":"entity_id",
              "type":"int",
              "value":4
            },
            {
              "name":"link_object_id",
              "type":"int",
              "value":1
            },
            {
              "name":"object_id",
              "type":"int",
              "value":1
            },
            {
              "name":"object_type",
              "type":"int",
              "value":8
            },
            {
              "name":"se_id",
              "type":"int",
              "value":9
            }
          ],
          "rotation":0,
          "type":"",
          "visible":true,
          "width":16,
          "x":592,
          "y":608
        },
        {
          "gid":2017,
          "height":16,
          "id":19,
          "name":"1.ToLayer",
          "properties":[
            {
              "name":"action_id",
              "type":"int",
              "value":1
            },
            {
              "name":"direction",
              "type":"int",
              "value":0
            },
            {
              "name":"entity_id",
              "type":"int",
              "value":37
            },
            {
              "name":"layer",
              "type":"int",
              "value":2
            },
            {
              "name":"link_object_id",
              "type":"int",
              "value":0
            },
            {
              "name":"object_id",
              "type":"int",
              "value":0
            },
            {
              "name":"object_type",
              "type":"int",
              "value":4
            },
            {
              "name":"script_id",
              "type":"int",
              "value":0
            }
          ],
          "rotation":0,
          "type":"",
          "visible":true,
          "width":16,
          "x":592,
          "y":624
        },
        {
          "gid":2023,
          "height":16,
          "id":20,
          "name":"2.OpenTrigger",
          "properties":[
            {
              "name":"action_id",
              "type":"int",
              "value":5
            },
            {
              "name":"entity_id",
              "type":"int",
              "value":5
            },
            {
              "name":"link_object_id",
              "type":"int",
              "value":2
            },
            {
              "name":"object_id",
              "type":"int",
              "value":2
            },
            {
              "name":"object_type",
              "type":"int",
              "value":8
            },
            {
              "name":"se_id",
              "type":"int",
              "value":9
            }
          ],
          "rotation":0,
          "type":"",
          "visible":true,
          "width":16,
          "x":400,
          "y":608
        },
        {
          "gid":2017,
          "height":16,
          "id":21,
          "name":"2.ToLayer",
          "properties":[
            {
              "name":"action_id",
              "type":"int",
              "value":1
            },
            {
              "name":"direction",
              "type":"int",
              "value":0
            },
            {
              "name":"entity_id",
              "type":"int",
              "value":38
            },
            {
              "name":"layer",
              "type":"int",
              "value":2
            },
            {
              "name":"link_object_id",
              "type":"int",
              "value":0
            },
            {
              "name":"object_id",
              "type":"int",
              "value":0
            },
            {
              "name":"object_type",
              "type":"int",
              "value":4
            },
            {
              "name":"script_id",
              "type":"int",
              "value":0
            }
          ],
          "rotation":0,
          "type":"",
          "visible":true,
          "width":16,
          "x":400,
          "y":624
        },
        {
          "gid":2023,
          "height":16,
          "id":22,
          "name":"3.OpenTrigger",
          "properties":[
            {
              "name":"action_id",
              "type":"int",
              "value":5
            },
            {
              "name":"entity_id",
              "type":"int",
              "value":6
            },
            {
              "name":"link_object_id",
              "type":"int",
              "value":3
            },
            {
              "name":"object_id",
              "type":"int",
              "value":3
            },
            {
              "name":"object_type",
              "type":"int",
              "value":8
            },
            {
              "name":"se_id",
              "type":"int",
              "value":9
            }
          ],
          "rotation":0,
          "type":"",
          "visible":true,
          "width":16,
          "x":352,
          "y":608
        },
        {
          "gid":2017,
          "height":16,
          "id":23,
          "name":"3.ToLayer",
          "properties":[
            {
              "name":"action_id",
              "type":"int",
              "value":1
            },
            {
              "name":"direction",
              "type":"int",
              "value":0
            },
            {
              "name":"entity_id",
              "type":"int",
              "value":39
            },
            {
              "name":"layer",
              "type":"int",
              "value":2
            },
            {
              "name":"link_object_id",
              "type":"int",
              "value":0
            },
            {
              "name":"object_id",
              "type":"int",
              "value":0
            },
            {
              "name":"object_type",
              "type":"int",
              "value":4
            },
            {
              "name":"script_id",
              "type":"int",
              "value":0
            }
          ],
          "rotation":0,
          "type":"",
          "visible":true,
          "width":16,
          "x":352,
          "y":624
        },
        {
          "gid":2023,
          "height":16,
          "id":24,
          "name":"4.OpenTrigger",
          "properties":[
            {
              "name":"action_id",
              "type":"int",
              "value":5
            },
            {
              "name":"entity_id",
              "type":"int",
              "value":7
            },
            {
              "name":"link_object_id",
              "type":"int",
              "value":4
            },
            {
              "name":"object_id",
              "type":"int",
              "value":4
            },
            {
              "name":"object_type",
              "type":"int",
              "value":8
            },
            {
              "name":"se_id",
              "type":"int",
              "value":9
            }
          ],
          "rotation":0,
          "type":"",
          "visible":true,
          "width":16,
          "x":160,
          "y":608
        },
        {
          "gid":2017,
          "height":16,
          "id":25,
          "name":"4.ToLayer",
          "properties":[
            {
              "name":"action_id",
              "type":"int",
              "value":1
            },
            {
              "name":"direction",
              "type":"int",
              "value":0
            },
            {
              "name":"entity_id",
              "type":"int",
              "value":40
            },
            {
              "name":"layer",
              "type":"int",
              "value":2
            },
            {
              "name":"link_object_id",
              "type":"int",
              "value":0
            },
            {
              "name":"object_id",
              "type":"int",
              "value":0
            },
            {
              "name":"object_type",
              "type":"int",
              "value":4
            },
            {
              "name":"script_id",
              "type":"int",
              "value":0
            }
          ],
          "rotation":0,
          "type":"",
          "visible":true,
          "width":16,
          "x":160,
          "y":624
        },
        {
          "gid":2047,
          "height":16,
          "id":26,
          "name":"4150\u30ae\u30eb",
          "properties":[
            {
              "name":"accept_action_direction",
              "type":"int",
              "value":15
            },
            {
              "name":"action_id",
              "type":"int",
              "value":6
            },
            {
              "name":"asset_id",
              "type":"int",
              "value":0
            },
            {
              "name":"collision",
              "type":"bool",
              "value":true
            },
            {
              "name":"content_id",
              "type":"int",
              "value":1
            },
            {
              "name":"content_num",
              "type":"int",
              "value":4150
            },
            {
              "name":"direction",
              "type":"int",
              "value":15
            },
            {
              "name":"entity_id",
              "type":"int",
              "value":8
            },
            {
              "name":"flag_id",
              "type":"int",
              "value":68
            },
            {
              "name":"interactive_icon_type",
              "type":"int",
              "value":5
            },
            {
              "name":"link_object_id",
              "type":"int",
              "value":100
            },
            {
              "name":"message_key",
              "type":"string",
              "value":"MSG_OTHER_12"
            },
            {
              "name":"object_id",
              "type":"int",
              "value":0
            },
            {
              "name":"object_type",
              "type":"int",
              "value":7
            },
            {
              "name":"pick_up",
              "type":"bool",
              "value":false
            },
            {
              "name":"script_id",
              "type":"int",
              "value":0
            },
            {
              "name":"se_id",
              "type":"int",
              "value":909
            },
            {
              "name":"talk_target_transportation_ids",
              "type":"string",
              "value":""
            }
          ],
          "rotation":0,
          "type":"",
          "visible":false,
          "width":16,
          "x":608,
          "y":288
        },
        {
          "gid":2047,
          "height":16,
          "id":27,
          "name":"1520\u30ae\u30eb",
          "properties":[
            {
              "name":"accept_action_direction",
              "type":"int",
              "value":15
            },
            {
              "name":"action_id",
              "type":"int",
              "value":6
            },
            {
              "name":"asset_id",
              "type":"int",
              "value":0
            },
            {
              "name":"collision",
              "type":"bool",
              "value":true
            },
            {
              "name":"content_id",
              "type":"int",
              "value":1
            },
            {
              "name":"content_num",
              "type":"int",
              "value":1520
            },
            {
              "name":"direction",
              "type":"int",
              "value":15
            },
            {
              "name":"entity_id",
              "type":"int",
              "value":9
            },
            {
              "name":"flag_id",
              "type":"int",
              "value":67
            },
            {
              "name":"interactive_icon_type",
              "type":"int",
              "value":5
            },
            {
              "name":"link_object_id",
              "type":"int",
              "value":101
            },
            {
              "name":"message_key",
              "type":"string",
              "value":"MSG_OTHER_12"
            },
            {
              "name":"object_id",
              "type":"int",
              "value":0
            },
            {
              "name":"object_type",
              "type":"int",
              "value":7
            },
            {
              "name":"pick_up",
              "type":"bool",
              "value":false
            },
            {
              "name":"script_id",
              "type":"int",
              "value":518
            },
            {
              "name":"se_id",
              "type":"int",
              "value":909
            },
            {
              "name":"talk_target_transportation_ids",
              "type":"string",
              "value":""
            }
          ],
          "rotation":0,
          "type":"",
          "visible":false,
          "width":16,
          "x":544,
          "y":576
        },
        {
          "gid":2047,
          "height":16,
          "id":28,
          "name":"\u30df\u30b9\u30ea\u30eb\u304b\u3076\u3068",
          "properties":[
            {
              "name":"accept_action_direction",
              "type":"int",
              "value":15
            },
            {
              "name":"action_id",
              "type":"int",
              "value":6
            },
            {
              "name":"asset_id",
              "type":"int",
              "value":0
            },
            {
              "name":"collision",
              "type":"bool",
              "value":true
            },
            {
              "name":"content_id",
              "type":"int",
              "value":187
            },
            {
              "name":"content_num",
              "type":"int",
              "value":1
            },
            {
              "name":"direction",
              "type":"int",
              "value":15
            },
            {
              "name":"entity_id",
              "type":"int",
              "value":10
            },
            {
              "name":"flag_id",
              "type":"int",
              "value":66
            },
            {
              "name":"interactive_icon_type",
              "type":"int",
              "value":5
            },
            {
              "name":"link_object_id",
              "type":"int",
              "value":102
            },
            {
              "name":"message_key",
              "type":"string",
              "value":"MSG_OTHER_11"
            },
            {
              "name":"object_id",
              "type":"int",
              "value":0
            },
            {
              "name":"object_type",
              "type":"int",
              "value":7
            },
            {
              "name":"pick_up",
              "type":"bool",
              "value":false
            },
            {
              "name":"script_id",
              "type":"int",
              "value":516
            },
            {
              "name":"se_id",
              "type":"int",
              "value":909
            },
            {
              "name":"talk_target_transportation_ids",
              "type":"string",
              "value":""
            }
          ],
          "rotation":0,
          "type":"",
          "visible":false,
          "width":16,
          "x":528,
          "y":400
        },
        {
          "gid":2047,
          "height":16,
          "id":29,
          "name":"\u30b0\u30ec\u30fc\u30c8\u30bd\u30fc\u30c9",
          "properties":[
            {
              "name":"accept_action_direction",
              "type":"int",
              "value":15
            },
            {
              "name":"action_id",
              "type":"int",
              "value":6
            },
            {
              "name":"asset_id",
              "type":"int",
              "value":0
            },
            {
              "name":"collision",
              "type":"bool",
              "value":true
            },
            {
              "name":"content_id",
              "type":"int",
              "value":79
            },
            {
              "name":"content_num",
              "type":"int",
              "value":1
            },
            {
              "name":"direction",
              "type":"int",
              "value":15
            },
            {
              "name":"entity_id",
              "type":"int",
              "value":11
            },
            {
              "name":"flag_id",
              "type":"int",
              "value":69
            },
            {
              "name":"interactive_icon_type",
              "type":"int",
              "value":5
            },
            {
              "name":"link_object_id",
              "type":"int",
              "value":103
            },
            {
              "name":"message_key",
              "type":"string",
              "value":"MSG_OTHER_11"
            },
            {
              "name":"object_id",
              "type":"int",
              "value":0
            },
            {
              "name":"object_type",
              "type":"int",
              "value":7
            },
            {
              "name":"pick_up",
              "type":"bool",
              "value":false
            },
            {
              "name":"script_id",
              "type":"int",
              "value":517
            },
            {
              "name":"se_id",
              "type":"int",
              "value":909
            },
            {
              "name":"talk_target_transportation_ids",
              "type":"string",
              "value":""
            }
          ],
          "rotation":0,
          "type":"",
          "visible":false,
          "width":16,
          "x":416,
          "y":288
        },
        {
          "gid":2047,
          "height":16,
          "id":30,
          "name":"\u30df\u30b9\u30ea\u30eb\u30a2\u30af\u30b9",
          "properties":[
            {
              "name":"accept_action_direction",
              "type":"int",
              "value":15
            },
            {
              "name":"action_id",
              "type":"int",
              "value":6
            },
            {
              "name":"asset_id",
              "type":"int",
              "value":0
            },
            {
              "name":"collision",
              "type":"bool",
              "value":true
            },
            {
              "name":"content_id",
              "type":"int",
              "value":109
            },
            {
              "name":"content_num",
              "type":"int",
              "value":1
            },
            {
              "name":"direction",
              "type":"int",
              "value":15
            },
            {
              "name":"entity_id",
              "type":"int",
              "value":12
            },
            {
              "name":"flag_id",
              "type":"int",
              "value":80
            },
            {
              "name":"interactive_icon_type",
              "type":"int",
              "value":5
            },
            {
              "name":"link_object_id",
              "type":"int",
              "value":104
            },
            {
              "name":"message_key",
              "type":"string",
              "value":"MSG_OTHER_11"
            },
            {
              "name":"object_id",
              "type":"int",
              "value":0
            },
            {
              "name":"object_type",
              "type":"int",
              "value":7
            },
            {
              "name":"pick_up",
              "type":"bool",
              "value":false
            },
            {
              "name":"script_id",
              "type":"int",
              "value":0
            },
            {
              "name":"se_id",
              "type":"int",
              "value":909
            },
            {
              "name":"talk_target_transportation_ids",
              "type":"string",
              "value":""
            }
          ],
          "rotation":0,
          "type":"",
          "visible":false,
          "width":16,
          "x":304,
          "y":560
        },
        {
          "gid":2047,
          "height":16,
          "id":31,
          "name":"\u30d5\u30a7\u30cb\u30c3\u30af\u30b9\u306e\u304a",
          "properties":[
            {
              "name":"accept_action_direction",
              "type":"int",
              "value":15
            },
            {
              "name":"action_id",
              "type":"int",
              "value":6
            },
            {
              "name":"asset_id",
              "type":"int",
              "value":0
            },
            {
              "name":"collision",
              "type":"bool",
              "value":true
            },
            {
              "name":"content_id",
              "type":"int",
              "value":10
            },
            {
              "name":"content_num",
              "type":"int",
              "value":1
            },
            {
              "name":"direction",
              "type":"int",
              "value":15
            },
            {
              "name":"entity_id",
              "type":"int",
              "value":13
            },
            {
              "name":"flag_id",
              "type":"int",
              "value":83
            },
            {
              "name":"interactive_icon_type",
              "type":"int",
              "value":5
            },
            {
              "name":"link_object_id",
              "type":"int",
              "value":105
            },
            {
              "name":"message_key",
              "type":"string",
              "value":"MSG_OTHER_11"
            },
            {
              "name":"object_id",
              "type":"int",
              "value":0
            },
            {
              "name":"object_type",
              "type":"int",
              "value":7
            },
            {
              "name":"pick_up",
              "type":"bool",
              "value":false
            },
            {
              "name":"script_id",
              "type":"int",
              "value":0
            },
            {
              "name":"se_id",
              "type":"int",
              "value":909
            },
            {
              "name":"talk_target_transportation_ids",
              "type":"string",
              "value":""
            }
          ],
          "rotation":0,
          "type":"",
          "visible":false,
          "width":16,
          "x":288,
          "y":576
        },
        {
          "gid":2047,
          "height":16,
          "id":32,
          "name":"1455\u30ae\u30eb",
          "properties":[
            {
              "name":"accept_action_direction",
              "type":"int",
              "value":15
            },
            {
              "name":"action_id",
              "type":"int",
              "value":6
            },
            {
              "name":"asset_id",
              "type":"int",
              "value":0
            },
            {
              "name":"collision",
              "type":"bool",
              "value":true
            },
            {
              "name":"content_id",
              "type":"int",
              "value":1
            },
            {
              "name":"content_num",
              "type":"int",
              "value":1455
            },
            {
              "name":"direction",
              "type":"int",
              "value":15
            },
            {
              "name":"entity_id",
              "type":"int",
              "value":14
            },
            {
              "name":"flag_id",
              "type":"int",
              "value":79
            },
            {
              "name":"interactive_icon_type",
              "type":"int",
              "value":5
            },
            {
              "name":"link_object_id",
              "type":"int",
              "value":106
            },
            {
              "name":"message_key",
              "type":"string",
              "value":"MSG_OTHER_12"
            },
            {
              "name":"object_id",
              "type":"int",
              "value":0
            },
            {
              "name":"object_type",
              "type":"int",
              "value":7
            },
            {
              "name":"pick_up",
              "type":"bool",
              "value":false
            },
            {
              "name":"script_id",
              "type":"int",
              "value":521
            },
            {
              "name":"se_id",
              "type":"int",
              "value":909
            },
            {
              "name":"talk_target_transportation_ids",
              "type":"string",
              "value":""
            }
          ],
          "rotation":0,
          "type":"",
          "visible":false,
          "width":16,
          "x":288,
          "y":560
        },
        {
          "gid":2047,
          "height":16,
          "id":33,
          "name":"\u30df\u30b9\u30ea\u30eb\u306e\u305f\u3066",
          "properties":[
            {
              "name":"accept_action_direction",
              "type":"int",
              "value":15
            },
            {
              "name":"action_id",
              "type":"int",
              "value":6
            },
            {
              "name":"asset_id",
              "type":"int",
              "value":0
            },
            {
              "name":"collision",
              "type":"bool",
              "value":true
            },
            {
              "name":"content_id",
              "type":"int",
              "value":164
            },
            {
              "name":"content_num",
              "type":"int",
              "value":1
            },
            {
              "name":"direction",
              "type":"int",
              "value":15
            },
            {
              "name":"entity_id",
              "type":"int",
              "value":15
            },
            {
              "name":"flag_id",
              "type":"int",
              "value":78
            },
            {
              "name":"interactive_icon_type",
              "type":"int",
              "value":5
            },
            {
              "name":"link_object_id",
              "type":"int",
              "value":107
            },
            {
              "name":"message_key",
              "type":"string",
              "value":"MSG_OTHER_11"
            },
            {
              "name":"object_id",
              "type":"int",
              "value":0
            },
            {
              "name":"object_type",
              "type":"int",
              "value":7
            },
            {
              "name":"pick_up",
              "type":"bool",
              "value":false
            },
            {
              "name":"script_id",
              "type":"int",
              "value":0
            },
            {
              "name":"se_id",
              "type":"int",
              "value":909
            },
            {
              "name":"talk_target_transportation_ids",
              "type":"string",
              "value":""
            }
          ],
          "rotation":0,
          "type":"",
          "visible":false,
          "width":16,
          "x":288,
          "y":544
        },
        {
          "gid":2047,
          "height":16,
          "id":34,
          "name":"1760\u30ae\u30eb",
          "properties":[
            {
              "name":"accept_action_direction",
              "type":"int",
              "value":15
            },
            {
              "name":"action_id",
              "type":"int",
              "value":6
            },
            {
              "name":"asset_id",
              "type":"int",
              "value":0
            },
            {
              "name":"collision",
              "type":"bool",
              "value":true
            },
            {
              "name":"content_id",
              "type":"int",
              "value":1
            },
            {
              "name":"content_num",
              "type":"int",
              "value":1760
            },
            {
              "name":"direction",
              "type":"int",
              "value":15
            },
            {
              "name":"entity_id",
              "type":"int",
              "value":16
            },
            {
              "name":"flag_id",
              "type":"int",
              "value":76
            },
            {
              "name":"interactive_icon_type",
              "type":"int",
              "value":5
            },
            {
              "name":"link_object_id",
              "type":"int",
              "value":108
            },
            {
              "name":"message_key",
              "type":"string",
              "value":"MSG_OTHER_12"
            },
            {
              "name":"object_id",
              "type":"int",
              "value":0
            },
            {
              "name":"object_type",
              "type":"int",
              "value":7
            },
            {
              "name":"pick_up",
              "type":"bool",
              "value":false
            },
            {
              "name":"script_id",
              "type":"int",
              "value":0
            },
            {
              "name":"se_id",
              "type":"int",
              "value":909
            },
            {
              "name":"talk_target_transportation_ids",
              "type":"string",
              "value":""
            }
          ],
          "rotation":0,
          "type":"",
          "visible":false,
          "width":16,
          "x":288,
          "y":528
        },
        {
          "gid":2047,
          "height":16,
          "id":35,
          "name":"1520\u30ae\u30eb",
          "properties":[
            {
              "name":"accept_action_direction",
              "type":"int",
              "value":15
            },
            {
              "name":"action_id",
              "type":"int",
              "value":6
            },
            {
              "name":"asset_id",
              "type":"int",
              "value":0
            },
            {
              "name":"collision",
              "type":"bool",
              "value":true
            },
            {
              "name":"content_id",
              "type":"int",
              "value":1
            },
            {
              "name":"content_num",
              "type":"int",
              "value":1520
            },
            {
              "name":"direction",
              "type":"int",
              "value":15
            },
            {
              "name":"entity_id",
              "type":"int",
              "value":17
            },
            {
              "name":"flag_id",
              "type":"int",
              "value":77
            },
            {
              "name":"interactive_icon_type",
              "type":"int",
              "value":5
            },
            {
              "name":"link_object_id",
              "type":"int",
              "value":109
            },
            {
              "name":"message_key",
              "type":"string",
              "value":"MSG_OTHER_12"
            },
            {
              "name":"object_id",
              "type":"int",
              "value":0
            },
            {
              "name":"object_type",
              "type":"int",
              "value":7
            },
            {
              "name":"pick_up",
              "type":"bool",
              "value":false
            },
            {
              "name":"script_id",
              "type":"int",
              "value":522
            },
            {
              "name":"se_id",
              "type":"int",
              "value":909
            },
            {
              "name":"talk_target_transportation_ids",
              "type":"string",
              "value":""
            }
          ],
          "rotation":0,
          "type":"",
          "visible":false,
          "width":16,
          "x":272,
          "y":544
        },
        {
          "gid":2047,
          "height":16,
          "id":36,
          "name":"\u3069\u304f\u3051\u3057",
          "properties":[
            {
              "name":"accept_action_direction",
              "type":"int",
              "value":15
            },
            {
              "name":"action_id",
              "type":"int",
              "value":6
            },
            {
              "name":"asset_id",
              "type":"int",
              "value":0
            },
            {
              "name":"collision",
              "type":"bool",
              "value":true
            },
            {
              "name":"content_id",
              "type":"int",
              "value":11
            },
            {
              "name":"content_num",
              "type":"int",
              "value":1
            },
            {
              "name":"direction",
              "type":"int",
              "value":15
            },
            {
              "name":"entity_id",
              "type":"int",
              "value":18
            },
            {
              "name":"flag_id",
              "type":"int",
              "value":82
            },
            {
              "name":"interactive_icon_type",
              "type":"int",
              "value":5
            },
            {
              "name":"link_object_id",
              "type":"int",
              "value":110
            },
            {
              "name":"message_key",
              "type":"string",
              "value":"MSG_OTHER_11"
            },
            {
              "name":"object_id",
              "type":"int",
              "value":0
            },
            {
              "name":"object_type",
              "type":"int",
              "value":7
            },
            {
              "name":"pick_up",
              "type":"bool",
              "value":false
            },
            {
              "name":"script_id",
              "type":"int",
              "value":520
            },
            {
              "name":"se_id",
              "type":"int",
              "value":909
            },
            {
              "name":"talk_target_transportation_ids",
              "type":"string",
              "value":""
            }
          ],
          "rotation":0,
          "type":"",
          "visible":false,
          "width":16,
          "x":272,
          "y":576
        },
        {
          "gid":2047,
          "height":16,
          "id":37,
          "name":"1975\u30ae\u30eb",
          "properties":[
            {
              "name":"accept_action_direction",
              "type":"int",
              "value":15
            },
            {
              "name":"action_id",
              "type":"int",
              "value":6
            },
            {
              "name":"asset_id",
              "type":"int",
              "value":0
            },
            {
              "name":"collision",
              "type":"bool",
              "value":true
            },
            {
              "name":"content_id",
              "type":"int",
              "value":1
            },
            {
              "name":"content_num",
              "type":"int",
              "value":1975
            },
            {
              "name":"direction",
              "type":"int",
              "value":15
            },
            {
              "name":"entity_id",
              "type":"int",
              "value":19
            },
            {
              "name":"flag_id",
              "type":"int",
              "value":81
            },
            {
              "name":"interactive_icon_type",
              "type":"int",
              "value":5
            },
            {
              "name":"link_object_id",
              "type":"int",
              "value":111
            },
            {
              "name":"message_key",
              "type":"string",
              "value":"MSG_OTHER_12"
            },
            {
              "name":"object_id",
              "type":"int",
              "value":0
            },
            {
              "name":"object_type",
              "type":"int",
              "value":7
            },
            {
              "name":"pick_up",
              "type":"bool",
              "value":false
            },
            {
              "name":"script_id",
              "type":"int",
              "value":0
            },
            {
              "name":"se_id",
              "type":"int",
              "value":909
            },
            {
              "name":"talk_target_transportation_ids",
              "type":"string",
              "value":""
            }
          ],
          "rotation":0,
          "type":"",
          "visible":false,
          "width":16,
          "x":256,
          "y":576
        },
        {
          "gid":2047,
          "height":16,
          "id":38,
          "name":"\u30c6\u30f3\u30c8",
          "properties":[
            {
              "name":"accept_action_direction",
              "type":"int",
              "value":15
            },
            {
              "name":"action_id",
              "type":"int",
              "value":6
            },
            {
              "name":"asset_id",
              "type":"int",
              "value":0
            },
            {
              "name":"collision",
              "type":"bool",
              "value":true
            },
            {
              "name":"content_id",
              "type":"int",
              "value":18
            },
            {
              "name":"content_num",
              "type":"int",
              "value":1
            },
            {
              "name":"direction",
              "type":"int",
              "value":15
            },
            {
              "name":"entity_id",
              "type":"int",
              "value":20
            },
            {
              "name":"flag_id",
              "type":"int",
              "value":75
            },
            {
              "name":"interactive_icon_type",
              "type":"int",
              "value":5
            },
            {
              "name":"link_object_id",
              "type":"int",
              "value":112
            },
            {
              "name":"message_key",
              "type":"string",
              "value":"MSG_OTHER_11"
            },
            {
              "name":"object_id",
              "type":"int",
              "value":0
            },
            {
              "name":"object_type",
              "type":"int",
              "value":7
            },
            {
              "name":"pick_up",
              "type":"bool",
              "value":false
            },
            {
              "name":"script_id",
              "type":"int",
              "value":0
            },
            {
              "name":"se_id",
              "type":"int",
              "value":909
            },
            {
              "name":"talk_target_transportation_ids",
              "type":"string",
              "value":""
            }
          ],
          "rotation":0,
          "type":"",
          "visible":false,
          "width":16,
          "x":224,
          "y":576
        },
        {
          "gid":2047,
          "height":16,
          "id":39,
          "name":"\u30cf\u30a4\u30dd\u30fc\u30b7\u30e7\u30f3\u3093",
          "properties":[
            {
              "name":"accept_action_direction",
              "type":"int",
              "value":15
            },
            {
              "name":"action_id",
              "type":"int",
              "value":6
            },
            {
              "name":"asset_id",
              "type":"int",
              "value":0
            },
            {
              "name":"collision",
              "type":"bool",
              "value":true
            },
            {
              "name":"content_id",
              "type":"int",
              "value":3
            },
            {
              "name":"content_num",
              "type":"int",
              "value":1
            },
            {
              "name":"direction",
              "type":"int",
              "value":15
            },
            {
              "name":"entity_id",
              "type":"int",
              "value":21
            },
            {
              "name":"flag_id",
              "type":"int",
              "value":74
            },
            {
              "name":"interactive_icon_type",
              "type":"int",
              "value":5
            },
            {
              "name":"link_object_id",
              "type":"int",
              "value":113
            },
            {
              "name":"message_key",
              "type":"string",
              "value":"MSG_OTHER_11"
            },
            {
              "name":"object_id",
              "type":"int",
              "value":0
            },
            {
              "name":"object_type",
              "type":"int",
              "value":7
            },
            {
              "name":"pick_up",
              "type":"bool",
              "value":false
            },
            {
              "name":"script_id",
              "type":"int",
              "value":0
            },
            {
              "name":"se_id",
              "type":"int",
              "value":909
            },
            {
              "name":"talk_target_transportation_ids",
              "type":"string",
              "value":""
            }
          ],
          "rotation":0,
          "type":"",
          "visible":false,
          "width":16,
          "x":208,
          "y":576
        },
        {
          "gid":2047,
          "height":16,
          "id":40,
          "name":"\u30df\u30b9\u30ea\u30eb\u306e\u304b\u3076\u3068",
          "properties":[
            {
              "name":"accept_action_direction",
              "type":"int",
              "value":15
            },
            {
              "name":"action_id",
              "type":"int",
              "value":6
            },
            {
              "name":"asset_id",
              "type":"int",
              "value":0
            },
            {
              "name":"collision",
              "type":"bool",
              "value":true
            },
            {
              "name":"content_id",
              "type":"int",
              "value":187
            },
            {
              "name":"content_num",
              "type":"int",
              "value":1
            },
            {
              "name":"direction",
              "type":"int",
              "value":15
            },
            {
              "name":"entity_id",
              "type":"int",
              "value":22
            },
            {
              "name":"flag_id",
              "type":"int",
              "value":73
            },
            {
              "name":"interactive_icon_type",
              "type":"int",
              "value":5
            },
            {
              "name":"link_object_id",
              "type":"int",
              "value":114
            },
            {
              "name":"message_key",
              "type":"string",
              "value":"MSG_OTHER_11"
            },
            {
              "name":"object_id",
              "type":"int",
              "value":0
            },
            {
              "name":"object_type",
              "type":"int",
              "value":7
            },
            {
              "name":"pick_up",
              "type":"bool",
              "value":false
            },
            {
              "name":"script_id",
              "type":"int",
              "value":0
            },
            {
              "name":"se_id",
              "type":"int",
              "value":909
            },
            {
              "name":"talk_target_transportation_ids",
              "type":"string",
              "value":""
            }
          ],
          "rotation":0,
          "type":"",
          "visible":false,
          "width":16,
          "x":224,
          "y":544
        },
        {
          "gid":2047,
          "height":16,
          "id":41,
          "name":"\u30df\u30b9\u30ea\u30eb\u306e\u3053\u3066",
          "properties":[
            {
              "name":"accept_action_direction",
              "type":"int",
              "value":15
            },
            {
              "name":"action_id",
              "type":"int",
              "value":6
            },
            {
              "name":"asset_id",
              "type":"int",
              "value":0
            },
            {
              "name":"collision",
              "type":"bool",
              "value":true
            },
            {
              "name":"content_id",
              "type":"int",
              "value":197
            },
            {
              "name":"content_num",
              "type":"int",
              "value":1
            },
            {
              "name":"direction",
              "type":"int",
              "value":15
            },
            {
              "name":"entity_id",
              "type":"int",
              "value":23
            },
            {
              "name":"flag_id",
              "type":"int",
              "value":72
            },
            {
              "name":"interactive_icon_type",
              "type":"int",
              "value":5
            },
            {
              "name":"link_object_id",
              "type":"int",
              "value":115
            },
            {
              "name":"message_key",
              "type":"string",
              "value":"MSG_OTHER_11"
            },
            {
              "name":"object_id",
              "type":"int",
              "value":0
            },
            {
              "name":"object_type",
              "type":"int",
              "value":7
            },
            {
              "name":"pick_up",
              "type":"bool",
              "value":false
            },
            {
              "name":"script_id",
              "type":"int",
              "value":0
            },
            {
              "name":"se_id",
              "type":"int",
              "value":909
            },
            {
              "name":"talk_target_transportation_ids",
              "type":"string",
              "value":""
            }
          ],
          "rotation":0,
          "type":"",
          "visible":false,
          "width":16,
          "x":240,
          "y":528
        },
        {
          "gid":2047,
          "height":16,
          "id":42,
          "name":"1250\u30ae\u30eb",
          "properties":[
            {
              "name":"accept_action_direction",
              "type":"int",
              "value":15
            },
            {
              "name":"action_id",
              "type":"int",
              "value":6
            },
            {
              "name":"asset_id",
              "type":"int",
              "value":0
            },
            {
              "name":"collision",
              "type":"bool",
              "value":true
            },
            {
              "name":"content_id",
              "type":"int",
              "value":1
            },
            {
              "name":"content_num",
              "type":"int",
              "value":1250
            },
            {
              "name":"direction",
              "type":"int",
              "value":15
            },
            {
              "name":"entity_id",
              "type":"int",
              "value":24
            },
            {
              "name":"flag_id",
              "type":"int",
              "value":71
            },
            {
              "name":"interactive_icon_type",
              "type":"int",
              "value":5
            },
            {
              "name":"link_object_id",
              "type":"int",
              "value":116
            },
            {
              "name":"message_key",
              "type":"string",
              "value":"MSG_OTHER_12"
            },
            {
              "name":"object_id",
              "type":"int",
              "value":0
            },
            {
              "name":"object_type",
              "type":"int",
              "value":7
            },
            {
              "name":"pick_up",
              "type":"bool",
              "value":false
            },
            {
              "name":"script_id",
              "type":"int",
              "value":519
            },
            {
              "name":"se_id",
              "type":"int",
              "value":909
            },
            {
              "name":"talk_target_transportation_ids",
              "type":"string",
              "value":""
            }
          ],
          "rotation":0,
          "type":"",
          "visible":false,
          "width":16,
          "x":304,
          "y":176
        },
        {
          "gid":2047,
          "height":16,
          "id":43,
          "name":"1295\u30ae\u30eb",
          "properties":[
            {
              "name":"accept_action_direction",
              "type":"int",
              "value":15
            },
            {
              "name":"action_id",
              "type":"int",
              "value":6
            },
            {
              "name":"asset_id",
              "type":"int",
              "value":0
            },
            {
              "name":"collision",
              "type":"bool",
              "value":true
            },
            {
              "name":"content_id",
              "type":"int",
              "value":1
            },
            {
              "name":"content_num",
              "type":"int",
              "value":1295
            },
            {
              "name":"direction",
              "type":"int",
              "value":15
            },
            {
              "name":"entity_id",
              "type":"int",
              "value":25
            },
            {
              "name":"flag_id",
              "type":"int",
              "value":70
            },
            {
              "name":"interactive_icon_type",
              "type":"int",
              "value":5
            },
            {
              "name":"link_object_id",
              "type":"int",
              "value":117
            },
            {
              "name":"message_key",
              "type":"string",
              "value":"MSG_OTHER_12"
            },
            {
              "name":"object_id",
              "type":"int",
              "value":0
            },
            {
              "name":"object_type",
              "type":"int",
              "value":7
            },
            {
              "name":"pick_up",
              "type":"bool",
              "value":false
            },
            {
              "name":"script_id",
              "type":"int",
              "value":0
            },
            {
              "name":"se_id",
              "type":"int",
              "value":909
            },
            {
              "name":"talk_target_transportation_ids",
              "type":"string",
              "value":""
            }
          ],
          "rotation":0,
          "type":"",
          "visible":false,
          "width":16,
          "x":288,
          "y":176
        },
        {
          "height":16,
          "id":49,
          "name":"TileAnimRegion",
          "properties":[
            {
              "name":"all_layers",
              "type":"bool",
              "value":true
            },
            {
              "name":"entity_id",
              "type":"int",
              "value":0
            },
            {
              "name":"object_id",
              "type":"int",
              "value":100
            },
            {
              "name":"object_type",
              "type":"int",
              "value":1
            },
            {
              "name":"reverse",
              "type":"bool",
              "value":false
            }
          ],
          "rotation":0,
          "type":"",
          "visible":true,
          "width":16,
          "x":608,
          "y":272
        },
        {
          "height":16,
          "id":50,
          "name":"TileAnimRegion",
          "properties":[
            {
              "name":"all_layers",
              "type":"bool",
              "value":true
            },
            {
              "name":"entity_id",
              "type":"int",
              "value":0
            },
            {
              "name":"object_id",
              "type":"int",
              "value":101
            },
            {
              "name":"object_type",
              "type":"int",
              "value":1
            },
            {
              "name":"reverse",
              "type":"bool",
              "value":false
            }
          ],
          "rotation":0,
          "type":"",
          "visible":true,
          "width":16,
          "x":544,
          "y":560
        },
        {
          "height":16,
          "id":51,
          "name":"TileAnimRegion",
          "properties":[
            {
              "name":"all_layers",
              "type":"bool",
              "value":true
            },
            {
              "name":"entity_id",
              "type":"int",
              "value":0
            },
            {
              "name":"object_id",
              "type":"int",
              "value":102
            },
            {
              "name":"object_type",
              "type":"int",
              "value":1
            },
            {
              "name":"reverse",
              "type":"bool",
              "value":false
            }
          ],
          "rotation":0,
          "type":"",
          "visible":true,
          "width":16,
          "x":528,
          "y":384
        },
        {
          "height":16,
          "id":52,
          "name":"TileAnimRegion",
          "properties":[
            {
              "name":"all_layers",
              "type":"bool",
              "value":true
            },
            {
              "name":"entity_id",
              "type":"int",
              "value":0
            },
            {
              "name":"object_id",
              "type":"int",
              "value":103
            },
            {
              "name":"object_type",
              "type":"int",
              "value":1
            },
            {
              "name":"reverse",
              "type":"bool",
              "value":false
            }
          ],
          "rotation":0,
          "type":"",
          "visible":true,
          "width":16,
          "x":416,
          "y":272
        },
        {
          "height":16,
          "id":53,
          "name":"TileAnimRegion",
          "properties":[
            {
              "name":"all_layers",
              "type":"bool",
              "value":true
            },
            {
              "name":"entity_id",
              "type":"int",
              "value":0
            },
            {
              "name":"object_id",
              "type":"int",
              "value":104
            },
            {
              "name":"object_type",
              "type":"int",
              "value":1
            },
            {
              "name":"reverse",
              "type":"bool",
              "value":false
            }
          ],
          "rotation":0,
          "type":"",
          "visible":true,
          "width":16,
          "x":304,
          "y":544
        },
        {
          "height":16,
          "id":54,
          "name":"TileAnimRegion",
          "properties":[
            {
              "name":"all_layers",
              "type":"bool",
              "value":true
            },
            {
              "name":"entity_id",
              "type":"int",
              "value":0
            },
            {
              "name":"object_id",
              "type":"int",
              "value":105
            },
            {
              "name":"object_type",
              "type":"int",
              "value":1
            },
            {
              "name":"reverse",
              "type":"bool",
              "value":false
            }
          ],
          "rotation":0,
          "type":"",
          "visible":true,
          "width":16,
          "x":288,
          "y":560
        },
        {
          "height":16,
          "id":55,
          "name":"TileAnimRegion",
          "properties":[
            {
              "name":"all_layers",
              "type":"bool",
              "value":true
            },
            {
              "name":"entity_id",
              "type":"int",
              "value":0
            },
            {
              "name":"object_id",
              "type":"int",
              "value":106
            },
            {
              "name":"object_type",
              "type":"int",
              "value":1
            },
            {
              "name":"reverse",
              "type":"bool",
              "value":false
            }
          ],
          "rotation":0,
          "type":"",
          "visible":true,
          "width":16,
          "x":288,
          "y":544
        },
        {
          "height":16,
          "id":56,
          "name":"TileAnimRegion",
          "properties":[
            {
              "name":"all_layers",
              "type":"bool",
              "value":true
            },
            {
              "name":"entity_id",
              "type":"int",
              "value":0
            },
            {
              "name":"object_id",
              "type":"int",
              "value":107
            },
            {
              "name":"object_type",
              "type":"int",
              "value":1
            },
            {
              "name":"reverse",
              "type":"bool",
              "value":false
            }
          ],
          "rotation":0,
          "type":"",
          "visible":true,
          "width":16,
          "x":288,
          "y":528
        },
        {
          "height":16,
          "id":57,
          "name":"TileAnimRegion",
          "properties":[
            {
              "name":"all_layers",
              "type":"bool",
              "value":true
            },
            {
              "name":"entity_id",
              "type":"int",
              "value":0
            },
            {
              "name":"object_id",
              "type":"int",
              "value":108
            },
            {
              "name":"object_type",
              "type":"int",
              "value":1
            },
            {
              "name":"reverse",
              "type":"bool",
              "value":false
            }
          ],
          "rotation":0,
          "type":"",
          "visible":true,
          "width":16,
          "x":288,
          "y":512
        },
        {
          "height":16,
          "id":58,
          "name":"TileAnimRegion",
          "properties":[
            {
              "name":"all_layers",
              "type":"bool",
              "value":true
            },
            {
              "name":"entity_id",
              "type":"int",
              "value":0
            },
            {
              "name":"object_id",
              "type":"int",
              "value":109
            },
            {
              "name":"object_type",
              "type":"int",
              "value":1
            },
            {
              "name":"reverse",
              "type":"bool",
              "value":false
            }
          ],
          "rotation":0,
          "type":"",
          "visible":true,
          "width":16,
          "x":272,
          "y":528
        },
        {
          "height":16,
          "id":59,
          "name":"TileAnimRegion",
          "properties":[
            {
              "name":"all_layers",
              "type":"bool",
              "value":true
            },
            {
              "name":"entity_id",
              "type":"int",
              "value":0
            },
            {
              "name":"object_id",
              "type":"int",
              "value":110
            },
            {
              "name":"object_type",
              "type":"int",
              "value":1
            },
            {
              "name":"reverse",
              "type":"bool",
              "value":false
            }
          ],
          "rotation":0,
          "type":"",
          "visible":true,
          "width":16,
          "x":272,
          "y":560
        },
        {
          "height":16,
          "id":60,
          "name":"TileAnimRegion",
          "properties":[
            {
              "name":"all_layers",
              "type":"bool",
              "value":true
            },
            {
              "name":"entity_id",
              "type":"int",
              "value":0
            },
            {
              "name":"object_id",
              "type":"int",
              "value":111
            },
            {
              "name":"object_type",
              "type":"int",
              "value":1
            },
            {
              "name":"reverse",
              "type":"bool",
              "value":false
            }
          ],
          "rotation":0,
          "type":"",
          "visible":true,
          "width":16,
          "x":256,
          "y":560
        },
        {
          "height":16,
          "id":61,
          "name":"TileAnimRegion",
          "properties":[
            {
              "name":"all_layers",
              "type":"bool",
              "value":true
            },
            {
              "name":"entity_id",
              "type":"int",
              "value":0
            },
            {
              "name":"object_id",
              "type":"int",
              "value":112
            },
            {
              "name":"object_type",
              "type":"int",
              "value":1
            },
            {
              "name":"reverse",
              "type":"bool",
              "value":false
            }
          ],
          "rotation":0,
          "type":"",
          "visible":true,
          "width":16,
          "x":224,
          "y":560
        },
        {
          "height":16,
          "id":62,
          "name":"TileAnimRegion",
          "properties":[
            {
              "name":"all_layers",
              "type":"bool",
              "value":true
            },
            {
              "name":"entity_id",
              "type":"int",
              "value":0
            },
            {
              "name":"object_id",
              "type":"int",
              "value":113
            },
            {
              "name":"object_type",
              "type":"int",
              "value":1
            },
            {
              "name":"reverse",
              "type":"bool",
              "value":false
            }
          ],
          "rotation":0,
          "type":"",
          "visible":true,
          "width":16,
          "x":208,
          "y":560
        },
        {
          "height":16,
          "id":63,
          "name":"TileAnimRegion",
          "properties":[
            {
              "name":"all_layers",
              "type":"bool",
              "value":true
            },
            {
              "name":"entity_id",
              "type":"int",
              "value":0
            },
            {
              "name":"object_id",
              "type":"int",
              "value":114
            },
            {
              "name":"object_type",
              "type":"int",
              "value":1
            },
            {
              "name":"reverse",
              "type":"bool",
              "value":false
            }
          ],
          "rotation":0,
          "type":"",
          "visible":true,
          "width":16,
          "x":224,
          "y":528
        },
        {
          "height":16,
          "id":64,
          "name":"TileAnimRegion",
          "properties":[
            {
              "name":"all_layers",
              "type":"bool",
              "value":true
            },
            {
              "name":"entity_id",
              "type":"int",
              "value":0
            },
            {
              "name":"object_id",
              "type":"int",
              "value":115
            },
            {
              "name":"object_type",
              "type":"int",
              "value":1
            },
            {
              "name":"reverse",
              "type":"bool",
              "value":false
            }
          ],
          "rotation":0,
          "type":"",
          "visible":true,
          "width":16,
          "x":240,
          "y":512
        },
        {
          "height":16,
          "id":65,
          "name":"TileAnimRegion",
          "properties":[
            {
              "name":"all_layers",
              "type":"bool",
              "value":true
            },
            {
              "name":"entity_id",
              "type":"int",
              "value":0
            },
            {
              "name":"object_id",
              "type":"int",
              "value":116
            },
            {
              "name":"object_type",
              "type":"int",
              "value":1
            },
            {
              "name":"reverse",
              "type":"bool",
              "value":false
            }
          ],
          "rotation":0,
          "type":"",
          "visible":true,
          "width":16,
          "x":304,
          "y":160
        },
        {
          "height":16,
          "id":66,
          "name":"TileAnimRegion",
          "properties":[
            {
              "name":"all_layers",
              "type":"bool",
              "value":true
            },
            {
              "name":"entity_id",
              "type":"int",
              "value":0
            },
            {
              "name":"object_id",
              "type":"int",
              "value":117
            },
            {
              "name":"object_type",
              "type":"int",
              "value":1
            },
            {
              "name":"reverse",
              "type":"bool",
              "value":false
            }
          ],
          "rotation":0,
          "type":"",
          "visible":true,
          "width":16,
          "x":288,
          "y":160
        },
        {
          "gid":2048,
          "height":16,
          "id":69,
          "name":"\u5f37\u5236\u30a8\u30f3\u30ab\u30a6\u30f3\u30c8",
          "properties":[
            {
              "name":"accept_action_direction",
              "type":"int",
              "value":15
            },
            {
              "name":"action_id",
              "type":"int",
              "value":2
            },
            {
              "name":"affected",
              "type":"bool",
              "value":false
            },
            {
              "name":"asset_id",
              "type":"int",
              "value":187
            },
            {
              "name":"birdview_puppet",
              "type":"bool",
              "value":false
            },
            {
              "name":"direction",
              "type":"int",
              "value":4
            },
            {
              "name":"entity_id",
              "type":"int",
              "value":41
            },
            {
              "name":"eye_contact",
              "type":"bool",
              "value":true
            },
            {
              "name":"flight_altitude_ratio",
              "type":"float",
              "value":1
            },
            {
              "name":"idling",
              "type":"bool",
              "value":true
            },
            {
              "name":"link_object_id",
              "type":"int",
              "value":0
            },
            {
              "name":"message_key",
              "type":"string",
              "value":""
            },
            {
              "name":"move_interval_id",
              "type":"int",
              "value":0
            },
            {
              "name":"move_speed_id",
              "type":"int",
              "value":0
            },
            {
              "name":"move_step",
              "type":"int",
              "value":0
            },
            {
              "name":"move_type",
              "type":"int",
              "value":1
            },
            {
              "name":"move_while_display_message",
              "type":"bool",
              "value":false
            },
            {
              "name":"object_id",
              "type":"int",
              "value":0
            },
            {
              "name":"object_type",
              "type":"int",
              "value":6
            },
            {
              "name":"pushed",
              "type":"bool",
              "value":true
            },
            {
              "name":"script_id",
              "type":"int",
              "value":404
            },
            {
              "name":"talk_target_transportation_ids",
              "type":"string",
              "value":""
            },
            {
              "name":"target_character_status_id",
              "type":"int",
              "value":0
            },
            {
              "name":"turn_around",
              "type":"bool",
              "value":true
            },
            {
              "name":"visible_minimap",
              "type":"bool",
              "value":false
            }
          ],
          "rotation":0,
          "type":"",
          "visible":true,
          "width":16,
          "x":224,
          "y":480
        }
      ],
      "opacity":1,
      "type":"objectgroup",
      "visible":true,
      "x":0,
      "y":0
    },
    {
      "draworder":"topdown",
      "id":10,
      "name":"UpperObject",
      "objects":[
        {
          "gid":2021,
          "height":16,
          "id":1,
          "name":"\u30b0\u30eb\u30b0\u706b\u5c71B1F_PointIn",
          "properties":[
            {
              "name":"direction",
              "type":"int",
              "value":8
            },
            {
              "name":"entity_id",
              "type":"int",
              "value":26
            },
            {
              "name":"link_object_id",
              "type":"int",
              "value":0
            },
            {
              "name":"object_id",
              "type":"int",
              "value":1
            },
            {
              "name":"object_type",
              "type":"int",
              "value":0
            },
            {
              "name":"title_id",
              "type":"string",
              "value":"MSGARA_NAME_02"
            },
            {
              "name":"title_type",
              "type":"int",
              "value":1
            }
          ],
          "rotation":0,
          "type":"",
          "visible":true,
          "width":16,
          "x":608,
          "y":640
        },
        {
          "gid":2020,
          "height":16,
          "id":2,
          "name":"\u30b0\u30eb\u30b0\u706b\u5c71B1F_GotoMap",
          "properties":[
            {
              "name":"action_id",
              "type":"int",
              "value":3
            },
            {
              "name":"direction",
              "type":"int",
              "value":0
            },
            {
              "name":"entity_id",
              "type":"int",
              "value":27
            },
            {
              "name":"link_object_id",
              "type":"int",
              "value":0
            },
            {
              "name":"map_id",
              "type":"int",
              "value":82
            },
            {
              "name":"object_id",
              "type":"int",
              "value":0
            },
            {
              "name":"object_type",
              "type":"int",
              "value":3
            },
            {
              "name":"point_id",
              "type":"int",
              "value":2
            },
            {
              "name":"script_id",
              "type":"int",
              "value":0
            }
          ],
          "rotation":0,
          "type":"",
          "visible":true,
          "width":16,
          "x":608,
          "y":624
        },
        {
          "gid":2020,
          "height":16,
          "id":3,
          "name":"\u30b0\u30eb\u30b0\u706b\u5c71B3FA_GotoMap",
          "properties":[
            {
              "name":"action_id",
              "type":"int",
              "value":3
            },
            {
              "name":"direction",
              "type":"int",
              "value":0
            },
            {
              "name":"entity_id",
              "type":"int",
              "value":28
            },
            {
              "name":"link_object_id",
              "type":"int",
              "value":0
            },
            {
              "name":"map_id",
              "type":"int",
              "value":84
            },
            {
              "name":"object_id",
              "type":"int",
              "value":0
            },
            {
              "name":"object_type",
              "type":"int",
              "value":3
            },
            {
              "name":"point_id",
              "type":"int",
              "value":1
            },
            {
              "name":"script_id",
              "type":"int",
              "value":0
            }
          ],
          "rotation":0,
          "type":"",
          "visible":true,
          "width":16,
          "x":144,
          "y":624
        },
        {
          "gid":2021,
          "height":16,
          "id":4,
          "name":"\u30b0\u30eb\u30b0\u706b\u5c71B3FA_PointIn",
          "properties":[
            {
              "name":"direction",
              "type":"int",
              "value":2
            },
            {
              "name":"entity_id",
              "type":"int",
              "value":29
            },
            {
              "name":"link_object_id",
              "type":"int",
              "value":0
            },
            {
              "name":"object_id",
              "type":"int",
              "value":2
            },
            {
              "name":"object_type",
              "type":"int",
              "value":0
            },
            {
              "name":"title_id",
              "type":"string",
              "value":"MSGARA_NAME_02"
            },
            {
              "name":"title_type",
              "type":"int",
              "value":1
            }
          ],
          "rotation":0,
          "type":"",
          "visible":true,
          "width":16,
          "x":160,
          "y":624
        },
        {
          "gid":2023,
          "height":16,
          "id":6,
          "name":"1.OpenTrigger",
          "properties":[
            {
              "name":"action_id",
              "type":"int",
              "value":5
            },
            {
              "name":"entity_id",
              "type":"int",
              "value":30
            },
            {
              "name":"link_object_id",
              "type":"int",
              "value":1
            },
            {
              "name":"object_id",
              "type":"int",
              "value":1
            },
            {
              "name":"object_type",
              "type":"int",
              "value":8
            },
            {
              "name":"se_id",
              "type":"int",
              "value":9
            }
          ],
          "rotation":0,
          "type":"",
          "visible":true,
          "width":16,
          "x":592,
          "y":608
        },
        {
          "gid":2019,
          "height":16,
          "id":7,
          "name":"1.ToLayer",
          "properties":[
            {
              "name":"action_id",
              "type":"int",
              "value":1
            },
            {
              "name":"direction",
              "type":"int",
              "value":0
            },
            {
              "name":"entity_id",
              "type":"int",
              "value":42
            },
            {
              "name":"layer",
              "type":"int",
              "value":0
            },
            {
              "name":"link_object_id",
              "type":"int",
              "value":0
            },
            {
              "name":"object_id",
              "type":"int",
              "value":0
            },
            {
              "name":"object_type",
              "type":"int",
              "value":4
            },
            {
              "name":"script_id",
              "type":"int",
              "value":0
            }
          ],
          "rotation":0,
          "type":"",
          "visible":true,
          "width":16,
          "x":592,
          "y":608
        },
        {
          "gid":2023,
          "height":16,
          "id":9,
          "name":"2.OpenTrigger",
          "properties":[
            {
              "name":"action_id",
              "type":"int",
              "value":5
            },
            {
              "name":"entity_id",
              "type":"int",
              "value":31
            },
            {
              "name":"link_object_id",
              "type":"int",
              "value":2
            },
            {
              "name":"object_id",
              "type":"int",
              "value":2
            },
            {
              "name":"object_type",
              "type":"int",
              "value":8
            },
            {
              "name":"se_id",
              "type":"int",
              "value":9
            }
          ],
          "rotation":0,
          "type":"",
          "visible":true,
          "width":16,
          "x":400,
          "y":608
        },
        {
          "gid":2019,
          "height":16,
          "id":10,
          "name":"2.ToLayer",
          "properties":[
            {
              "name":"action_id",
              "type":"int",
              "value":1
            },
            {
              "name":"direction",
              "type":"int",
              "value":0
            },
            {
              "name":"entity_id",
              "type":"int",
              "value":43
            },
            {
              "name":"layer",
              "type":"int",
              "value":0
            },
            {
              "name":"link_object_id",
              "type":"int",
              "value":0
            },
            {
              "name":"object_id",
              "type":"int",
              "value":0
            },
            {
              "name":"object_type",
              "type":"int",
              "value":4
            },
            {
              "name":"script_id",
              "type":"int",
              "value":0
            }
          ],
          "rotation":0,
          "type":"",
          "visible":true,
          "width":16,
          "x":400,
          "y":608
        },
        {
          "gid":2023,
          "height":16,
          "id":12,
          "name":"3.OpenTrigger",
          "properties":[
            {
              "name":"action_id",
              "type":"int",
              "value":5
            },
            {
              "name":"entity_id",
              "type":"int",
              "value":32
            },
            {
              "name":"link_object_id",
              "type":"int",
              "value":3
            },
            {
              "name":"object_id",
              "type":"int",
              "value":3
            },
            {
              "name":"object_type",
              "type":"int",
              "value":8
            },
            {
              "name":"se_id",
              "type":"int",
              "value":9
            }
          ],
          "rotation":0,
          "type":"",
          "visible":true,
          "width":16,
          "x":352,
          "y":608
        },
        {
          "gid":2019,
          "height":16,
          "id":13,
          "name":"3.ToLayer",
          "properties":[
            {
              "name":"action_id",
              "type":"int",
              "value":1
            },
            {
              "name":"direction",
              "type":"int",
              "value":0
            },
            {
              "name":"entity_id",
              "type":"int",
              "value":44
            },
            {
              "name":"layer",
              "type":"int",
              "value":0
            },
            {
              "name":"link_object_id",
              "type":"int",
              "value":0
            },
            {
              "name":"object_id",
              "type":"int",
              "value":0
            },
            {
              "name":"object_type",
              "type":"int",
              "value":4
            },
            {
              "name":"script_id",
              "type":"int",
              "value":0
            }
          ],
          "rotation":0,
          "type":"",
          "visible":true,
          "width":16,
          "x":352,
          "y":608
        },
        {
          "gid":2023,
          "height":16,
          "id":15,
          "name":"4.OpenTrigger",
          "properties":[
            {
              "name":"action_id",
              "type":"int",
              "value":5
            },
            {
              "name":"entity_id",
              "type":"int",
              "value":33
            },
            {
              "name":"link_object_id",
              "type":"int",
              "value":4
            },
            {
              "name":"object_id",
              "type":"int",
              "value":4
            },
            {
              "name":"object_type",
              "type":"int",
              "value":8
            },
            {
              "name":"se_id",
              "type":"int",
              "value":9
            }
          ],
          "rotation":0,
          "type":"",
          "visible":true,
          "width":16,
          "x":160,
          "y":608
        },
        {
          "gid":2019,
          "height":16,
          "id":16,
          "name":"4.ToLayer",
          "properties":[
            {
              "name":"action_id",
              "type":"int",
              "value":1
            },
            {
              "name":"direction",
              "type":"int",
              "value":0
            },
            {
              "name":"entity_id",
              "type":"int",
              "value":45
            },
            {
              "name":"layer",
              "type":"int",
              "value":0
            },
            {
              "name":"link_object_id",
              "type":"int",
              "value":0
            },
            {
              "name":"object_id",
              "type":"int",
              "value":0
            },
            {
              "name":"object_type",
              "type":"int",
              "value":4
            },
            {
              "name":"script_id",
              "type":"int",
              "value":0
            }
          ],
          "rotation":0,
          "type":"",
          "visible":true,
          "width":16,
          "x":160,
          "y":608
        },
        {
          "gid":2031,
          "height":16,
          "id":72,
          "name":"TelepoPoint",
          "properties":[
            {
              "name":"entity_id",
              "type":"int",
              "value":0
            },
            {
              "name":"goto_entity_id",
              "type":"int",
              "value":27
            },
            {
              "name":"object_type",
              "type":"int",
              "value":20
            },
            {
              "name":"pointin_entity_id",
              "type":"int",
              "value":26
            }
          ],
          "rotation":0,
          "type":"",
          "visible":true,
          "width":16,
          "x":624,
          "y":624
        },
        {
          "gid":2031,
          "height":16,
          "id":74,
          "name":"TelepoPoint",
          "properties":[
            {
              "name":"entity_id",
              "type":"int",
              "value":0
            },
            {
              "name":"goto_entity_id",
              "type":"int",
              "value":28
            },
            {
              "name":"object_type",
              "type":"int",
              "value":20
            },
            {
              "name":"pointin_entity_id",
              "type":"int",
              "value":29
            }
          ],
          "rotation":0,
          "type":"",
          "visible":true,
          "width":16,
          "x":128,
          "y":624
        }
      ],
      "opacity":1,
      "type":"objectgroup",
      "visible":true,
      "x":0,
      "y":0
    },
    {
      "draworder":"topdown",
      "id":15,
      "name":"MinimapObject",
      "objects":[
        {
          "gid":1993,
          "height":16,
          "id":67,
          "name":"\u968e\u6bb5",
          "properties":[
            {
              "name":"direction",
              "type":"int",
              "value":1
            },
            {
              "name":"minimap_icon_type",
              "type":"int",
              "value":2
            },
            {
              "name":"object_id",
              "type":"int",
              "value":0
            },
            {
              "name":"object_type",
              "type":"int",
              "value":18
            }
          ],
          "rotation":0,
          "type":"",
          "visible":true,
          "width":16,
          "x":608,
          "y":624
        },
        {
          "gid":1993,
          "height":16,
          "id":68,
          "name":"\u968e\u6bb5",
          "properties":[
            {
              "name":"direction",
              "type":"int",
              "value":4
            },
            {
              "name":"minimap_icon_type",
              "type":"int",
              "value":2
            },
            {
              "name":"object_id",
              "type":"int",
              "value":0
            },
            {
              "name":"object_type",
              "type":"int",
              "value":18
            }
          ],
          "rotation":0,
          "type":"",
          "visible":true,
          "width":16,
          "x":144,
          "y":624
        }
      ],
      "opacity":1,
      "type":"objectgroup",
      "visible":false,
      "x":0,
      "y":0
    }
  ],
  "name":"DefaultObjectGroup",
  "opacity":1,
  "type":"group",
  "visible":true,
  "x":0,
  "y":0,
  "width":49,
  "height":45
}
