{
    "SystemFlag": {
        "SkipInitialize": 0,
        "KeepPlayerPuppet": 0,
        "KeepBadStatusVisual": 0
    },
    "Segments": [
        {
            "Label": "Main",
            "EntryPoint": 0,
            "Count": 6
        }
    ],
    "ScriptLocal": [],
    "ScriptLocalValue": [],
    "Mnemonics": [
        {
            "label": "Main",
            "mnemonic": "Nop",
            "operands": {
                "iValues": [],
                "rValues": [],
                "sValues": []
            },
            "type": 1,
            "comment": ""
        },
        {
            "label": "",
            "mnemonic": "Branch",
            "operands": {
                "iValues": [
                    25,
                    1,
                    4,
                    0,
                    0,
                    0,
                    0,
                    0
                ],
                "rValues": [
                    0.0,
                    0.0,
                    0.0,
                    0.0,
                    0.0,
                    0.0,
                    0.0,
                    0.0
                ],
                "sValues": [
                    "ScenarioFlag1",
                    "＝",
                    "imm",
                    "",
                    "",
                    "",
                    "",
                    ""
                ]
            },
            "type": 1,
            "comment": ""
        },
        {
            "label": "",
            "mnemonic": "Wait",
            "operands": {
                "iValues": [
                    0,
                    0,
                    0,
                    0,
                    0,
                    0,
                    0,
                    0
                ],
                "rValues": [
                    0.7,
                    0.0,
                    0.0,
                    0.0,
                    0.0,
                    0.0,
                    0.0,
                    0.0
                ],
                "sValues": [
                    "",
                    "",
                    "",
                    "",
                    "",
                    "",
                    "",
                    ""
                ]
            },
            "type": 1,
            "comment": ""
        },
        {
            "label": "",
            "mnemonic": "ChangeMap",
            "operands": {
                "iValues": [
                    122,
                    1,
                    0,
                    0,
                    1,
                    0,
                    0,
                    0
                ],
                "rValues": [
                    0.0,
                    0.0,
                    0.0,
                    0.0,
                    0.0,
                    0.0,
                    0.0,
                    0.0
                ],
                "sValues": [
                    "sc_e_0025_1",
                    "",
                    "",
                    "",
                    "",
                    "",
                    "",
                    ""
                ]
            },
            "type": 1,
            "comment": ""
        },
        {
            "label": "flagon",
            "mnemonic": "Nop",
            "operands": {
                "iValues": [],
                "rValues": [],
                "sValues": []
            },
            "type": 1,
            "comment": ""
        },
        {
            "label": "",
            "mnemonic": "Exit",
            "operands": {
                "iValues": [
                    0,
                    0,
                    0,
                    0,
                    0,
                    0,
                    0,
                    0
                ],
                "rValues": [
                    0.0,
                    0.0,
                    0.0,
                    0.0,
                    0.0,
                    0.0,
                    0.0,
                    0.0
                ],
                "sValues": [
                    "",
                    "",
                    "",
                    "",
                    "",
                    "",
                    "",
                    ""
                ]
            },
            "type": 1,
            "comment": ""
        }
    ],
    "Animations": [],
    "Name": "sc_e_0025",
    "Title": {
        "main": "飛行船の入手",
        "sub": "オンラクのデモ"
    }
}