{
	"corps_order": [0, 1, 2, 3],
	"title_preload_character_assets": ["bc_ff1_p001", "bc_ff1_p002", "bc_ff1_p003", "bc_ff1_p004", "bc_ff1_p005", "bc_ff1_p006" ],
	"skybox": {
		"group": "world_skybox",
		"data" : [
			{
				"name": "Map_10010_normal",
				"sprites": {
					"skybox": "bird_view_skybox_Map_10010_normal",
					"skyfog": "bird_view_skyfog_Map_10010_normal",
					"fogtex": "bird_view_fogtex_Map_10010_normal"
				}
			},
			{
				"name": "Map_10010_dark",
				"sprites": {
					"skybox": "bird_view_skybox_Map_10010_dark",
					"skyfog": "bird_view_skyfog_Map_10010_dark",
					"fogtex": "bird_view_fogtex_Map_10010_dark"
				}
			},
			{
				"name": "Map_00000_1_normal",
				"sprites": {
					"skybox": "bird_view_skybox_Map_10010_normal",
					"skyfog": "bird_view_skyfog_Map_10010_normal",
					"fogtex": "bird_view_fogtex_Map_10010_normal"
				}
			},
			{
				"name": "Map_00000_2_normal",
				"sprites": {
					"skybox": "bird_view_skybox_Map_10010_normal",
					"skyfog": "bird_view_skyfog_Map_10010_normal",
					"fogtex": "bird_view_fogtex_Map_10010_normal"
				}
			},
			{
				"name": "Map_00000_3_normal",
				"sprites": {
					"skybox": "bird_view_skybox_Map_10010_normal",
					"skyfog": "bird_view_skyfog_Map_10010_normal",
					"fogtex": "bird_view_fogtex_Map_10010_normal"
				}
			}
		]
	},
	"resident_characters": [
		{
			"asset_id": 1,
			"is_corps": true,
			"character_id": 1
		},
		{
			"asset_id": 2,
			"is_corps": true,
			"character_id": 2
		},
		{
			"asset_id": 3,
			"is_corps": true,
			"character_id": 3
		},
		{
			"asset_id": 4,
			"is_corps": true,
			"character_id": 4
		},
		{
			"asset_id": 100,
			"is_corps": false,
			"character_id": 100
		},
		{
			"asset_id": 101,
			"is_corps": false,
			"character_id": 101
		},
		{
			"asset_id": 102,
			"is_corps": false,
			"character_id": 102
		}
	],
	"skin_color": [
		{
			"group" : "bersak",
			"data" : [
				{
					"character_id": 1,
					"override_color_before" : [
						{
							"red" : 247,
							"green" : 188,
							"blue" : 114
						},
						{
							"red" : 225,
							"green" : 129,
							"blue" : 24
						}
					],
					"override_color_after" : [
						{
							"red" : 255,
							"green" : 0,
							"blue" : 0
						},
						{
							"red" : 255,
							"green" : 50,
							"blue" : 0
						}
					]
				},
				{
					"character_id": 2,
					"override_color_before" : [
						{
							"red" : 247,
							"green" : 195,
							"blue" : 173
						},
						{
							"red" : 218,
							"green" : 136,
							"blue" : 91
						}
					],
					"override_color_after" : [
						{
							"red" : 255,
							"green" : 0,
							"blue" : 0
						},
						{
							"red" : 255,
							"green" : 50,
							"blue" : 0
						}
					]
				},
				{
					"character_id": 3,
					"override_color_before" : [
						{
							"red" : 247,
							"green" : 203,
							"blue" : 121
						},
						{
							"red" : 218,
							"green" : 121,
							"blue" : 47
						}
					],
					"override_color_after" : [
						{
							"red" : 255,
							"green" : 0,
							"blue" : 0
						},
						{
							"red" : 255,
							"green" : 50,
							"blue" : 0
						}
					]
				},
				{
					"character_id": 4,
					"override_color_before" : [
						{
							"red" : 247,
							"green" : 210,
							"blue" : 136
						},
						{
							"red" : 233,
							"green" : 151,
							"blue" : 91
						}
					],
					"override_color_after" : [
						{
							"red" : 255,
							"green" : 0,
							"blue" : 0
						},
						{
							"red" : 255,
							"green" : 50,
							"blue" : 0
						}
					]
				},
				{
					"character_id": 5,
					"override_color_before" : [
						{
							"red" : 247,
							"green" : 181,
							"blue" : 39
						},
						{
							"red" : 218,
							"green" : 114,
							"blue" : 17
						}
					],
					"override_color_after" : [
						{
							"red" : 255,
							"green" : 0,
							"blue" : 0
						},
						{
							"red" : 255,
							"green" : 50,
							"blue" : 0
						}
					]
				},
				{
					"character_id": 6,
					"override_color_before" : [
						{
							"red" : 247,
							"green" : 210,
							"blue" : 136
						},
						{
							"red" : 225,
							"green" : 143,
							"blue" : 54
						}
					],
					"override_color_after" : [
						{
							"red" : 255,
							"green" : 0,
							"blue" : 0
						},
						{
							"red" : 255,
							"green" : 50,
							"blue" : 0
						}
					]
				}
			]
		}
	],
	"magic_level_acquisition_table": [
		{
			"current_ability_id": 0,
			"next_ability_id": 0
		}
	],
	
	"battle_anim_alias_table":[

		{
			"key": "default",
			"names":[
				"Default_00"
			]
		},

		{
			"key": "move",
			"names":[
				"RightAttack_01",
				"Default_00"
			]
		},
		
		{
			"key": "backMove",
			"names":[
				"RightAttack_01",
				"Default_00"
			]
		},
		{
			"key": "skillReady",
			"names":[
				"SkillReady_00",
				"SkillReady_01"
			]
		},
		{
			"key": "damage",
			"names":[
				"Damage_00"
			]
		},
				{
			"key": "down",
			"names":[
				"Down_00"
			]
		},	
			{
			"key": "dying",
			"names":[
				"Dying_00"
			]
		},
				{
			"key": "readyRightAttack",
			"names":[
				"RightAttack_00"
			]
		},
				{
			"key": "readyLeftAttack",
			"names":[
				"LeftAttack_00"
			]
		},	
			{
			"key": "readyMagic",
			"names":[
				"Win_00"
			]
		},	
			{
			"key": "leftAttack",
			"names":[
				"LeftAttack_01"
			]
		},	
			{
			"key": "skillActivate",
			"names":[
				"Win_00"
			]
		},	
			{
			"key": "ready",
			"names":[
				"Ready_00"
			]
		},
		{
			"key": "defend",
			"names":[
				"RightAttack_01"
			]
		},

		{
			"key": "punch",
			"names":[
				"RightAttack_01"
			]
		},
		{
			"key": "rightAttack",
			"names":[
				"RightAttack_01"
			]
		},
		{
			"key": "win",
			"names":[
				"Win_00",
				"Default_00"
			]
		}
	],
	"transportation_messagekey":[
		{
			"transportation_id": 3,
			"message_key": "MENU_KEY_HELP_GET_OFF",
			"game_key": "Action"	
		}
	]

	
}
