{
  "id":18,
  "layers":[
    {
      "draworder":"topdown",
      "id":19,
      "name":"BottomObject",
      "objects":[
        {
          "gid":2017,
          "height":16,
          "id":97,
          "name":"ToUpper",
          "properties":[
            {
              "name":"action_id",
              "type":"int",
              "value":1
            },
            {
              "name":"direction",
              "type":"int",
              "value":0
            },
            {
              "name":"entity_id",
              "type":"int",
              "value":67
            },
            {
              "name":"layer",
              "type":"int",
              "value":2
            },
            {
              "name":"link_object_id",
              "type":"int",
              "value":0
            },
            {
              "name":"object_id",
              "type":"int",
              "value":0
            },
            {
              "name":"object_type",
              "type":"int",
              "value":4
            },
            {
              "name":"script_id",
              "type":"int",
              "value":0
            }
          ],
          "rotation":0,
          "type":"",
          "visible":true,
          "width":16,
          "x":416,
          "y":320
        },
        {
          "gid":2017,
          "height":16,
          "id":98,
          "name":"ToUpper",
          "properties":[
            {
              "name":"action_id",
              "type":"int",
              "value":1
            },
            {
              "name":"direction",
              "type":"int",
              "value":0
            },
            {
              "name":"entity_id",
              "type":"int",
              "value":68
            },
            {
              "name":"layer",
              "type":"int",
              "value":2
            },
            {
              "name":"link_object_id",
              "type":"int",
              "value":0
            },
            {
              "name":"object_id",
              "type":"int",
              "value":0
            },
            {
              "name":"object_type",
              "type":"int",
              "value":4
            },
            {
              "name":"script_id",
              "type":"int",
              "value":0
            }
          ],
          "rotation":0,
          "type":"",
          "visible":true,
          "width":16,
          "x":528,
          "y":320
        },
        {
          "gid":2023,
          "height":16,
          "id":99,
          "name":"OpenTrigger",
          "properties":[
            {
              "name":"action_id",
              "type":"int",
              "value":5
            },
            {
              "name":"entity_id",
              "type":"int",
              "value":69
            },
            {
              "name":"link_object_id",
              "type":"int",
              "value":3
            },
            {
              "name":"object_id",
              "type":"int",
              "value":0
            },
            {
              "name":"object_type",
              "type":"int",
              "value":8
            },
            {
              "name":"se_id",
              "type":"int",
              "value":9
            }
          ],
          "rotation":0,
          "type":"",
          "visible":true,
          "width":16,
          "x":416,
          "y":304
        },
        {
          "gid":2023,
          "height":16,
          "id":100,
          "name":"OpenTrigger",
          "properties":[
            {
              "name":"action_id",
              "type":"int",
              "value":5
            },
            {
              "name":"entity_id",
              "type":"int",
              "value":70
            },
            {
              "name":"link_object_id",
              "type":"int",
              "value":4
            },
            {
              "name":"object_id",
              "type":"int",
              "value":0
            },
            {
              "name":"object_type",
              "type":"int",
              "value":8
            },
            {
              "name":"se_id",
              "type":"int",
              "value":9
            }
          ],
          "rotation":0,
          "type":"",
          "visible":true,
          "width":16,
          "x":528,
          "y":304
        }
      ],
      "opacity":1,
      "type":"objectgroup",
      "visible":true,
      "x":0,
      "y":0
    },
    {
      "draworder":"topdown",
      "id":20,
      "name":"UpperObject",
      "objects":[
        {
          "height":16,
          "id":91,
          "name":"TileAnimRegion",
          "properties":[
            {
              "name":"all_layers",
              "type":"bool",
              "value":true
            },
            {
              "name":"entity_id",
              "type":"int",
              "value":71
            },
            {
              "name":"object_id",
              "type":"int",
              "value":3
            },
            {
              "name":"object_type",
              "type":"int",
              "value":1
            },
            {
              "name":"reverse",
              "type":"bool",
              "value":true
            }
          ],
          "rotation":0,
          "type":"",
          "visible":true,
          "width":16,
          "x":416,
          "y":288
        },
        {
          "gid":2023,
          "height":16,
          "id":92,
          "name":"OpenTrigger",
          "properties":[
            {
              "name":"action_id",
              "type":"int",
              "value":5
            },
            {
              "name":"entity_id",
              "type":"int",
              "value":72
            },
            {
              "name":"link_object_id",
              "type":"int",
              "value":3
            },
            {
              "name":"object_id",
              "type":"int",
              "value":0
            },
            {
              "name":"object_type",
              "type":"int",
              "value":8
            },
            {
              "name":"se_id",
              "type":"int",
              "value":9
            }
          ],
          "rotation":0,
          "type":"",
          "visible":true,
          "width":16,
          "x":416,
          "y":304
        },
        {
          "gid":2019,
          "height":16,
          "id":93,
          "name":"ToBottom",
          "properties":[
            {
              "name":"action_id",
              "type":"int",
              "value":1
            },
            {
              "name":"direction",
              "type":"int",
              "value":0
            },
            {
              "name":"entity_id",
              "type":"int",
              "value":73
            },
            {
              "name":"layer",
              "type":"int",
              "value":0
            },
            {
              "name":"link_object_id",
              "type":"int",
              "value":0
            },
            {
              "name":"object_id",
              "type":"int",
              "value":0
            },
            {
              "name":"object_type",
              "type":"int",
              "value":4
            },
            {
              "name":"script_id",
              "type":"int",
              "value":0
            }
          ],
          "rotation":0,
          "type":"",
          "visible":true,
          "width":16,
          "x":416,
          "y":304
        },
        {
          "height":16,
          "id":94,
          "name":"TileAnimRegion",
          "properties":[
            {
              "name":"all_layers",
              "type":"bool",
              "value":true
            },
            {
              "name":"entity_id",
              "type":"int",
              "value":74
            },
            {
              "name":"object_id",
              "type":"int",
              "value":4
            },
            {
              "name":"object_type",
              "type":"int",
              "value":1
            },
            {
              "name":"reverse",
              "type":"bool",
              "value":true
            }
          ],
          "rotation":0,
          "type":"",
          "visible":true,
          "width":16,
          "x":528,
          "y":288
        },
        {
          "gid":2023,
          "height":16,
          "id":95,
          "name":"OpenTrigger",
          "properties":[
            {
              "name":"action_id",
              "type":"int",
              "value":5
            },
            {
              "name":"entity_id",
              "type":"int",
              "value":75
            },
            {
              "name":"link_object_id",
              "type":"int",
              "value":4
            },
            {
              "name":"object_id",
              "type":"int",
              "value":0
            },
            {
              "name":"object_type",
              "type":"int",
              "value":8
            },
            {
              "name":"se_id",
              "type":"int",
              "value":9
            }
          ],
          "rotation":0,
          "type":"",
          "visible":true,
          "width":16,
          "x":528,
          "y":304
        },
        {
          "gid":2019,
          "height":16,
          "id":96,
          "name":"ToBottom",
          "properties":[
            {
              "name":"action_id",
              "type":"int",
              "value":1
            },
            {
              "name":"direction",
              "type":"int",
              "value":0
            },
            {
              "name":"entity_id",
              "type":"int",
              "value":76
            },
            {
              "name":"layer",
              "type":"int",
              "value":0
            },
            {
              "name":"link_object_id",
              "type":"int",
              "value":0
            },
            {
              "name":"object_id",
              "type":"int",
              "value":0
            },
            {
              "name":"object_type",
              "type":"int",
              "value":4
            },
            {
              "name":"script_id",
              "type":"int",
              "value":0
            }
          ],
          "rotation":0,
          "type":"",
          "visible":true,
          "width":16,
          "x":528,
          "y":304
        }
      ],
      "opacity":1,
      "type":"objectgroup",
      "visible":true,
      "x":0,
      "y":0
    }
  ],
  "name":"ev_e_0014",
  "opacity":1,
  "type":"group",
  "visible":false,
  "x":0,
  "y":0,
  "width":53,
  "height":50
}
