{
    "SystemFlag": {
        "SkipInitialize": 0,
        "KeepPlayerPuppet": 0,
        "KeepBadStatusVisual": 0
    },
    "Segments": [
        {
            "Label": "Main",
            "EntryPoint": 0,
            "Count": 8
        }
    ],
    "ScriptLocal": [],
    "ScriptLocalValue": [],
    "Mnemonics": [
        {
            "label": "Main",
            "mnemonic": "Nop",
            "operands": {
                "iValues": [],
                "rValues": [],
                "sValues": []
            },
            "type": 1,
            "comment": ""
        },
        {
            "label": "",
            "mnemonic": "MsgFunfare",
            "operands": {
                "iValues": [
                    0,
                    0,
                    84,
                    0,
                    0,
                    0,
                    0,
                    0
                ],
                "rValues": [
                    0.0,
                    0.0,
                    0.0,
                    0.0,
                    0.0,
                    0.0,
                    0.0,
                    0.0
                ],
                "sValues": [
                    "MSG_KON_CAS_26",
                    "",
                    "",
                    "",
                    "",
                    "",
                    "",
                    ""
                ]
            },
            "type": 1,
            "comment": ""
        },
        {
            "label": "",
            "mnemonic": "TreasureBox",
            "operands": {
                "iValues": [
                    10,
                    1,
                    1,
                    0,
                    0,
                    0,
                    0,
                    0
                ],
                "rValues": [
                    0.0,
                    0.0,
                    0.0,
                    0.0,
                    0.0,
                    0.0,
                    0.0,
                    0.0
                ],
                "sValues": [
                    "",
                    "",
                    "",
                    "",
                    "",
                    "",
                    "",
                    ""
                ]
            },
            "type": 1,
            "comment": ""
        },
		{
            "label": "",
            "mnemonic": "GetItem",
            "operands": {
                "iValues": [
                    50,
                    -1,
                    0,
                    0,
                    0,
                    0,
                    0,
                    0
                ],
                "rValues": [
                    0.0,
                    0.0,
                    0.0,
                    0.0,
                    0.0,
                    0.0,
                    0.0,
                    0.0
                ],
                "sValues": [
                    "",
                    "",
                    "",
                    "",
                    "",
                    "",
                    "",
                    ""
                ]
            },
            "type": 1,
            "comment": ""
        },
		{
            "label": "",
            "mnemonic": "GetItem",
            "operands": {
                "iValues": [
                    50,
                    0,
                    0,
                    0,
                    0,
                    0,
                    0,
                    0
                ],
                "rValues": [
                    0.0,
                    0.0,
                    0.0,
                    0.0,
                    0.0,
                    0.0,
                    0.0,
                    0.0
                ],
                "sValues": [
                    "",
                    "",
                    "",
                    "",
                    "",
                    "",
                    "",
                    ""
                ]
            },
            "type": 1,
            "comment": ""
        },
        {
            "label": "",
            "mnemonic": "SetFlag",
            "operands": {
                "iValues": [
                    14,
                    0,
                    0,
                    0,
                    0,
                    0,
                    0,
                    0
                ],
                "rValues": [
                    0.0,
                    0.0,
                    0.0,
                    0.0,
                    0.0,
                    0.0,
                    0.0,
                    0.0
                ],
                "sValues": [
                    "ScenarioFlag1",
                    "",
                    "",
                    "",
                    "",
                    "",
                    "",
                    ""
                ]
            },
            "type": 1,
            "comment": ""
        },
        {
            "label": "",
            "mnemonic": "SetFlag",
            "operands": {
                "iValues": [
                    505,
                    0,
                    0,
                    0,
                    0,
                    0,
                    0,
                    0
                ],
                "rValues": [
                    0.0,
                    0.0,
                    0.0,
                    0.0,
                    0.0,
                    0.0,
                    0.0,
                    0.0
                ],
                "sValues": [
                    "TreasureFlag2",
                    "",
                    "",
                    "",
                    "",
                    "",
                    "",
                    ""
                ]
            },
            "type": 1,
            "comment": ""
        },
        {
            "label": "",
            "mnemonic": "Exit",
            "operands": {
                "iValues": [
                    0,
                    0,
                    0,
                    0,
                    0,
                    0,
                    0,
                    0
                ],
                "rValues": [
                    0.0,
                    0.0,
                    0.0,
                    0.0,
                    0.0,
                    0.0,
                    0.0,
                    0.0
                ],
                "sValues": [
                    "",
                    "",
                    "",
                    "",
                    "",
                    "",
                    "",
                    ""
                ]
            },
            "type": 1,
            "comment": ""
        }
    ],
    "Animations": [
        {
            "name": "Get treasure",
            "frames": [
                {
                    "sprite_name": "Default_01",
                    "offsetx": 0.0,
                    "offsety": 0.0,
                    "alpha": 1.0,
                    "rgb": {
                        "r": 1.0,
                        "g": 1.0,
                        "b": 1.0,
                        "a": 1.0
                    },
                    "flip": false
                },
                {
                    "sprite_name": "LookDown_00",
                    "offsetx": 0.0,
                    "offsety": 0.0,
                    "alpha": 1.0,
                    "rgb": {
                        "r": 1.0,
                        "g": 1.0,
                        "b": 1.0,
                        "a": 1.0
                    },
                    "flip": false
                },
                {
                    "sprite_name": "LookDown_00",
                    "offsetx": 0.0,
                    "offsety": 0.0,
                    "alpha": 1.0,
                    "rgb": {
                        "r": 1.0,
                        "g": 1.0,
                        "b": 1.0,
                        "a": 1.0
                    },
                    "flip": false
                },
                {
                    "sprite_name": "RightHandUp_00",
                    "offsetx": 0.0,
                    "offsety": 0.0,
                    "alpha": 1.0,
                    "rgb": {
                        "r": 1.0,
                        "g": 1.0,
                        "b": 1.0,
                        "a": 1.0
                    },
                    "flip": false
                }
            ],
            "play_speed": 1.5,
            "play_mode": 0,
            "is_reverse": false
        }
    ],
    "Name": "sc_e_0014",
    "Title": {
        "main": "ニトロの火薬入手",
        "sub": "オンラクのデモ"
    }
}