{
  "id":7,
  "layers":[
    {
      "draworder":"topdown",
      "id":12,
      "name":"BottomObject",
      "objects":[
        {
          "gid":2021,
          "height":16,
          "id":41,
          "name":"PointIn",
          "properties":[
            {
              "name":"direction",
              "type":"int",
              "value":4
            },
            {
              "name":"entity_id",
              "type":"int",
              "value":1
            },
            {
              "name":"link_object_id",
              "type":"int",
              "value":0
            },
            {
              "name":"object_id",
              "type":"int",
              "value":2
            },
            {
              "name":"object_type",
              "type":"int",
              "value":0
            },
            {
              "name":"title_id",
              "type":"string",
              "value":"MSG_PLACE_16"
            },
            {
              "name":"title_type",
              "type":"int",
              "value":0
            }
          ],
          "rotation":0,
          "type":"",
          "visible":true,
          "width":16,
          "x":608,
          "y":464
        },
        {
          "gid":2017,
          "height":16,
          "id":45,
          "name":"ToUpper",
          "properties":[
            {
              "name":"action_id",
              "type":"int",
              "value":1
            },
            {
              "name":"direction",
              "type":"int",
              "value":0
            },
            {
              "name":"entity_id",
              "type":"int",
              "value":50
            },
            {
              "name":"layer",
              "type":"int",
              "value":2
            },
            {
              "name":"link_object_id",
              "type":"int",
              "value":0
            },
            {
              "name":"object_id",
              "type":"int",
              "value":0
            },
            {
              "name":"object_type",
              "type":"int",
              "value":4
            },
            {
              "name":"script_id",
              "type":"int",
              "value":0
            }
          ],
          "rotation":0,
          "type":"",
          "visible":true,
          "width":16,
          "x":208,
          "y":224
        },
        {
          "gid":2017,
          "height":16,
          "id":47,
          "name":"ToUpper",
          "properties":[
            {
              "name":"action_id",
              "type":"int",
              "value":1
            },
            {
              "name":"direction",
              "type":"int",
              "value":0
            },
            {
              "name":"entity_id",
              "type":"int",
              "value":51
            },
            {
              "name":"layer",
              "type":"int",
              "value":2
            },
            {
              "name":"link_object_id",
              "type":"int",
              "value":0
            },
            {
              "name":"object_id",
              "type":"int",
              "value":0
            },
            {
              "name":"object_type",
              "type":"int",
              "value":4
            },
            {
              "name":"script_id",
              "type":"int",
              "value":0
            }
          ],
          "rotation":0,
          "type":"",
          "visible":true,
          "width":16,
          "x":192,
          "y":816
        },
        {
          "gid":2023,
          "height":16,
          "id":57,
          "name":"OpenTrigger",
          "properties":[
            {
              "name":"action_id",
              "type":"int",
              "value":5
            },
            {
              "name":"entity_id",
              "type":"int",
              "value":2
            },
            {
              "name":"link_object_id",
              "type":"int",
              "value":2
            },
            {
              "name":"object_id",
              "type":"int",
              "value":0
            },
            {
              "name":"object_type",
              "type":"int",
              "value":8
            },
            {
              "name":"se_id",
              "type":"int",
              "value":9
            }
          ],
          "rotation":0,
          "type":"",
          "visible":true,
          "width":16,
          "x":208,
          "y":208
        },
        {
          "gid":2023,
          "height":16,
          "id":61,
          "name":"OpenTrigger",
          "properties":[
            {
              "name":"action_id",
              "type":"int",
              "value":5
            },
            {
              "name":"entity_id",
              "type":"int",
              "value":3
            },
            {
              "name":"link_object_id",
              "type":"int",
              "value":3
            },
            {
              "name":"object_id",
              "type":"int",
              "value":0
            },
            {
              "name":"object_type",
              "type":"int",
              "value":8
            },
            {
              "name":"se_id",
              "type":"int",
              "value":9
            }
          ],
          "rotation":0,
          "type":"",
          "visible":true,
          "width":16,
          "x":192,
          "y":800
        },
        {
          "gid":2047,
          "height":16,
          "id":111,
          "name":"\u30dd\u30fc\u30b7\u30e7\u30f3",
          "properties":[
            {
              "name":"accept_action_direction",
              "type":"int",
              "value":15
            },
            {
              "name":"action_id",
              "type":"int",
              "value":6
            },
            {
              "name":"asset_id",
              "type":"int",
              "value":0
            },
            {
              "name":"collision",
              "type":"bool",
              "value":true
            },
            {
              "name":"content_id",
              "type":"int",
              "value":2
            },
            {
              "name":"content_num",
              "type":"int",
              "value":1
            },
            {
              "name":"direction",
              "type":"int",
              "value":15
            },
            {
              "name":"entity_id",
              "type":"int",
              "value":4
            },
            {
              "name":"flag_id",
              "type":"int",
              "value":6
            },
            {
              "name":"interactive_icon_type",
              "type":"int",
              "value":5
            },
            {
              "name":"link_object_id",
              "type":"int",
              "value":100
            },
            {
              "name":"message_key",
              "type":"string",
              "value":"MSG_OTHER_11"
            },
            {
              "name":"object_id",
              "type":"int",
              "value":0
            },
            {
              "name":"object_type",
              "type":"int",
              "value":7
            },
            {
              "name":"pick_up",
              "type":"bool",
              "value":false
            },
            {
              "name":"script_id",
              "type":"int",
              "value":0
            },
            {
              "name":"se_id",
              "type":"int",
              "value":909
            },
            {
              "name":"talk_target_transportation_ids",
              "type":"string",
              "value":""
            }
          ],
          "rotation":0,
          "type":"",
          "visible":true,
          "width":16,
          "x":208,
          "y":160
        },
        {
          "gid":2047,
          "height":16,
          "id":112,
          "name":"\u30c6\u30f3\u30c8",
          "properties":[
            {
              "name":"accept_action_direction",
              "type":"int",
              "value":15
            },
            {
              "name":"action_id",
              "type":"int",
              "value":6
            },
            {
              "name":"asset_id",
              "type":"int",
              "value":0
            },
            {
              "name":"collision",
              "type":"bool",
              "value":true
            },
            {
              "name":"content_id",
              "type":"int",
              "value":18
            },
            {
              "name":"content_num",
              "type":"int",
              "value":1
            },
            {
              "name":"direction",
              "type":"int",
              "value":15
            },
            {
              "name":"entity_id",
              "type":"int",
              "value":5
            },
            {
              "name":"flag_id",
              "type":"int",
              "value":7
            },
            {
              "name":"interactive_icon_type",
              "type":"int",
              "value":5
            },
            {
              "name":"link_object_id",
              "type":"int",
              "value":101
            },
            {
              "name":"message_key",
              "type":"string",
              "value":"MSG_OTHER_11"
            },
            {
              "name":"object_id",
              "type":"int",
              "value":0
            },
            {
              "name":"object_type",
              "type":"int",
              "value":7
            },
            {
              "name":"pick_up",
              "type":"bool",
              "value":false
            },
            {
              "name":"script_id",
              "type":"int",
              "value":0
            },
            {
              "name":"se_id",
              "type":"int",
              "value":909
            },
            {
              "name":"talk_target_transportation_ids",
              "type":"string",
              "value":""
            }
          ],
          "rotation":0,
          "type":"",
          "visible":true,
          "width":16,
          "x":192,
          "y":160
        },
        {
          "gid":2047,
          "height":16,
          "id":113,
          "name":"\u304b\u308f\u306e\u307c\u3046\u3057",
          "properties":[
            {
              "name":"accept_action_direction",
              "type":"int",
              "value":15
            },
            {
              "name":"action_id",
              "type":"int",
              "value":6
            },
            {
              "name":"asset_id",
              "type":"int",
              "value":0
            },
            {
              "name":"collision",
              "type":"bool",
              "value":true
            },
            {
              "name":"content_id",
              "type":"int",
              "value":175
            },
            {
              "name":"content_num",
              "type":"int",
              "value":1
            },
            {
              "name":"direction",
              "type":"int",
              "value":15
            },
            {
              "name":"entity_id",
              "type":"int",
              "value":6
            },
            {
              "name":"flag_id",
              "type":"int",
              "value":5
            },
            {
              "name":"interactive_icon_type",
              "type":"int",
              "value":5
            },
            {
              "name":"link_object_id",
              "type":"int",
              "value":102
            },
            {
              "name":"message_key",
              "type":"string",
              "value":"MSG_OTHER_11"
            },
            {
              "name":"object_id",
              "type":"int",
              "value":0
            },
            {
              "name":"object_type",
              "type":"int",
              "value":7
            },
            {
              "name":"pick_up",
              "type":"bool",
              "value":false
            },
            {
              "name":"script_id",
              "type":"int",
              "value":0
            },
            {
              "name":"se_id",
              "type":"int",
              "value":909
            },
            {
              "name":"talk_target_transportation_ids",
              "type":"string",
              "value":""
            }
          ],
          "rotation":0,
          "type":"",
          "visible":true,
          "width":16,
          "x":192,
          "y":752
        },
        {
          "gid":2047,
          "height":16,
          "id":114,
          "name":"\u30a6\u30a7\u30a2\u30d0\u30b9\u30bf\u30fc",
          "properties":[
            {
              "name":"accept_action_direction",
              "type":"int",
              "value":15
            },
            {
              "name":"action_id",
              "type":"int",
              "value":6
            },
            {
              "name":"asset_id",
              "type":"int",
              "value":0
            },
            {
              "name":"collision",
              "type":"bool",
              "value":true
            },
            {
              "name":"content_id",
              "type":"int",
              "value":74
            },
            {
              "name":"content_num",
              "type":"int",
              "value":1
            },
            {
              "name":"direction",
              "type":"int",
              "value":15
            },
            {
              "name":"entity_id",
              "type":"int",
              "value":7
            },
            {
              "name":"flag_id",
              "type":"int",
              "value":8
            },
            {
              "name":"interactive_icon_type",
              "type":"int",
              "value":5
            },
            {
              "name":"link_object_id",
              "type":"int",
              "value":103
            },
            {
              "name":"message_key",
              "type":"string",
              "value":"MSG_OTHER_11"
            },
            {
              "name":"object_id",
              "type":"int",
              "value":0
            },
            {
              "name":"object_type",
              "type":"int",
              "value":7
            },
            {
              "name":"pick_up",
              "type":"bool",
              "value":false
            },
            {
              "name":"script_id",
              "type":"int",
              "value":0
            },
            {
              "name":"se_id",
              "type":"int",
              "value":909
            },
            {
              "name":"talk_target_transportation_ids",
              "type":"string",
              "value":""
            }
          ],
          "rotation":0,
          "type":"",
          "visible":true,
          "width":16,
          "x":1024,
          "y":160
        },
        {
          "gid":2047,
          "height":16,
          "id":115,
          "name":"\u304d\u3093\u306e\u306f\u308a",
          "properties":[
            {
              "name":"accept_action_direction",
              "type":"int",
              "value":15
            },
            {
              "name":"action_id",
              "type":"int",
              "value":6
            },
            {
              "name":"asset_id",
              "type":"int",
              "value":0
            },
            {
              "name":"collision",
              "type":"bool",
              "value":true
            },
            {
              "name":"content_id",
              "type":"int",
              "value":14
            },
            {
              "name":"content_num",
              "type":"int",
              "value":1
            },
            {
              "name":"direction",
              "type":"int",
              "value":15
            },
            {
              "name":"entity_id",
              "type":"int",
              "value":8
            },
            {
              "name":"flag_id",
              "type":"int",
              "value":9
            },
            {
              "name":"interactive_icon_type",
              "type":"int",
              "value":5
            },
            {
              "name":"link_object_id",
              "type":"int",
              "value":104
            },
            {
              "name":"message_key",
              "type":"string",
              "value":"MSG_OTHER_11"
            },
            {
              "name":"object_id",
              "type":"int",
              "value":0
            },
            {
              "name":"object_type",
              "type":"int",
              "value":7
            },
            {
              "name":"pick_up",
              "type":"bool",
              "value":false
            },
            {
              "name":"script_id",
              "type":"int",
              "value":0
            },
            {
              "name":"se_id",
              "type":"int",
              "value":909
            },
            {
              "name":"talk_target_transportation_ids",
              "type":"string",
              "value":""
            }
          ],
          "rotation":0,
          "type":"",
          "visible":true,
          "width":16,
          "x":1040,
          "y":160
        },
        {
          "gid":2047,
          "height":16,
          "id":116,
          "name":"\u30eb\u30fc\u30f3\u30d6\u30ec\u30fc\u30c9",
          "properties":[
            {
              "name":"accept_action_direction",
              "type":"int",
              "value":15
            },
            {
              "name":"action_id",
              "type":"int",
              "value":6
            },
            {
              "name":"asset_id",
              "type":"int",
              "value":0
            },
            {
              "name":"collision",
              "type":"bool",
              "value":true
            },
            {
              "name":"content_id",
              "type":"int",
              "value":75
            },
            {
              "name":"content_num",
              "type":"int",
              "value":1
            },
            {
              "name":"direction",
              "type":"int",
              "value":15
            },
            {
              "name":"entity_id",
              "type":"int",
              "value":9
            },
            {
              "name":"flag_id",
              "type":"int",
              "value":10
            },
            {
              "name":"interactive_icon_type",
              "type":"int",
              "value":5
            },
            {
              "name":"link_object_id",
              "type":"int",
              "value":105
            },
            {
              "name":"message_key",
              "type":"string",
              "value":"MSG_OTHER_11"
            },
            {
              "name":"object_id",
              "type":"int",
              "value":0
            },
            {
              "name":"object_type",
              "type":"int",
              "value":7
            },
            {
              "name":"pick_up",
              "type":"bool",
              "value":false
            },
            {
              "name":"script_id",
              "type":"int",
              "value":0
            },
            {
              "name":"se_id",
              "type":"int",
              "value":909
            },
            {
              "name":"talk_target_transportation_ids",
              "type":"string",
              "value":""
            }
          ],
          "rotation":0,
          "type":"",
          "visible":true,
          "width":16,
          "x":1040,
          "y":752
        },
        {
          "gid":2048,
          "height":16,
          "id":163,
          "name":"\u30b3\u30a6\u30e2\u30ea1",
          "properties":[
            {
              "name":"accept_action_direction",
              "type":"int",
              "value":15
            },
            {
              "name":"action_id",
              "type":"int",
              "value":2
            },
            {
              "name":"affected",
              "type":"bool",
              "value":false
            },
            {
              "name":"all_layers",
              "type":"bool",
              "value":false
            },
            {
              "name":"asset_id",
              "type":"int",
              "value":83
            },
            {
              "name":"birdview_puppet",
              "type":"bool",
              "value":false
            },
            {
              "name":"direction",
              "type":"int",
              "value":4
            },
            {
              "name":"entity_id",
              "type":"int",
              "value":10
            },
            {
              "name":"eye_contact",
              "type":"bool",
              "value":true
            },
            {
              "name":"flight_altitude_ratio",
              "type":"float",
              "value":1
            },
            {
              "name":"idling",
              "type":"bool",
              "value":true
            },
            {
              "name":"link_object_id",
              "type":"int",
              "value":1
            },
            {
              "name":"message_key",
              "type":"string",
              "value":"MSG_CHS_01"
            },
            {
              "name":"move_interval_id",
              "type":"int",
              "value":3
            },
            {
              "name":"move_speed_id",
              "type":"int",
              "value":4
            },
            {
              "name":"move_step",
              "type":"int",
              "value":1
            },
            {
              "name":"move_type",
              "type":"int",
              "value":2
            },
            {
              "name":"move_while_display_message",
              "type":"bool",
              "value":false
            },
            {
              "name":"object_id",
              "type":"int",
              "value":0
            },
            {
              "name":"object_type",
              "type":"int",
              "value":6
            },
            {
              "name":"pushed",
              "type":"bool",
              "value":true
            },
            {
              "name":"script_id",
              "type":"int",
              "value":276
            },
            {
              "name":"talk_target_transportation_ids",
              "type":"string",
              "value":""
            },
            {
              "name":"target_character_status_id",
              "type":"int",
              "value":0
            },
            {
              "name":"turn_around",
              "type":"bool",
              "value":true
            },
            {
              "name":"visible_minimap",
              "type":"bool",
              "value":false
            }
          ],
          "rotation":0,
          "type":"",
          "visible":true,
          "width":16,
          "x":576,
          "y":464
        },
        {
          "gid":2048,
          "height":16,
          "id":164,
          "name":"\u30b3\u30a6\u30e2\u30ea2",
          "properties":[
            {
              "name":"accept_action_direction",
              "type":"int",
              "value":15
            },
            {
              "name":"action_id",
              "type":"int",
              "value":2
            },
            {
              "name":"affected",
              "type":"bool",
              "value":false
            },
            {
              "name":"all_layers",
              "type":"bool",
              "value":false
            },
            {
              "name":"asset_id",
              "type":"int",
              "value":83
            },
            {
              "name":"birdview_puppet",
              "type":"bool",
              "value":false
            },
            {
              "name":"direction",
              "type":"int",
              "value":4
            },
            {
              "name":"entity_id",
              "type":"int",
              "value":11
            },
            {
              "name":"eye_contact",
              "type":"bool",
              "value":true
            },
            {
              "name":"flight_altitude_ratio",
              "type":"float",
              "value":1
            },
            {
              "name":"idling",
              "type":"bool",
              "value":true
            },
            {
              "name":"link_object_id",
              "type":"int",
              "value":1
            },
            {
              "name":"message_key",
              "type":"string",
              "value":"MSG_CHS_01"
            },
            {
              "name":"move_interval_id",
              "type":"int",
              "value":3
            },
            {
              "name":"move_speed_id",
              "type":"int",
              "value":4
            },
            {
              "name":"move_step",
              "type":"int",
              "value":1
            },
            {
              "name":"move_type",
              "type":"int",
              "value":2
            },
            {
              "name":"move_while_display_message",
              "type":"bool",
              "value":false
            },
            {
              "name":"object_id",
              "type":"int",
              "value":0
            },
            {
              "name":"object_type",
              "type":"int",
              "value":6
            },
            {
              "name":"pushed",
              "type":"bool",
              "value":true
            },
            {
              "name":"script_id",
              "type":"int",
              "value":277
            },
            {
              "name":"talk_target_transportation_ids",
              "type":"string",
              "value":""
            },
            {
              "name":"target_character_status_id",
              "type":"int",
              "value":0
            },
            {
              "name":"turn_around",
              "type":"bool",
              "value":true
            },
            {
              "name":"visible_minimap",
              "type":"bool",
              "value":false
            }
          ],
          "rotation":0,
          "type":"",
          "visible":true,
          "width":16,
          "x":560,
          "y":480
        },
        {
          "gid":2048,
          "height":16,
          "id":165,
          "name":"\u30b3\u30a6\u30e2\u30ea3",
          "properties":[
            {
              "name":"accept_action_direction",
              "type":"int",
              "value":15
            },
            {
              "name":"action_id",
              "type":"int",
              "value":2
            },
            {
              "name":"affected",
              "type":"bool",
              "value":false
            },
            {
              "name":"all_layers",
              "type":"bool",
              "value":false
            },
            {
              "name":"asset_id",
              "type":"int",
              "value":83
            },
            {
              "name":"birdview_puppet",
              "type":"bool",
              "value":false
            },
            {
              "name":"direction",
              "type":"int",
              "value":4
            },
            {
              "name":"entity_id",
              "type":"int",
              "value":12
            },
            {
              "name":"eye_contact",
              "type":"bool",
              "value":true
            },
            {
              "name":"flight_altitude_ratio",
              "type":"float",
              "value":1
            },
            {
              "name":"idling",
              "type":"bool",
              "value":true
            },
            {
              "name":"link_object_id",
              "type":"int",
              "value":1
            },
            {
              "name":"message_key",
              "type":"string",
              "value":"MSG_CHS_01"
            },
            {
              "name":"move_interval_id",
              "type":"int",
              "value":3
            },
            {
              "name":"move_speed_id",
              "type":"int",
              "value":4
            },
            {
              "name":"move_step",
              "type":"int",
              "value":1
            },
            {
              "name":"move_type",
              "type":"int",
              "value":2
            },
            {
              "name":"move_while_display_message",
              "type":"bool",
              "value":false
            },
            {
              "name":"object_id",
              "type":"int",
              "value":0
            },
            {
              "name":"object_type",
              "type":"int",
              "value":6
            },
            {
              "name":"pushed",
              "type":"bool",
              "value":true
            },
            {
              "name":"script_id",
              "type":"int",
              "value":278
            },
            {
              "name":"talk_target_transportation_ids",
              "type":"string",
              "value":""
            },
            {
              "name":"target_character_status_id",
              "type":"int",
              "value":0
            },
            {
              "name":"turn_around",
              "type":"bool",
              "value":true
            },
            {
              "name":"visible_minimap",
              "type":"bool",
              "value":false
            }
          ],
          "rotation":0,
          "type":"",
          "visible":true,
          "width":16,
          "x":544,
          "y":496
        },
        {
          "gid":2048,
          "height":16,
          "id":166,
          "name":"\u30b3\u30a6\u30e2\u30ea4",
          "properties":[
            {
              "name":"accept_action_direction",
              "type":"int",
              "value":15
            },
            {
              "name":"action_id",
              "type":"int",
              "value":2
            },
            {
              "name":"affected",
              "type":"bool",
              "value":false
            },
            {
              "name":"all_layers",
              "type":"bool",
              "value":false
            },
            {
              "name":"asset_id",
              "type":"int",
              "value":83
            },
            {
              "name":"birdview_puppet",
              "type":"bool",
              "value":false
            },
            {
              "name":"direction",
              "type":"int",
              "value":4
            },
            {
              "name":"entity_id",
              "type":"int",
              "value":13
            },
            {
              "name":"eye_contact",
              "type":"bool",
              "value":true
            },
            {
              "name":"flight_altitude_ratio",
              "type":"float",
              "value":1
            },
            {
              "name":"idling",
              "type":"bool",
              "value":true
            },
            {
              "name":"link_object_id",
              "type":"int",
              "value":2
            },
            {
              "name":"message_key",
              "type":"string",
              "value":"MSG_CHS_01"
            },
            {
              "name":"move_interval_id",
              "type":"int",
              "value":3
            },
            {
              "name":"move_speed_id",
              "type":"int",
              "value":4
            },
            {
              "name":"move_step",
              "type":"int",
              "value":1
            },
            {
              "name":"move_type",
              "type":"int",
              "value":2
            },
            {
              "name":"move_while_display_message",
              "type":"bool",
              "value":false
            },
            {
              "name":"object_id",
              "type":"int",
              "value":0
            },
            {
              "name":"object_type",
              "type":"int",
              "value":6
            },
            {
              "name":"pushed",
              "type":"bool",
              "value":true
            },
            {
              "name":"script_id",
              "type":"int",
              "value":279
            },
            {
              "name":"talk_target_transportation_ids",
              "type":"string",
              "value":""
            },
            {
              "name":"target_character_status_id",
              "type":"int",
              "value":0
            },
            {
              "name":"turn_around",
              "type":"bool",
              "value":true
            },
            {
              "name":"visible_minimap",
              "type":"bool",
              "value":false
            }
          ],
          "rotation":0,
          "type":"",
          "visible":true,
          "width":16,
          "x":640,
          "y":464
        },
        {
          "gid":2048,
          "height":16,
          "id":167,
          "name":"\u30b3\u30a6\u30e2\u30ea5",
          "properties":[
            {
              "name":"accept_action_direction",
              "type":"int",
              "value":15
            },
            {
              "name":"action_id",
              "type":"int",
              "value":2
            },
            {
              "name":"affected",
              "type":"bool",
              "value":false
            },
            {
              "name":"all_layers",
              "type":"bool",
              "value":false
            },
            {
              "name":"asset_id",
              "type":"int",
              "value":83
            },
            {
              "name":"birdview_puppet",
              "type":"bool",
              "value":false
            },
            {
              "name":"direction",
              "type":"int",
              "value":4
            },
            {
              "name":"entity_id",
              "type":"int",
              "value":14
            },
            {
              "name":"eye_contact",
              "type":"bool",
              "value":true
            },
            {
              "name":"flight_altitude_ratio",
              "type":"float",
              "value":1
            },
            {
              "name":"idling",
              "type":"bool",
              "value":true
            },
            {
              "name":"link_object_id",
              "type":"int",
              "value":2
            },
            {
              "name":"message_key",
              "type":"string",
              "value":"MSG_CHS_01"
            },
            {
              "name":"move_interval_id",
              "type":"int",
              "value":3
            },
            {
              "name":"move_speed_id",
              "type":"int",
              "value":4
            },
            {
              "name":"move_step",
              "type":"int",
              "value":1
            },
            {
              "name":"move_type",
              "type":"int",
              "value":2
            },
            {
              "name":"move_while_display_message",
              "type":"bool",
              "value":false
            },
            {
              "name":"object_id",
              "type":"int",
              "value":0
            },
            {
              "name":"object_type",
              "type":"int",
              "value":6
            },
            {
              "name":"pushed",
              "type":"bool",
              "value":true
            },
            {
              "name":"script_id",
              "type":"int",
              "value":280
            },
            {
              "name":"talk_target_transportation_ids",
              "type":"string",
              "value":""
            },
            {
              "name":"target_character_status_id",
              "type":"int",
              "value":0
            },
            {
              "name":"turn_around",
              "type":"bool",
              "value":true
            },
            {
              "name":"visible_minimap",
              "type":"bool",
              "value":false
            }
          ],
          "rotation":0,
          "type":"",
          "visible":true,
          "width":16,
          "x":656,
          "y":480
        },
        {
          "height":80,
          "id":168,
          "name":"NPC_MoveArea",
          "properties":[
            {
              "name":"entity_id",
              "type":"int",
              "value":15
            },
            {
              "name":"object_id",
              "type":"int",
              "value":1
            },
            {
              "name":"object_type",
              "type":"int",
              "value":13
            }
          ],
          "rotation":0,
          "type":"",
          "visible":true,
          "width":64,
          "x":528,
          "y":432
        },
        {
          "gid":2022,
          "height":16,
          "id":243,
          "name":"\u904e\u53bb\u306e\u30ab\u30aa\u30b9\u795e\u6bbf\u306b\u30ef\u30fc\u30d7",
          "properties":[
            {
              "name":"action_id",
              "type":"int",
              "value":2
            },
            {
              "name":"direction",
              "type":"int",
              "value":0
            },
            {
              "name":"entity_id",
              "type":"int",
              "value":64
            },
            {
              "name":"gimmick",
              "type":"bool",
              "value":false
            },
            {
              "name":"ignore_route_link_object_id",
              "type":"int",
              "value":-1
            },
            {
              "name":"link_object_id",
              "type":"int",
              "value":0
            },
            {
              "name":"object_id",
              "type":"int",
              "value":0
            },
            {
              "name":"object_type",
              "type":"int",
              "value":2
            },
            {
              "name":"script_id",
              "type":"int",
              "value":600
            }
          ],
          "rotation":0,
          "type":"",
          "visible":true,
          "width":16,
          "x":608,
          "y":448
        },
        {
          "height":16,
          "id":351,
          "name":"TileAnimRegion",
          "properties":[
            {
              "name":"all_layers",
              "type":"bool",
              "value":true
            },
            {
              "name":"entity_id",
              "type":"int",
              "value":116
            },
            {
              "name":"object_id",
              "type":"int",
              "value":100
            },
            {
              "name":"object_type",
              "type":"int",
              "value":1
            },
            {
              "name":"reverse",
              "type":"bool",
              "value":false
            }
          ],
          "rotation":0,
          "type":"",
          "visible":true,
          "width":16,
          "x":208,
          "y":144
        },
        {
          "height":16,
          "id":352,
          "name":"TileAnimRegion",
          "properties":[
            {
              "name":"all_layers",
              "type":"bool",
              "value":true
            },
            {
              "name":"entity_id",
              "type":"int",
              "value":117
            },
            {
              "name":"object_id",
              "type":"int",
              "value":101
            },
            {
              "name":"object_type",
              "type":"int",
              "value":1
            },
            {
              "name":"reverse",
              "type":"bool",
              "value":false
            }
          ],
          "rotation":0,
          "type":"",
          "visible":true,
          "width":16,
          "x":192,
          "y":144
        },
        {
          "height":16,
          "id":353,
          "name":"TileAnimRegion",
          "properties":[
            {
              "name":"all_layers",
              "type":"bool",
              "value":true
            },
            {
              "name":"entity_id",
              "type":"int",
              "value":118
            },
            {
              "name":"object_id",
              "type":"int",
              "value":102
            },
            {
              "name":"object_type",
              "type":"int",
              "value":1
            },
            {
              "name":"reverse",
              "type":"bool",
              "value":false
            }
          ],
          "rotation":0,
          "type":"",
          "visible":true,
          "width":16,
          "x":192,
          "y":736
        },
        {
          "height":16,
          "id":354,
          "name":"TileAnimRegion",
          "properties":[
            {
              "name":"all_layers",
              "type":"bool",
              "value":true
            },
            {
              "name":"entity_id",
              "type":"int",
              "value":119
            },
            {
              "name":"object_id",
              "type":"int",
              "value":103
            },
            {
              "name":"object_type",
              "type":"int",
              "value":1
            },
            {
              "name":"reverse",
              "type":"bool",
              "value":false
            }
          ],
          "rotation":0,
          "type":"",
          "visible":true,
          "width":16,
          "x":1024,
          "y":144
        },
        {
          "height":16,
          "id":355,
          "name":"TileAnimRegion",
          "properties":[
            {
              "name":"all_layers",
              "type":"bool",
              "value":true
            },
            {
              "name":"entity_id",
              "type":"int",
              "value":120
            },
            {
              "name":"object_id",
              "type":"int",
              "value":104
            },
            {
              "name":"object_type",
              "type":"int",
              "value":1
            },
            {
              "name":"reverse",
              "type":"bool",
              "value":false
            }
          ],
          "rotation":0,
          "type":"",
          "visible":true,
          "width":16,
          "x":1040,
          "y":144
        },
        {
          "height":16,
          "id":356,
          "name":"TileAnimRegion",
          "properties":[
            {
              "name":"all_layers",
              "type":"bool",
              "value":true
            },
            {
              "name":"entity_id",
              "type":"int",
              "value":121
            },
            {
              "name":"object_id",
              "type":"int",
              "value":105
            },
            {
              "name":"object_type",
              "type":"int",
              "value":1
            },
            {
              "name":"reverse",
              "type":"bool",
              "value":false
            }
          ],
          "rotation":0,
          "type":"",
          "visible":true,
          "width":16,
          "x":1040,
          "y":736
        },
        {
          "gid":2024,
          "height":16,
          "id":364,
          "name":"\u30ef\u30fc\u30d7\u30a8\u30d5\u30a7\u30af\u30c8",
          "properties":[
            {
              "name":"action_id",
              "type":"int",
              "value":0
            },
            {
              "name":"affected",
              "type":"bool",
              "value":true
            },
            {
              "name":"asset_id",
              "type":"int",
              "value":180
            },
            {
              "name":"birdview_puppet",
              "type":"bool",
              "value":false
            },
            {
              "name":"blend_type",
              "type":"int",
              "value":0
            },
            {
              "name":"building",
              "type":"bool",
              "value":false
            },
            {
              "name":"collision",
              "type":"bool",
              "value":false
            },
            {
              "name":"direction",
              "type":"int",
              "value":0
            },
            {
              "name":"entity_id",
              "type":"int",
              "value":62
            },
            {
              "name":"flight_altitude_ratio",
              "type":"float",
              "value":1
            },
            {
              "name":"front",
              "type":"bool",
              "value":true
            },
            {
              "name":"ignore_depth_test",
              "type":"bool",
              "value":false
            },
            {
              "name":"link_object_id",
              "type":"int",
              "value":0
            },
            {
              "name":"object_id",
              "type":"int",
              "value":0
            },
            {
              "name":"object_type",
              "type":"int",
              "value":11
            },
            {
              "name":"play_on_awake",
              "type":"bool",
              "value":false
            },
            {
              "name":"script_id",
              "type":"int",
              "value":0
            },
            {
              "name":"split",
              "type":"bool",
              "value":true
            },
            {
              "name":"visible_minimap",
              "type":"bool",
              "value":false
            },
            {
              "name":"zoffset",
              "type":"int",
              "value":-1
            }
          ],
          "rotation":0,
          "type":"",
          "visible":true,
          "width":16,
          "x":-48,
          "y":608
        },
        {
          "gid":2031,
          "height":16,
          "id":367,
          "name":"TelepoPoint",
          "properties":[
            {
              "name":"entity_id",
              "type":"int",
              "value":125
            },
            {
              "name":"goto_entity_id",
              "type":"int",
              "value":0
            },
            {
              "name":"object_type",
              "type":"int",
              "value":20
            },
            {
              "name":"pointin_entity_id",
              "type":"int",
              "value":1
            }
          ],
          "rotation":0,
          "type":"",
          "visible":true,
          "width":16,
          "x":608,
          "y":464
        },
        {
          "height":80,
          "id":368,
          "name":"NPC_MoveArea",
          "properties":[
            {
              "name":"entity_id",
              "type":"int",
              "value":99
            },
            {
              "name":"object_id",
              "type":"int",
              "value":2
            },
            {
              "name":"object_type",
              "type":"int",
              "value":13
            }
          ],
          "rotation":0,
          "type":"",
          "visible":true,
          "width":64,
          "x":640,
          "y":432
        }
      ],
      "opacity":1,
      "type":"objectgroup",
      "visible":true,
      "x":0,
      "y":0
    },
    {
      "draworder":"topdown",
      "id":11,
      "name":"UpperObject",
      "objects":[
        {
          "gid":2021,
          "height":16,
          "id":14,
          "name":"PointIn",
          "properties":[
            {
              "name":"direction",
              "type":"int",
              "value":1
            },
            {
              "name":"entity_id",
              "type":"int",
              "value":19
            },
            {
              "name":"link_object_id",
              "type":"int",
              "value":0
            },
            {
              "name":"object_id",
              "type":"int",
              "value":1
            },
            {
              "name":"object_type",
              "type":"int",
              "value":0
            },
            {
              "name":"title_id",
              "type":"string",
              "value":""
            },
            {
              "name":"title_type",
              "type":"int",
              "value":1
            }
          ],
          "rotation":0,
          "type":"",
          "visible":true,
          "width":16,
          "x":608,
          "y":688
        },
        {
          "gid":2023,
          "height":16,
          "id":26,
          "name":"OpenTrigger",
          "properties":[
            {
              "name":"action_id",
              "type":"int",
              "value":5
            },
            {
              "name":"entity_id",
              "type":"int",
              "value":20
            },
            {
              "name":"link_object_id",
              "type":"int",
              "value":3
            },
            {
              "name":"object_id",
              "type":"int",
              "value":0
            },
            {
              "name":"object_type",
              "type":"int",
              "value":8
            },
            {
              "name":"se_id",
              "type":"int",
              "value":9
            }
          ],
          "rotation":0,
          "type":"",
          "visible":true,
          "width":16,
          "x":192,
          "y":800
        },
        {
          "gid":2023,
          "height":16,
          "id":27,
          "name":"OpenTrigger",
          "properties":[
            {
              "name":"action_id",
              "type":"int",
              "value":5
            },
            {
              "name":"entity_id",
              "type":"int",
              "value":21
            },
            {
              "name":"link_object_id",
              "type":"int",
              "value":2
            },
            {
              "name":"object_id",
              "type":"int",
              "value":0
            },
            {
              "name":"object_type",
              "type":"int",
              "value":8
            },
            {
              "name":"se_id",
              "type":"int",
              "value":9
            }
          ],
          "rotation":0,
          "type":"",
          "visible":true,
          "width":16,
          "x":208,
          "y":208
        },
        {
          "gid":2019,
          "height":16,
          "id":31,
          "name":"ToBottom",
          "properties":[
            {
              "name":"action_id",
              "type":"int",
              "value":1
            },
            {
              "name":"direction",
              "type":"int",
              "value":0
            },
            {
              "name":"entity_id",
              "type":"int",
              "value":55
            },
            {
              "name":"layer",
              "type":"int",
              "value":0
            },
            {
              "name":"link_object_id",
              "type":"int",
              "value":0
            },
            {
              "name":"object_id",
              "type":"int",
              "value":0
            },
            {
              "name":"object_type",
              "type":"int",
              "value":4
            },
            {
              "name":"script_id",
              "type":"int",
              "value":0
            }
          ],
          "rotation":0,
          "type":"",
          "visible":true,
          "width":16,
          "x":192,
          "y":800
        },
        {
          "gid":2020,
          "height":16,
          "id":40,
          "name":"GotoMap",
          "properties":[
            {
              "name":"action_id",
              "type":"int",
              "value":3
            },
            {
              "name":"direction",
              "type":"int",
              "value":0
            },
            {
              "name":"entity_id",
              "type":"int",
              "value":22
            },
            {
              "name":"link_object_id",
              "type":"int",
              "value":0
            },
            {
              "name":"map_id",
              "type":"int",
              "value":1
            },
            {
              "name":"object_id",
              "type":"int",
              "value":0
            },
            {
              "name":"object_type",
              "type":"int",
              "value":3
            },
            {
              "name":"point_id",
              "type":"int",
              "value":3
            },
            {
              "name":"script_id",
              "type":"int",
              "value":0
            }
          ],
          "rotation":0,
          "type":"",
          "visible":true,
          "width":16,
          "x":608,
          "y":704
        },
        {
          "gid":2019,
          "height":16,
          "id":43,
          "name":"ToBottom",
          "properties":[
            {
              "name":"action_id",
              "type":"int",
              "value":1
            },
            {
              "name":"direction",
              "type":"int",
              "value":0
            },
            {
              "name":"entity_id",
              "type":"int",
              "value":56
            },
            {
              "name":"layer",
              "type":"int",
              "value":0
            },
            {
              "name":"link_object_id",
              "type":"int",
              "value":0
            },
            {
              "name":"object_id",
              "type":"int",
              "value":0
            },
            {
              "name":"object_type",
              "type":"int",
              "value":4
            },
            {
              "name":"script_id",
              "type":"int",
              "value":0
            }
          ],
          "rotation":0,
          "type":"",
          "visible":true,
          "width":16,
          "x":208,
          "y":208
        },
        {
          "height":16,
          "id":66,
          "name":"TileAnimRegion",
          "properties":[
            {
              "name":"all_layers",
              "type":"bool",
              "value":true
            },
            {
              "name":"entity_id",
              "type":"int",
              "value":23
            },
            {
              "name":"object_id",
              "type":"int",
              "value":2
            },
            {
              "name":"object_type",
              "type":"int",
              "value":1
            },
            {
              "name":"reverse",
              "type":"bool",
              "value":true
            }
          ],
          "rotation":0,
          "type":"",
          "visible":true,
          "width":16,
          "x":208,
          "y":192
        },
        {
          "height":16,
          "id":67,
          "name":"TileAnimRegion",
          "properties":[
            {
              "name":"all_layers",
              "type":"bool",
              "value":true
            },
            {
              "name":"entity_id",
              "type":"int",
              "value":24
            },
            {
              "name":"object_id",
              "type":"int",
              "value":3
            },
            {
              "name":"object_type",
              "type":"int",
              "value":1
            },
            {
              "name":"reverse",
              "type":"bool",
              "value":true
            }
          ],
          "rotation":0,
          "type":"",
          "visible":true,
          "width":16,
          "x":192,
          "y":784
        }
      ],
      "opacity":1,
      "type":"objectgroup",
      "visible":true,
      "x":0,
      "y":0
    },
    {
      "draworder":"topdown",
      "id":13,
      "name":"MinimapObject",
      "objects":[
        {
          "gid":1985,
          "height":16,
          "id":65,
          "name":"worldmap_minimap",
          "properties":[
            {
              "name":"direction",
              "type":"int",
              "value":1
            },
            {
              "name":"entity_id",
              "type":"int",
              "value":60
            },
            {
              "name":"minimap_icon_type",
              "type":"int",
              "value":3
            },
            {
              "name":"object_id",
              "type":"int",
              "value":0
            },
            {
              "name":"object_type",
              "type":"int",
              "value":18
            }
          ],
          "rotation":0,
          "type":"",
          "visible":true,
          "width":16,
          "x":608,
          "y":704
        }
      ],
      "opacity":1,
      "type":"objectgroup",
      "visible":true,
      "x":0,
      "y":0
    }
  ],
  "name":"DefaultObjectGroup",
  "opacity":1,
  "type":"group",
  "visible":false,
  "x":0,
  "y":0,
  "width":78,
  "height":57
}
