{
    "SystemFlag": {
        "SkipInitialize": 0,
        "KeepPlayerPuppet": 0,
        "KeepBadStatusVisual": 0
    },
    "Segments": [
        {
            "Label": "Main",
            "EntryPoint": 0,
            "Count": 9
        },
        {
            "Label": "プレイヤー配置",
            "EntryPoint": 9,
            "Count": 17
        },
        {
            "Label": "橋を架ける",
            "EntryPoint": 26,
            "Count": 7
        }
    ],
    "ScriptLocal": [],
    "ScriptLocalValue": [],
    "Mnemonics": [
        {
            "label": "Main",
            "mnemonic": "Nop",
            "operands": {
                "iValues": [],
                "rValues": [],
                "sValues": []
            },
            "type": 1,
            "comment": ""
        },
        {
            "label": "",
            "mnemonic": "Call",
            "operands": {
                "iValues": [
                    9,
                    0,
                    0,
                    0,
                    0,
                    0,
                    0,
                    0
                ],
                "rValues": [
                    0.0,
                    0.0,
                    0.0,
                    0.0,
                    0.0,
                    0.0,
                    0.0,
                    0.0
                ],
                "sValues": [
                    "",
                    "",
                    "",
                    "",
                    "",
                    "",
                    "",
                    ""
                ]
            },
            "type": 1,
            "comment": ""
        },
        {
            "label": "",
            "mnemonic": "SetFlag",
            "operands": {
                "iValues": [
                    7,
                    0,
                    0,
                    0,
                    0,
                    0,
                    0,
                    0
                ],
                "rValues": [
                    0.0,
                    0.0,
                    0.0,
                    0.0,
                    0.0,
                    0.0,
                    0.0,
                    0.0
                ],
                "sValues": [
                    "ScenarioFlag1",
                    "",
                    "",
                    "",
                    "",
                    "",
                    "",
                    ""
                ]
            },
            "type": 1,
            "comment": ""
        },
        {
            "label": "",
            "mnemonic": "StopBGM",
            "operands": {
                "iValues": [
                    0,
                    0,
                    0,
                    0,
                    0,
                    0,
                    0,
                    0
                ],
                "rValues": [
                    0.0,
                    0.0,
                    0.0,
                    0.0,
                    0.0,
                    0.0,
                    0.0,
                    0.0
                ],
                "sValues": [
                    "",
                    "",
                    "",
                    "",
                    "",
                    "",
                    "",
                    ""
                ]
            },
            "type": 1,
            "comment": ""
        },
        {
            "label": "",
            "mnemonic": "PlayBGM",
            "operands": {
                "iValues": [
                    70,
                    1,
                    0,
                    0,
                    0,
                    0,
                    0,
                    0
                ],
                "rValues": [
                    0.0,
                    0.0,
                    0.0,
                    0.0,
                    0.0,
                    0.0,
                    0.0,
                    0.0
                ],
                "sValues": [
                    "",
                    "",
                    "",
                    "",
                    "",
                    "",
                    "",
                    ""
                ]
            },
            "type": 1,
            "comment": ""
        },
        {
            "label": "",
            "mnemonic": "Call",
            "operands": {
                "iValues": [
                    26,
                    0,
                    0,
                    0,
                    0,
                    0,
                    0,
                    0
                ],
                "rValues": [
                    0.0,
                    0.0,
                    0.0,
                    0.0,
                    0.0,
                    0.0,
                    0.0,
                    0.0
                ],
                "sValues": [
                    "",
                    "",
                    "",
                    "",
                    "",
                    "",
                    "",
                    ""
                ]
            },
            "type": 1,
            "comment": ""
        },
        {
            "label": "",
            "mnemonic": "FadeIn",
            "operands": {
                "iValues": [
                    255,
                    255,
                    255,
                    255,
                    0,
                    0,
                    0,
                    0
                ],
                "rValues": [
                    1.4,
                    0.0,
                    0.0,
                    0.0,
                    0.0,
                    0.0,
                    0.0,
                    0.0
                ],
                "sValues": [
                    "",
                    "",
                    "",
                    "",
                    "",
                    "",
                    "",
                    ""
                ]
            },
            "type": 1,
            "comment": ""
        },
        {
            "label": "",
            "mnemonic": "AutoSave",
            "operands": {
                "iValues": [
                    0,
                    0,
                    0,
                    0,
                    0,
                    0,
                    0,
                    0
                ],
                "rValues": [
                    0.0,
                    0.0,
                    0.0,
                    0.0,
                    0.0,
                    0.0,
                    0.0,
                    0.0
                ],
                "sValues": [
                    "",
                    "",
                    "",
                    "",
                    "",
                    "",
                    "",
                    ""
                ]
            },
            "type": 1,
            "comment": ""
        },
        {
            "label": "",
            "mnemonic": "Exit",
            "operands": {
                "iValues": [
                    0,
                    0,
                    0,
                    0,
                    0,
                    0,
                    0,
                    0
                ],
                "rValues": [
                    0.0,
                    0.0,
                    0.0,
                    0.0,
                    0.0,
                    0.0,
                    0.0,
                    0.0
                ],
                "sValues": [
                    "",
                    "",
                    "",
                    "",
                    "",
                    "",
                    "",
                    ""
                ]
            },
            "type": 1,
            "comment": ""
        },
        {
            "label": "プレイヤー配置",
            "mnemonic": "Nop",
            "operands": {
                "iValues": [],
                "rValues": [],
                "sValues": []
            },
            "type": 2,
            "comment": ""
        },
        {
            "label": "",
            "mnemonic": "SetPuppet",
            "operands": {
                "iValues": [
                    0,
                    -1001,
                    15,
                    0,
                    0,
                    0,
                    0,
                    0
                ],
                "rValues": [
                    0.0,
                    0.0,
                    0.0,
                    0.0,
                    0.0,
                    0.0,
                    0.0,
                    0.0
                ],
                "sValues": [
                    "",
                    "",
                    "",
                    "",
                    "",
                    "",
                    "",
                    ""
                ]
            },
            "type": 2,
            "comment": ""
        },
        {
            "label": "",
            "mnemonic": "SetPuppet",
            "operands": {
                "iValues": [
                    1,
                    0,
                    20,
                    0,
                    0,
                    0,
                    0,
                    0
                ],
                "rValues": [
                    0.0,
                    0.0,
                    0.0,
                    0.0,
                    0.0,
                    0.0,
                    0.0,
                    0.0
                ],
                "sValues": [
                    "",
                    "",
                    "",
                    "",
                    "",
                    "",
                    "",
                    ""
                ]
            },
            "type": 2,
            "comment": ""
        },
        {
            "label": "",
            "mnemonic": "SetPuppet",
            "operands": {
                "iValues": [
                    2,
                    89,
                    23,
                    0,
                    0,
                    0,
                    0,
                    0
                ],
                "rValues": [
                    0.0,
                    0.0,
                    0.0,
                    0.0,
                    0.0,
                    0.0,
                    0.0,
                    0.0
                ],
                "sValues": [
                    "",
                    "",
                    "",
                    "",
                    "",
                    "",
                    "",
                    ""
                ]
            },
            "type": 2,
            "comment": ""
        },
        {
            "label": "",
            "mnemonic": "ExecPuppet",
            "operands": {
                "iValues": [
                    0,
                    0,
                    0,
                    0,
                    0,
                    0,
                    0,
                    0
                ],
                "rValues": [
                    0.0,
                    0.0,
                    0.0,
                    0.0,
                    0.0,
                    0.0,
                    0.0,
                    0.0
                ],
                "sValues": [
                    "",
                    "",
                    "",
                    "",
                    "",
                    "",
                    "",
                    ""
                ]
            },
            "type": 2,
            "comment": ""
        },
        {
            "label": "",
            "mnemonic": "Return",
            "operands": {
                "iValues": [
                    0,
                    0,
                    0,
                    0,
                    0,
                    0,
                    0,
                    0
                ],
                "rValues": [
                    0.0,
                    0.0,
                    0.0,
                    0.0,
                    0.0,
                    0.0,
                    0.0,
                    0.0
                ],
                "sValues": [
                    "",
                    "",
                    "",
                    "",
                    "",
                    "",
                    "",
                    ""
                ]
            },
            "type": 2,
            "comment": ""
        },
        {
            "label": "プレイヤー配置_00",
            "mnemonic": "Nop",
            "operands": {
                "iValues": [],
                "rValues": [],
                "sValues": []
            },
            "type": 2,
            "comment": ""
        },
        {
            "label": "",
            "mnemonic": "Hide",
            "operands": {
                "iValues": [
                    0,
                    0,
                    0,
                    0,
                    0,
                    0,
                    0,
                    0
                ],
                "rValues": [
                    0.0,
                    0.0,
                    0.0,
                    0.0,
                    0.0,
                    0.0,
                    0.0,
                    0.0
                ],
                "sValues": [
                    "",
                    "",
                    "",
                    "",
                    "",
                    "",
                    "",
                    ""
                ]
            },
            "type": 2,
            "comment": ""
        },
        {
            "label": "",
            "mnemonic": "SetPos",
            "operands": {
                "iValues": [
                    145,
                    145,
                    3,
                    0,
                    0,
                    0,
                    0,
                    0
                ],
                "rValues": [
                    0.0,
                    0.0,
                    0.0,
                    0.0,
                    0.0,
                    0.0,
                    0.0,
                    0.0
                ],
                "sValues": [
                    "WalkB",
                    "",
                    "",
                    "",
                    "",
                    "",
                    "",
                    ""
                ]
            },
            "type": 2,
            "comment": ""
        },
        {
            "label": "",
            "mnemonic": "Show",
            "operands": {
                "iValues": [
                    0,
                    0,
                    0,
                    0,
                    0,
                    0,
                    0,
                    0
                ],
                "rValues": [
                    0.0,
                    0.0,
                    0.0,
                    0.0,
                    0.0,
                    0.0,
                    0.0,
                    0.0
                ],
                "sValues": [
                    "",
                    "",
                    "",
                    "",
                    "",
                    "",
                    "",
                    ""
                ]
            },
            "type": 2,
            "comment": ""
        },
        {
            "label": "",
            "mnemonic": "Exit",
            "operands": {
                "iValues": [
                    0,
                    0,
                    0,
                    0,
                    0,
                    0,
                    0,
                    0
                ],
                "rValues": [
                    0.0,
                    0.0,
                    0.0,
                    0.0,
                    0.0,
                    0.0,
                    0.0,
                    0.0
                ],
                "sValues": [
                    "",
                    "",
                    "",
                    "",
                    "",
                    "",
                    "",
                    ""
                ]
            },
            "type": 2,
            "comment": ""
        },
        {
            "label": "プレイヤー配置_01",
            "mnemonic": "Nop",
            "operands": {
                "iValues": [],
                "rValues": [],
                "sValues": []
            },
            "type": 2,
            "comment": ""
        },
        {
            "label": "",
            "mnemonic": "SetPos",
            "operands": {
                "iValues": [
                    145,
                    145,
                    3,
                    0,
                    0,
                    0,
                    0,
                    0
                ],
                "rValues": [
                    0.0,
                    0.0,
                    0.0,
                    0.0,
                    0.0,
                    0.0,
                    0.0,
                    0.0
                ],
                "sValues": [
                    "",
                    "",
                    "",
                    "",
                    "",
                    "",
                    "",
                    ""
                ]
            },
            "type": 2,
            "comment": ""
        },
        {
            "label": "",
            "mnemonic": "Exit",
            "operands": {
                "iValues": [
                    0,
                    0,
                    0,
                    0,
                    0,
                    0,
                    0,
                    0
                ],
                "rValues": [
                    0.0,
                    0.0,
                    0.0,
                    0.0,
                    0.0,
                    0.0,
                    0.0,
                    0.0
                ],
                "sValues": [
                    "",
                    "",
                    "",
                    "",
                    "",
                    "",
                    "",
                    ""
                ]
            },
            "type": 2,
            "comment": ""
        },
        {
            "label": "プレイヤー配置_02",
            "mnemonic": "Nop",
            "operands": {
                "iValues": [],
                "rValues": [],
                "sValues": []
            },
            "type": 2,
            "comment": ""
        },
        {
            "label": "",
            "mnemonic": "Hide",
            "operands": {
                "iValues": [
                    0,
                    0,
                    0,
                    0,
                    0,
                    0,
                    0,
                    0
                ],
                "rValues": [
                    0.0,
                    0.0,
                    0.0,
                    0.0,
                    0.0,
                    0.0,
                    0.0,
                    0.0
                ],
                "sValues": [
                    "",
                    "",
                    "",
                    "",
                    "",
                    "",
                    "",
                    ""
                ]
            },
            "type": 2,
            "comment": ""
        },
        {
            "label": "",
            "mnemonic": "Exit",
            "operands": {
                "iValues": [
                    0,
                    0,
                    0,
                    0,
                    0,
                    0,
                    0,
                    0
                ],
                "rValues": [
                    0.0,
                    0.0,
                    0.0,
                    0.0,
                    0.0,
                    0.0,
                    0.0,
                    0.0
                ],
                "sValues": [
                    "",
                    "",
                    "",
                    "",
                    "",
                    "",
                    "",
                    ""
                ]
            },
            "type": 2,
            "comment": ""
        },
        {
            "label": "橋を架ける",
            "mnemonic": "Nop",
            "operands": {
                "iValues": [],
                "rValues": [],
                "sValues": []
            },
            "type": 2,
            "comment": ""
        },
        {
            "label": "",
            "mnemonic": "SetPuppet",
            "operands": {
                "iValues": [
                    0,
                    112,
                    30,
                    0,
                    0,
                    0,
                    0,
                    0
                ],
                "rValues": [
                    0.0,
                    0.0,
                    0.0,
                    0.0,
                    0.0,
                    0.0,
                    0.0,
                    0.0
                ],
                "sValues": [
                    "",
                    "",
                    "",
                    "",
                    "",
                    "",
                    "",
                    ""
                ]
            },
            "type": 2,
            "comment": ""
        },
        {
            "label": "",
            "mnemonic": "ExecPuppet",
            "operands": {
                "iValues": [
                    0,
                    0,
                    0,
                    0,
                    0,
                    0,
                    0,
                    0
                ],
                "rValues": [
                    0.0,
                    0.0,
                    0.0,
                    0.0,
                    0.0,
                    0.0,
                    0.0,
                    0.0
                ],
                "sValues": [
                    "",
                    "",
                    "",
                    "",
                    "",
                    "",
                    "",
                    ""
                ]
            },
            "type": 2,
            "comment": ""
        },
        {
            "label": "",
            "mnemonic": "Return",
            "operands": {
                "iValues": [
                    0,
                    0,
                    0,
                    0,
                    0,
                    0,
                    0,
                    0
                ],
                "rValues": [
                    0.0,
                    0.0,
                    0.0,
                    0.0,
                    0.0,
                    0.0,
                    0.0,
                    0.0
                ],
                "sValues": [
                    "",
                    "",
                    "",
                    "",
                    "",
                    "",
                    "",
                    ""
                ]
            },
            "type": 2,
            "comment": ""
        },
        {
            "label": "橋を架ける_00",
            "mnemonic": "Nop",
            "operands": {
                "iValues": [],
                "rValues": [],
                "sValues": []
            },
            "type": 2,
            "comment": ""
        },
        {
            "label": "",
            "mnemonic": "CueAnim",
            "operands": {
                "iValues": [
                    0,
                    0,
                    0,
                    0,
                    0,
                    0,
                    0,
                    0
                ],
                "rValues": [
                    1.0,
                    0.0,
                    0.0,
                    0.0,
                    0.0,
                    0.0,
                    0.0,
                    0.0
                ],
                "sValues": [
                    "",
                    "",
                    "",
                    "",
                    "",
                    "",
                    "",
                    ""
                ]
            },
            "type": 2,
            "comment": ""
        },
        {
            "label": "",
            "mnemonic": "Exit",
            "operands": {
                "iValues": [
                    0,
                    0,
                    0,
                    0,
                    0,
                    0,
                    0,
                    0
                ],
                "rValues": [
                    0.0,
                    0.0,
                    0.0,
                    0.0,
                    0.0,
                    0.0,
                    0.0,
                    0.0
                ],
                "sValues": [
                    "",
                    "",
                    "",
                    "",
                    "",
                    "",
                    "",
                    ""
                ]
            },
            "type": 2,
            "comment": ""
        }
    ],
    "Animations": [],
    "Name": "sc_e_0006_3",
    "Title": {
        "main": "北の橋に進む",
        "sub": "オンラクのデモ"
    }
}