{"SystemFlag":{"SkipInitialize":0,"KeepPlayerPuppet":0,"KeepBadStatusVisual":0,"RidingVehicle":0},"Segments":[{"Label":"Main","EntryPoint":0,"Count":27}],"ScriptLocal":["1","2","-1:なし","3","4","5","6","7","8","9","10","11"],"ScriptLocalValue":[0,0,0,0,0,0,0,0,0,0,0,0],"Mnemonics":[{"label":"Main","mnemonic":"Nop","operands":{"iValues":[],"rValues":[],"sValues":[]},"type":1,"comment":""},{"label":"","mnemonic":"UseItem","operands":{"iValues":[50,1,0,0,0,0,0,0],"rValues":[0.0,0.0,0.0,0.0,0.0,0.0,0.0,0.0],"sValues":["","","","","","","",""]},"type":1,"comment":""},{"label":"","mnemonic":"MsgFunfare","operands":{"iValues":[0,0,84,0,0,0,0,0],"rValues":[0.0,0.0,0.0,0.0,0.0,0.0,0.0,0.0],"sValues":["MSG_KEY_34","","","","","","",""]},"type":1,"comment":""},{"label":"","mnemonic":"SetFlag","operands":{"iValues":[34,0,0,0,0,0,0,0],"rValues":[0.0,0.0,0.0,0.0,0.0,0.0,0.0,0.0],"sValues":["ScenarioFlag1","","","","","","",""]},"type":1,"comment":""},{"label":"","mnemonic":"SetFlag","operands":{"iValues":[115,0,0,0,0,0,0,0],"rValues":[0.0,0.0,0.0,0.0,0.0,0.0,0.0,0.0],"sValues":["ScenarioFlag1","","","","","","",""]},"type":1,"comment":""},{"label":"","mnemonic":"GetItem","operands":{"iValues":[2,0,0,0,0,0,0,0],"rValues":[0.0,0.0,0.0,0.0,0.0,0.0,0.0,0.0],"sValues":["","","","","","","",""]},"type":1,"comment":""},{"label":"","mnemonic":"Exit","operands":{"iValues":[0,0,0,0,0,0,0,0],"rValues":[0.0,0.0,0.0,0.0,0.0,0.0,0.0,0.0],"sValues":["","","","","","","",""]},"type":1,"comment":""}],"Animations":[{"name":"0","frames":[],"play_speed":0.0,"play_mode":0,"is_reverse":false,"next_anim_name":null},{"name":"Default","frames":[{"sprite_name":"Default_00","offsetx":8.0,"offsety":2.0,"alpha":1.0,"rgb":{"r":1.0,"g":1.0,"b":1.0,"a":1.0},"flip":false}],"play_speed":0.8,"play_mode":1,"is_reverse":false,"next_anim_name":null},{"name":"Rotation","frames":[{"sprite_name":"WalkL_00","offsetx":0.0,"offsety":0.0,"alpha":1.0,"rgb":{"r":1.0,"g":1.0,"b":1.0,"a":1.0},"flip":true},{"sprite_name":"WalkB_00","offsetx":0.0,"offsety":0.0,"alpha":1.0,"rgb":{"r":1.0,"g":1.0,"b":1.0,"a":1.0},"flip":false},{"sprite_name":"WalkL_00","offsetx":0.0,"offsety":0.0,"alpha":1.0,"rgb":{"r":1.0,"g":1.0,"b":1.0,"a":1.0},"flip":false},{"sprite_name":"Default_00","offsetx":0.0,"offsety":0.0,"alpha":1.0,"rgb":{"r":1.0,"g":1.0,"b":1.0,"a":1.0},"flip":false}],"play_speed":0.5,"play_mode":0,"is_reverse":false,"next_anim_name":null},{"name":"Jump","frames":[{"sprite_name":"Attack_00","offsetx":0.0,"offsety":0.0,"alpha":1.0,"rgb":{"r":1.0,"g":1.0,"b":1.0,"a":1.0},"flip":false}],"play_speed":0.0,"play_mode":0,"is_reverse":false,"next_anim_name":null},{"name":"break","frames":[{"sprite_name":"Attack_01","offsetx":0.0,"offsety":0.0,"alpha":1.0,"rgb":{"r":1.0,"g":1.0,"b":1.0,"a":1.0},"flip":false},{"sprite_name":"Default_00","offsetx":0.0,"offsety":0.0,"alpha":1.0,"rgb":{"r":1.0,"g":1.0,"b":1.0,"a":1.0},"flip":false}],"play_speed":0.5,"play_mode":0,"is_reverse":false,"next_anim_name":null},{"name":"Left","frames":[{"sprite_name":"WalkL_00","offsetx":0.0,"offsety":0.0,"alpha":1.0,"rgb":{"r":1.0,"g":1.0,"b":1.0,"a":1.0},"flip":false}],"play_speed":1.0,"play_mode":0,"is_reverse":false,"next_anim_name":null}],"Name":"sc_e_0015","Title":{"main":"運河開通","sub":"オンラクのデモ"}}