{
    "SystemFlag": {
        "SkipInitialize": 0,
        "KeepPlayerPuppet": 0,
        "KeepBadStatusVisual": 0,
        "RidingVehicle": 0
    },
    "Segments": [
        {
            "Label": "Main",
            "EntryPoint": 0,
            "Count": 20
        },
        {
            "Label": "対象を向く",
            "EntryPoint": 20,
            "Count": 7
        },
        {
            "Label": "Puppet_0001",
            "EntryPoint": 27,
            "Count": 7
        },
        {
            "Label": "Puppet_0002",
            "EntryPoint": 34,
            "Count": 8
        }
    ],
    "ScriptLocal": [],
    "ScriptLocalValue": [],
    "Mnemonics": [
        {
            "label": "Main",
            "mnemonic": "Nop",
            "operands": {
                "iValues": [],
                "rValues": [],
                "sValues": []
            },
            "type": 1,
            "comment": ""
        },
        {
            "label": "",
            "mnemonic": "Call",
            "operands": {
                "iValues": [
                    20,
                    0,
                    0,
                    0,
                    0,
                    0,
                    0,
                    0
                ],
                "rValues": [
                    0.0,
                    0.0,
                    0.0,
                    0.0,
                    0.0,
                    0.0,
                    0.0,
                    0.0
                ],
                "sValues": [
                    "",
                    "",
                    "",
                    "",
                    "",
                    "",
                    "",
                    ""
                ]
            },
            "type": 1,
            "comment": ""
        },
        {
            "label": "",
            "mnemonic": "Branch",
            "operands": {
                "iValues": [
                    33,
                    1,
                    17,
                    0,
                    0,
                    0,
                    0,
                    0
                ],
                "rValues": [
                    0.0,
                    0.0,
                    0.0,
                    0.0,
                    0.0,
                    0.0,
                    0.0,
                    0.0
                ],
                "sValues": [
                    "ScenarioFlag1",
                    "＝",
                    "imm",
                    "",
                    "",
                    "",
                    "",
                    ""
                ]
            },
            "type": 1,
            "comment": ""
        },
        {
            "label": "",
            "mnemonic": "Msg",
            "operands": {
                "iValues": [
                    0,
                    0,
                    0,
                    0,
                    0,
                    0,
                    0,
                    0
                ],
                "rValues": [
                    0.0,
                    0.0,
                    0.0,
                    0.0,
                    0.0,
                    0.0,
                    0.0,
                    0.0
                ],
                "sValues": [
                    "MSG_GET_CHIME_01",
                    "",
                    "",
                    "",
                    "",
                    "",
                    "",
                    ""
                ]
            },
            "type": 1,
            "comment": ""
        },
        {
            "label": "",
            "mnemonic": "PauseBGM",
            "operands": {
                "iValues": [
                    0,
                    1,
                    0,
                    0,
                    0,
                    0,
                    0,
                    0
                ],
                "rValues": [
                    1.05,
                    0.0,
                    0.0,
                    0.0,
                    0.0,
                    0.0,
                    0.0,
                    0.0
                ],
                "sValues": [
                    "",
                    "",
                    "",
                    "",
                    "",
                    "",
                    "",
                    ""
                ]
            },
            "type": 1,
            "comment": ""
        },
        {
            "label": "",
            "mnemonic": "Wait",
            "operands": {
                "iValues": [
                    0,
                    0,
                    0,
                    0,
                    0,
                    0,
                    0,
                    0
                ],
                "rValues": [
                    1.05,
                    0.0,
                    0.0,
                    0.0,
                    0.0,
                    0.0,
                    0.0,
                    0.0
                ],
                "sValues": [
                    "",
                    "",
                    "",
                    "",
                    "",
                    "",
                    "",
                    ""
                ]
            },
            "type": 1,
            "comment": ""
        },
        {
            "label": "",
            "mnemonic": "Call",
            "operands": {
                "iValues": [
                    27,
                    0,
                    0,
                    0,
                    0,
                    0,
                    0,
                    0
                ],
                "rValues": [
                    0.0,
                    0.0,
                    0.0,
                    0.0,
                    0.0,
                    0.0,
                    0.0,
                    0.0
                ],
                "sValues": [
                    "",
                    "",
                    "",
                    "",
                    "",
                    "",
                    "",
                    ""
                ]
            },
            "type": 1,
            "comment": ""
        },
        {
            "label": "",
            "mnemonic": "PlayBGM",
            "operands": {
                "iValues": [
                    84,
                    1,
                    1,
                    0,
                    0,
                    0,
                    0,
                    0
                ],
                "rValues": [
                    0.0,
                    0.0,
                    0.0,
                    0.0,
                    0.0,
                    0.0,
                    0.0,
                    0.0
                ],
                "sValues": [
                    "",
                    "",
                    "",
                    "",
                    "",
                    "",
                    "",
                    ""
                ]
            },
            "type": 1,
            "comment": ""
        },
        {
            "label": "",
            "mnemonic": "Msg",
            "operands": {
                "iValues": [
                    0,
                    0,
                    0,
                    0,
                    0,
                    0,
                    0,
                    0
                ],
                "rValues": [
                    -1.0,
                    0.0,
                    0.0,
                    0.0,
                    0.0,
                    0.0,
                    0.0,
                    0.0
                ],
                "sValues": [
                    "MSG_GET_CHIME_02",
                    "",
                    "",
                    "",
                    "",
                    "",
                    "",
                    ""
                ]
            },
            "type": 1,
            "comment": ""
        },
        {
            "label": "",
            "mnemonic": "GetItem",
            "operands": {
                "iValues": [
                    56,
                    1,
                    0,
                    0,
                    0,
                    0,
                    0,
                    0
                ],
                "rValues": [
                    0.0,
                    0.0,
                    0.0,
                    0.0,
                    0.0,
                    0.0,
                    0.0,
                    0.0
                ],
                "sValues": [
                    "",
                    "",
                    "",
                    "",
                    "",
                    "",
                    "",
                    ""
                ]
            },
            "type": 1,
            "comment": ""
        },
        {
            "label": "",
            "mnemonic": "SyncBGM",
            "operands": {
                "iValues": [
                    1,
                    0,
                    0,
                    0,
                    0,
                    0,
                    0,
                    0
                ],
                "rValues": [
                    0.0,
                    0.0,
                    0.0,
                    0.0,
                    0.0,
                    0.0,
                    0.0,
                    0.0
                ],
                "sValues": [
                    "",
                    "",
                    "",
                    "",
                    "",
                    "",
                    "",
                    ""
                ]
            },
            "type": 1,
            "comment": ""
        },
        {
            "label": "",
            "mnemonic": "MsgClose",
            "operands": {
                "iValues": [
                    0,
                    0,
                    0,
                    0,
                    0,
                    0,
                    0,
                    0
                ],
                "rValues": [
                    0.0,
                    0.0,
                    0.0,
                    0.0,
                    0.0,
                    0.0,
                    0.0,
                    0.0
                ],
                "sValues": [
                    "",
                    "",
                    "",
                    "",
                    "",
                    "",
                    "",
                    ""
                ]
            },
            "type": 1,
            "comment": ""
        },
        {
            "label": "",
            "mnemonic": "PauseBGM",
            "operands": {
                "iValues": [
                    0,
                    0,
                    0,
                    0,
                    0,
                    0,
                    0,
                    0
                ],
                "rValues": [
                    1.05,
                    0.0,
                    0.0,
                    0.0,
                    0.0,
                    0.0,
                    0.0,
                    0.0
                ],
                "sValues": [
                    "",
                    "",
                    "",
                    "",
                    "",
                    "",
                    "",
                    ""
                ]
            },
            "type": 1,
            "comment": ""
        },
        {
            "label": "",
            "mnemonic": "Call",
            "operands": {
                "iValues": [
                    34,
                    0,
                    0,
                    0,
                    0,
                    0,
                    0,
                    0
                ],
                "rValues": [
                    0.0,
                    0.0,
                    0.0,
                    0.0,
                    0.0,
                    0.0,
                    0.0,
                    0.0
                ],
                "sValues": [
                    "",
                    "",
                    "",
                    "",
                    "",
                    "",
                    "",
                    ""
                ]
            },
            "type": 1,
            "comment": ""
        },
        {
            "label": "",
            "mnemonic": "SetFlag",
            "operands": {
                "iValues": [
                    33,
                    0,
                    0,
                    0,
                    0,
                    0,
                    0,
                    0
                ],
                "rValues": [
                    0.0,
                    0.0,
                    0.0,
                    0.0,
                    0.0,
                    0.0,
                    0.0,
                    0.0
                ],
                "sValues": [
                    "ScenarioFlag1",
                    "",
                    "",
                    "",
                    "",
                    "",
                    "",
                    ""
                ]
            },
            "type": 1,
            "comment": ""
        },
        {
            "label": "",
            "mnemonic": "SetFlag",
            "operands": {
                "iValues": [
                    255,
                    0,
                    0,
                    0,
                    0,
                    0,
                    0,
                    0
                ],
                "rValues": [
                    0.0,
                    0.0,
                    0.0,
                    0.0,
                    0.0,
                    0.0,
                    0.0,
                    0.0
                ],
                "sValues": [
                    "TreasureFlag2",
                    "",
                    "",
                    "",
                    "",
                    "",
                    "",
                    ""
                ]
            },
            "type": 1,
            "comment": ""
        },
        {
            "label": "",
            "mnemonic": "Exit",
            "operands": {
                "iValues": [
                    0,
                    0,
                    0,
                    0,
                    0,
                    0,
                    0,
                    0
                ],
                "rValues": [
                    0.0,
                    0.0,
                    0.0,
                    0.0,
                    0.0,
                    0.0,
                    0.0,
                    0.0
                ],
                "sValues": [
                    "",
                    "",
                    "",
                    "",
                    "",
                    "",
                    "",
                    ""
                ]
            },
            "type": 1,
            "comment": ""
        },
        {
            "label": "flagON",
            "mnemonic": "Nop",
            "operands": {
                "iValues": [],
                "rValues": [],
                "sValues": []
            },
            "type": 1,
            "comment": ""
        },
        {
            "label": "",
            "mnemonic": "Msg",
            "operands": {
                "iValues": [
                    0,
                    0,
                    0,
                    0,
                    0,
                    0,
                    0,
                    0
                ],
                "rValues": [
                    0.0,
                    0.0,
                    0.0,
                    0.0,
                    0.0,
                    0.0,
                    0.0,
                    0.0
                ],
                "sValues": [
                    "MSG_RFE_CTY_13",
                    "",
                    "",
                    "",
                    "",
                    "",
                    "",
                    ""
                ]
            },
            "type": 1,
            "comment": ""
        },
        {
            "label": "",
            "mnemonic": "Exit",
            "operands": {
                "iValues": [
                    0,
                    0,
                    0,
                    0,
                    0,
                    0,
                    0,
                    0
                ],
                "rValues": [
                    0.0,
                    0.0,
                    0.0,
                    0.0,
                    0.0,
                    0.0,
                    0.0,
                    0.0
                ],
                "sValues": [
                    "",
                    "",
                    "",
                    "",
                    "",
                    "",
                    "",
                    ""
                ]
            },
            "type": 1,
            "comment": ""
        },
        {
            "label": "対象を向く",
            "mnemonic": "Nop",
            "operands": {
                "iValues": [],
                "rValues": [],
                "sValues": []
            },
            "type": 2,
            "comment": ""
        },
        {
            "label": "",
            "mnemonic": "SetPuppet",
            "operands": {
                "iValues": [
                    0,
                    131,
                    24,
                    0,
                    0,
                    0,
                    0,
                    0
                ],
                "rValues": [
                    0.0,
                    0.0,
                    0.0,
                    0.0,
                    0.0,
                    0.0,
                    0.0,
                    0.0
                ],
                "sValues": [
                    "",
                    "",
                    "",
                    "",
                    "",
                    "",
                    "",
                    ""
                ]
            },
            "type": 2,
            "comment": ""
        },
        {
            "label": "",
            "mnemonic": "ExecPuppet",
            "operands": {
                "iValues": [
                    0,
                    0,
                    0,
                    0,
                    0,
                    0,
                    0,
                    0
                ],
                "rValues": [
                    0.0,
                    0.0,
                    0.0,
                    0.0,
                    0.0,
                    0.0,
                    0.0,
                    0.0
                ],
                "sValues": [
                    "",
                    "",
                    "",
                    "",
                    "",
                    "",
                    "",
                    ""
                ]
            },
            "type": 2,
            "comment": ""
        },
        {
            "label": "",
            "mnemonic": "Return",
            "operands": {
                "iValues": [
                    0,
                    0,
                    0,
                    0,
                    0,
                    0,
                    0,
                    0
                ],
                "rValues": [
                    0.0,
                    0.0,
                    0.0,
                    0.0,
                    0.0,
                    0.0,
                    0.0,
                    0.0
                ],
                "sValues": [
                    "",
                    "",
                    "",
                    "",
                    "",
                    "",
                    "",
                    ""
                ]
            },
            "type": 2,
            "comment": ""
        },
        {
            "label": "対象を向く_00",
            "mnemonic": "Nop",
            "operands": {
                "iValues": [],
                "rValues": [],
                "sValues": []
            },
            "type": 2,
            "comment": ""
        },
        {
            "label": "",
            "mnemonic": "Orient",
            "operands": {
                "iValues": [
                    -1001,
                    0,
                    0,
                    0,
                    0,
                    0,
                    0,
                    0
                ],
                "rValues": [
                    0.0,
                    0.0,
                    0.0,
                    0.0,
                    0.0,
                    0.0,
                    0.0,
                    0.0
                ],
                "sValues": [
                    "",
                    "",
                    "",
                    "",
                    "",
                    "",
                    "",
                    ""
                ]
            },
            "type": 2,
            "comment": ""
        },
        {
            "label": "",
            "mnemonic": "Exit",
            "operands": {
                "iValues": [
                    0,
                    0,
                    0,
                    0,
                    0,
                    0,
                    0,
                    0
                ],
                "rValues": [
                    0.0,
                    0.0,
                    0.0,
                    0.0,
                    0.0,
                    0.0,
                    0.0,
                    0.0
                ],
                "sValues": [
                    "",
                    "",
                    "",
                    "",
                    "",
                    "",
                    "",
                    ""
                ]
            },
            "type": 2,
            "comment": ""
        },
        {
            "label": "Puppet_0001",
            "mnemonic": "Nop",
            "operands": {
                "iValues": [],
                "rValues": [],
                "sValues": []
            },
            "type": 2,
            "comment": ""
        },
        {
            "label": "",
            "mnemonic": "SetPuppet",
            "operands": {
                "iValues": [
                    0,
                    -1001,
                    31,
                    0,
                    0,
                    0,
                    0,
                    0
                ],
                "rValues": [
                    0.0,
                    0.0,
                    0.0,
                    0.0,
                    0.0,
                    0.0,
                    0.0,
                    0.0
                ],
                "sValues": [
                    "",
                    "",
                    "",
                    "",
                    "",
                    "",
                    "",
                    ""
                ]
            },
            "type": 2,
            "comment": ""
        },
        {
            "label": "",
            "mnemonic": "ExecPuppet",
            "operands": {
                "iValues": [
                    0,
                    0,
                    0,
                    0,
                    0,
                    0,
                    0,
                    0
                ],
                "rValues": [
                    0.0,
                    0.0,
                    0.0,
                    0.0,
                    0.0,
                    0.0,
                    0.0,
                    0.0
                ],
                "sValues": [
                    "",
                    "",
                    "",
                    "",
                    "",
                    "",
                    "",
                    ""
                ]
            },
            "type": 2,
            "comment": ""
        },
        {
            "label": "",
            "mnemonic": "Return",
            "operands": {
                "iValues": [
                    0,
                    0,
                    0,
                    0,
                    0,
                    0,
                    0,
                    0
                ],
                "rValues": [
                    0.0,
                    0.0,
                    0.0,
                    0.0,
                    0.0,
                    0.0,
                    0.0,
                    0.0
                ],
                "sValues": [
                    "",
                    "",
                    "",
                    "",
                    "",
                    "",
                    "",
                    ""
                ]
            },
            "type": 2,
            "comment": ""
        },
        {
            "label": "Puppet_0001_00",
            "mnemonic": "Nop",
            "operands": {
                "iValues": [],
                "rValues": [],
                "sValues": []
            },
            "type": 2,
            "comment": ""
        },
        {
            "label": "",
            "mnemonic": "PlayAnim",
            "operands": {
                "iValues": [
                    0,
                    1,
                    0,
                    0,
                    0,
                    0,
                    0,
                    0
                ],
                "rValues": [
                    0.0,
                    0.0,
                    0.0,
                    0.0,
                    0.0,
                    0.0,
                    0.0,
                    0.0
                ],
                "sValues": [
                    "Get treasure",
                    "",
                    "",
                    "",
                    "",
                    "",
                    "",
                    ""
                ]
            },
            "type": 2,
            "comment": ""
        },
        {
            "label": "",
            "mnemonic": "Exit",
            "operands": {
                "iValues": [
                    0,
                    0,
                    0,
                    0,
                    0,
                    0,
                    0,
                    0
                ],
                "rValues": [
                    0.0,
                    0.0,
                    0.0,
                    0.0,
                    0.0,
                    0.0,
                    0.0,
                    0.0
                ],
                "sValues": [
                    "",
                    "",
                    "",
                    "",
                    "",
                    "",
                    "",
                    ""
                ]
            },
            "type": 2,
            "comment": ""
        },
        {
            "label": "Puppet_0002",
            "mnemonic": "Nop",
            "operands": {
                "iValues": [],
                "rValues": [],
                "sValues": []
            },
            "type": 2,
            "comment": ""
        },
        {
            "label": "",
            "mnemonic": "SetPuppet",
            "operands": {
                "iValues": [
                    0,
                    -1001,
                    38,
                    0,
                    0,
                    0,
                    0,
                    0
                ],
                "rValues": [
                    0.0,
                    0.0,
                    0.0,
                    0.0,
                    0.0,
                    0.0,
                    0.0,
                    0.0
                ],
                "sValues": [
                    "",
                    "",
                    "",
                    "",
                    "",
                    "",
                    "",
                    ""
                ]
            },
            "type": 2,
            "comment": ""
        },
        {
            "label": "",
            "mnemonic": "ExecPuppet",
            "operands": {
                "iValues": [
                    0,
                    0,
                    0,
                    0,
                    0,
                    0,
                    0,
                    0
                ],
                "rValues": [
                    0.0,
                    0.0,
                    0.0,
                    0.0,
                    0.0,
                    0.0,
                    0.0,
                    0.0
                ],
                "sValues": [
                    "",
                    "",
                    "",
                    "",
                    "",
                    "",
                    "",
                    ""
                ]
            },
            "type": 2,
            "comment": ""
        },
        {
            "label": "",
            "mnemonic": "Return",
            "operands": {
                "iValues": [
                    0,
                    0,
                    0,
                    0,
                    0,
                    0,
                    0,
                    0
                ],
                "rValues": [
                    0.0,
                    0.0,
                    0.0,
                    0.0,
                    0.0,
                    0.0,
                    0.0,
                    0.0
                ],
                "sValues": [
                    "",
                    "",
                    "",
                    "",
                    "",
                    "",
                    "",
                    ""
                ]
            },
            "type": 2,
            "comment": ""
        },
        {
            "label": "Puppet_0002_00",
            "mnemonic": "Nop",
            "operands": {
                "iValues": [],
                "rValues": [],
                "sValues": []
            },
            "type": 2,
            "comment": ""
        },
        {
            "label": "",
            "mnemonic": "PlayAnim",
            "operands": {
                "iValues": [
                    0,
                    1,
                    0,
                    0,
                    0,
                    0,
                    0,
                    0
                ],
                "rValues": [
                    0.0,
                    0.0,
                    0.0,
                    0.0,
                    0.0,
                    0.0,
                    0.0,
                    0.0
                ],
                "sValues": [
                    "Default",
                    "",
                    "",
                    "",
                    "",
                    "",
                    "",
                    ""
                ]
            },
            "type": 2,
            "comment": ""
        },
        {
            "label": "",
            "mnemonic": "LookAt",
            "operands": {
                "iValues": [
                    2,
                    0,
                    0,
                    0,
                    0,
                    0,
                    0,
                    0
                ],
                "rValues": [
                    0.0,
                    0.0,
                    0.0,
                    0.0,
                    0.0,
                    0.0,
                    0.0,
                    0.0
                ],
                "sValues": [
                    "",
                    "",
                    "",
                    "",
                    "",
                    "",
                    "",
                    ""
                ]
            },
            "type": 2,
            "comment": ""
        },
        {
            "label": "",
            "mnemonic": "Exit",
            "operands": {
                "iValues": [
                    0,
                    0,
                    0,
                    0,
                    0,
                    0,
                    0,
                    0
                ],
                "rValues": [
                    0.0,
                    0.0,
                    0.0,
                    0.0,
                    0.0,
                    0.0,
                    0.0,
                    0.0
                ],
                "sValues": [
                    "",
                    "",
                    "",
                    "",
                    "",
                    "",
                    "",
                    ""
                ]
            },
            "type": 2,
            "comment": ""
        }
    ],
    "Animations": [
        {
            "name": "Get treasure",
            "frames": [
                {
                    "sprite_name": "Default_01",
                    "offsetx": 0.0,
                    "offsety": 0.0,
                    "alpha": 1.0,
                    "rgb": {
                        "r": 1.0,
                        "g": 1.0,
                        "b": 1.0,
                        "a": 1.0
                    },
                    "flip": false
                },
                {
                    "sprite_name": "LookDown_00",
                    "offsetx": 0.0,
                    "offsety": 0.0,
                    "alpha": 1.0,
                    "rgb": {
                        "r": 1.0,
                        "g": 1.0,
                        "b": 1.0,
                        "a": 1.0
                    },
                    "flip": false
                },
                {
                    "sprite_name": "LookDown_00",
                    "offsetx": 0.0,
                    "offsety": 0.0,
                    "alpha": 1.0,
                    "rgb": {
                        "r": 1.0,
                        "g": 1.0,
                        "b": 1.0,
                        "a": 1.0
                    },
                    "flip": false
                },
                {
                    "sprite_name": "RightHandUp_00",
                    "offsetx": 0.0,
                    "offsety": 0.0,
                    "alpha": 1.0,
                    "rgb": {
                        "r": 1.0,
                        "g": 1.0,
                        "b": 1.0,
                        "a": 1.0
                    },
                    "flip": false
                }
            ],
            "play_speed": 1.5,
            "play_mode": 0,
            "is_reverse": false,
            "next_anim_name": ""
        }
    ],
    "Name": "sc_e_0035",
    "Title": {
        "main": "チャイムをもらう",
        "sub": "オンラクのデモ"
    }
}