{
  "id":21,
  "layers":[
    {
      "draworder":"topdown",
      "id":22,
      "name":"UpperObject",
      "objects":[
        {
          "gid":2022,
          "height":16,
          "id":104,
          "name":"ev_e_0005",
          "properties":[
            {
              "name":"action_id",
              "type":"int",
              "value":2
            },
            {
              "name":"direction",
              "type":"int",
              "value":0
            },
            {
              "name":"entity_id",
              "type":"int",
              "value":62
            },
            {
              "name":"gimmick",
              "type":"bool",
              "value":false
            },
            {
              "name":"ignore_route_link_object_id",
              "type":"int",
              "value":-1
            },
            {
              "name":"link_object_id",
              "type":"int",
              "value":0
            },
            {
              "name":"object_id",
              "type":"int",
              "value":0
            },
            {
              "name":"object_type",
              "type":"int",
              "value":2
            },
            {
              "name":"script_id",
              "type":"int",
              "value":94
            }
          ],
          "rotation":0,
          "type":"",
          "visible":true,
          "width":16,
          "x":416,
          "y":112
        },
        {
          "gid":2022,
          "height":16,
          "id":105,
          "name":"ev_e_0005",
          "properties":[
            {
              "name":"action_id",
              "type":"int",
              "value":2
            },
            {
              "name":"direction",
              "type":"int",
              "value":0
            },
            {
              "name":"entity_id",
              "type":"int",
              "value":44
            },
            {
              "name":"gimmick",
              "type":"bool",
              "value":false
            },
            {
              "name":"ignore_route_link_object_id",
              "type":"int",
              "value":-1
            },
            {
              "name":"link_object_id",
              "type":"int",
              "value":0
            },
            {
              "name":"object_id",
              "type":"int",
              "value":0
            },
            {
              "name":"object_type",
              "type":"int",
              "value":2
            },
            {
              "name":"script_id",
              "type":"int",
              "value":12
            }
          ],
          "rotation":0,
          "type":"",
          "visible":true,
          "width":16,
          "x":400,
          "y":704
        },
        {
          "gid":2022,
          "height":16,
          "id":106,
          "name":"ev_e_0005",
          "properties":[
            {
              "name":"action_id",
              "type":"int",
              "value":2
            },
            {
              "name":"direction",
              "type":"int",
              "value":0
            },
            {
              "name":"entity_id",
              "type":"int",
              "value":45
            },
            {
              "name":"gimmick",
              "type":"bool",
              "value":false
            },
            {
              "name":"ignore_route_link_object_id",
              "type":"int",
              "value":-1
            },
            {
              "name":"link_object_id",
              "type":"int",
              "value":0
            },
            {
              "name":"object_id",
              "type":"int",
              "value":0
            },
            {
              "name":"object_type",
              "type":"int",
              "value":2
            },
            {
              "name":"script_id",
              "type":"int",
              "value":12
            }
          ],
          "rotation":0,
          "type":"",
          "visible":true,
          "width":16,
          "x":416,
          "y":704
        },
        {
          "gid":2022,
          "height":16,
          "id":107,
          "name":"ev_e_0005",
          "properties":[
            {
              "name":"action_id",
              "type":"int",
              "value":2
            },
            {
              "name":"direction",
              "type":"int",
              "value":0
            },
            {
              "name":"entity_id",
              "type":"int",
              "value":46
            },
            {
              "name":"gimmick",
              "type":"bool",
              "value":false
            },
            {
              "name":"ignore_route_link_object_id",
              "type":"int",
              "value":-1
            },
            {
              "name":"link_object_id",
              "type":"int",
              "value":0
            },
            {
              "name":"object_id",
              "type":"int",
              "value":0
            },
            {
              "name":"object_type",
              "type":"int",
              "value":2
            },
            {
              "name":"script_id",
              "type":"int",
              "value":12
            }
          ],
          "rotation":0,
          "type":"",
          "visible":true,
          "width":16,
          "x":432,
          "y":704
        },
        {
          "gid":2025,
          "height":16,
          "id":122,
          "name":"\u30ab\u30ae\u306e\u304b\u304b\u3063\u305f\u6249",
          "properties":[
            {
              "name":"accept_action_direction",
              "type":"int",
              "value":15
            },
            {
              "name":"action_id",
              "type":"int",
              "value":4
            },
            {
              "name":"affected",
              "type":"bool",
              "value":true
            },
            {
              "name":"asset_id",
              "type":"int",
              "value":0
            },
            {
              "name":"birdview_puppet",
              "type":"bool",
              "value":false
            },
            {
              "name":"collision",
              "type":"bool",
              "value":true
            },
            {
              "name":"confirm_landing",
              "type":"bool",
              "value":false
            },
            {
              "name":"direction",
              "type":"int",
              "value":0
            },
            {
              "name":"entity_id",
              "type":"int",
              "value":77
            },
            {
              "name":"flight_altitude_ratio",
              "type":"float",
              "value":1
            },
            {
              "name":"gimmick",
              "type":"bool",
              "value":false
            },
            {
              "name":"interactive_icon_type",
              "type":"int",
              "value":5
            },
            {
              "name":"link_object_id",
              "type":"int",
              "value":0
            },
            {
              "name":"message_key",
              "type":"string",
              "value":"MSG_WST_CAS_03"
            },
            {
              "name":"object_id",
              "type":"int",
              "value":0
            },
            {
              "name":"object_type",
              "type":"int",
              "value":5
            },
            {
              "name":"script_id",
              "type":"int",
              "value":0
            },
            {
              "name":"se_id",
              "type":"int",
              "value":0
            },
            {
              "name":"talk_target_transportation_ids",
              "type":"string",
              "value":""
            },
            {
              "name":"target_transportation_ids",
              "type":"string",
              "value":""
            },
            {
              "name":"visible_minimap",
              "type":"bool",
              "value":false
            }
          ],
          "rotation":0,
          "type":"",
          "visible":true,
          "width":16,
          "x":416,
          "y":304
        },
        {
          "gid":2025,
          "height":16,
          "id":123,
          "name":"\u30ab\u30ae\u306e\u304b\u304b\u3063\u305f\u6249",
          "properties":[
            {
              "name":"accept_action_direction",
              "type":"int",
              "value":15
            },
            {
              "name":"action_id",
              "type":"int",
              "value":4
            },
            {
              "name":"affected",
              "type":"bool",
              "value":true
            },
            {
              "name":"asset_id",
              "type":"int",
              "value":0
            },
            {
              "name":"birdview_puppet",
              "type":"bool",
              "value":false
            },
            {
              "name":"collision",
              "type":"bool",
              "value":true
            },
            {
              "name":"confirm_landing",
              "type":"bool",
              "value":false
            },
            {
              "name":"direction",
              "type":"int",
              "value":0
            },
            {
              "name":"entity_id",
              "type":"int",
              "value":78
            },
            {
              "name":"flight_altitude_ratio",
              "type":"float",
              "value":1
            },
            {
              "name":"gimmick",
              "type":"bool",
              "value":false
            },
            {
              "name":"interactive_icon_type",
              "type":"int",
              "value":5
            },
            {
              "name":"link_object_id",
              "type":"int",
              "value":0
            },
            {
              "name":"message_key",
              "type":"string",
              "value":"MSG_WST_CAS_03"
            },
            {
              "name":"object_id",
              "type":"int",
              "value":0
            },
            {
              "name":"object_type",
              "type":"int",
              "value":5
            },
            {
              "name":"script_id",
              "type":"int",
              "value":0
            },
            {
              "name":"se_id",
              "type":"int",
              "value":0
            },
            {
              "name":"talk_target_transportation_ids",
              "type":"string",
              "value":""
            },
            {
              "name":"target_transportation_ids",
              "type":"string",
              "value":""
            },
            {
              "name":"visible_minimap",
              "type":"bool",
              "value":false
            }
          ],
          "rotation":0,
          "type":"",
          "visible":true,
          "width":16,
          "x":528,
          "y":304
        }
      ],
      "opacity":1,
      "type":"objectgroup",
      "visible":true,
      "x":0,
      "y":0
    }
  ],
  "name":"ev_e_0005",
  "opacity":1,
  "type":"group",
  "visible":true,
  "x":0,
  "y":0,
  "width":53,
  "height":50
}
