{
  "id":10,
  "layers":[
    {
      "draworder":"topdown",
      "id":11,
      "name":"UpperObject",
      "objects":[
        {
          "gid":998,
          "height":16,
          "id":49,
          "name":"\u98db\u7a7a\u5148\u5165\u624b",
          "properties":[
            {
              "name":"action_id",
              "type":"int",
              "value":2
            },
            {
              "name":"direction",
              "type":"int",
              "value":0
            },
            {
              "name":"entity_id",
              "type":"int",
              "value":82
            },
            {
              "name":"gimmick",
              "type":"bool",
              "value":false
            },
            {
              "name":"ignore_route_link_object_id",
              "type":"int",
              "value":-1
            },
            {
              "name":"link_object_id",
              "type":"int",
              "value":0
            },
            {
              "name":"object_id",
              "type":"int",
              "value":0
            },
            {
              "name":"object_type",
              "type":"int",
              "value":2
            },
            {
              "name":"script_id",
              "type":"int",
              "value":45
            }
          ],
          "rotation":0,
          "type":"",
          "visible":true,
          "width":16,
          "x":3392,
          "y":3760
        },
        {
          "gid":1000,
          "height":16,
          "id":98,
          "name":"\u7802\u7159\u306e\u7206\u7159\u30a8\u30d5\u30a7\u30af\u30c81",
          "properties":[
            {
              "name":"action_id",
              "type":"int",
              "value":0
            },
            {
              "name":"affected",
              "type":"bool",
              "value":true
            },
            {
              "name":"asset_id",
              "type":"int",
              "value":175
            },
            {
              "name":"birdview_puppet",
              "type":"bool",
              "value":true
            },
            {
              "name":"blend_type",
              "type":"int",
              "value":0
            },
            {
              "name":"building",
              "type":"bool",
              "value":false
            },
            {
              "name":"collision",
              "type":"bool",
              "value":false
            },
            {
              "name":"direction",
              "type":"int",
              "value":0
            },
            {
              "name":"entity_id",
              "type":"int",
              "value":91
            },
            {
              "name":"flight_altitude_ratio",
              "type":"float",
              "value":1
            },
            {
              "name":"front",
              "type":"bool",
              "value":true
            },
            {
              "name":"ignore_depth_test",
              "type":"bool",
              "value":false
            },
            {
              "name":"link_object_id",
              "type":"int",
              "value":0
            },
            {
              "name":"object_id",
              "type":"int",
              "value":0
            },
            {
              "name":"object_type",
              "type":"int",
              "value":11
            },
            {
              "name":"play_on_awake",
              "type":"bool",
              "value":false
            },
            {
              "name":"script_id",
              "type":"int",
              "value":0
            },
            {
              "name":"split",
              "type":"bool",
              "value":true
            },
            {
              "name":"visible_minimap",
              "type":"bool",
              "value":false
            },
            {
              "name":"zoffset",
              "type":"int",
              "value":-1
            }
          ],
          "rotation":0,
          "type":"",
          "visible":true,
          "width":16,
          "x":4096,
          "y":3824
        },
        {
          "gid":1000,
          "height":16,
          "id":99,
          "name":"\u7802\u7159\u306e\u7206\u7159\u30a8\u30d5\u30a7\u30af\u30c83",
          "properties":[
            {
              "name":"action_id",
              "type":"int",
              "value":0
            },
            {
              "name":"affected",
              "type":"bool",
              "value":true
            },
            {
              "name":"asset_id",
              "type":"int",
              "value":175
            },
            {
              "name":"birdview_puppet",
              "type":"bool",
              "value":false
            },
            {
              "name":"blend_type",
              "type":"int",
              "value":0
            },
            {
              "name":"building",
              "type":"bool",
              "value":false
            },
            {
              "name":"collision",
              "type":"bool",
              "value":false
            },
            {
              "name":"direction",
              "type":"int",
              "value":0
            },
            {
              "name":"entity_id",
              "type":"int",
              "value":92
            },
            {
              "name":"flight_altitude_ratio",
              "type":"float",
              "value":1
            },
            {
              "name":"front",
              "type":"bool",
              "value":true
            },
            {
              "name":"ignore_depth_test",
              "type":"bool",
              "value":false
            },
            {
              "name":"link_object_id",
              "type":"int",
              "value":0
            },
            {
              "name":"object_id",
              "type":"int",
              "value":0
            },
            {
              "name":"object_type",
              "type":"int",
              "value":11
            },
            {
              "name":"play_on_awake",
              "type":"bool",
              "value":false
            },
            {
              "name":"script_id",
              "type":"int",
              "value":0
            },
            {
              "name":"split",
              "type":"bool",
              "value":true
            },
            {
              "name":"visible_minimap",
              "type":"bool",
              "value":false
            },
            {
              "name":"zoffset",
              "type":"int",
              "value":-1
            }
          ],
          "rotation":0,
          "type":"",
          "visible":true,
          "width":16,
          "x":4096,
          "y":3840
        },
        {
          "gid":1000,
          "height":16,
          "id":100,
          "name":"\u7802\u7159\u306e\u7206\u7159\u30a8\u30d5\u30a7\u30af\u30c85",
          "properties":[
            {
              "name":"action_id",
              "type":"int",
              "value":0
            },
            {
              "name":"affected",
              "type":"bool",
              "value":true
            },
            {
              "name":"asset_id",
              "type":"int",
              "value":175
            },
            {
              "name":"birdview_puppet",
              "type":"bool",
              "value":false
            },
            {
              "name":"blend_type",
              "type":"int",
              "value":0
            },
            {
              "name":"building",
              "type":"bool",
              "value":false
            },
            {
              "name":"collision",
              "type":"bool",
              "value":false
            },
            {
              "name":"direction",
              "type":"int",
              "value":0
            },
            {
              "name":"entity_id",
              "type":"int",
              "value":93
            },
            {
              "name":"flight_altitude_ratio",
              "type":"float",
              "value":1
            },
            {
              "name":"front",
              "type":"bool",
              "value":true
            },
            {
              "name":"ignore_depth_test",
              "type":"bool",
              "value":false
            },
            {
              "name":"link_object_id",
              "type":"int",
              "value":0
            },
            {
              "name":"object_id",
              "type":"int",
              "value":0
            },
            {
              "name":"object_type",
              "type":"int",
              "value":11
            },
            {
              "name":"play_on_awake",
              "type":"bool",
              "value":false
            },
            {
              "name":"script_id",
              "type":"int",
              "value":0
            },
            {
              "name":"split",
              "type":"bool",
              "value":true
            },
            {
              "name":"visible_minimap",
              "type":"bool",
              "value":false
            },
            {
              "name":"zoffset",
              "type":"int",
              "value":-1
            }
          ],
          "rotation":0,
          "type":"",
          "visible":true,
          "width":16,
          "x":4096,
          "y":3856
        },
        {
          "gid":1000,
          "height":16,
          "id":101,
          "name":"\u7802\u7159\u306e\u7206\u7159\u30a8\u30d5\u30a7\u30af\u30c87",
          "properties":[
            {
              "name":"action_id",
              "type":"int",
              "value":0
            },
            {
              "name":"affected",
              "type":"bool",
              "value":true
            },
            {
              "name":"asset_id",
              "type":"int",
              "value":175
            },
            {
              "name":"birdview_puppet",
              "type":"bool",
              "value":false
            },
            {
              "name":"blend_type",
              "type":"int",
              "value":0
            },
            {
              "name":"building",
              "type":"bool",
              "value":false
            },
            {
              "name":"collision",
              "type":"bool",
              "value":false
            },
            {
              "name":"direction",
              "type":"int",
              "value":0
            },
            {
              "name":"entity_id",
              "type":"int",
              "value":94
            },
            {
              "name":"flight_altitude_ratio",
              "type":"float",
              "value":1
            },
            {
              "name":"front",
              "type":"bool",
              "value":true
            },
            {
              "name":"ignore_depth_test",
              "type":"bool",
              "value":false
            },
            {
              "name":"link_object_id",
              "type":"int",
              "value":0
            },
            {
              "name":"object_id",
              "type":"int",
              "value":0
            },
            {
              "name":"object_type",
              "type":"int",
              "value":11
            },
            {
              "name":"play_on_awake",
              "type":"bool",
              "value":false
            },
            {
              "name":"script_id",
              "type":"int",
              "value":0
            },
            {
              "name":"split",
              "type":"bool",
              "value":true
            },
            {
              "name":"visible_minimap",
              "type":"bool",
              "value":false
            },
            {
              "name":"zoffset",
              "type":"int",
              "value":-1
            }
          ],
          "rotation":0,
          "type":"",
          "visible":true,
          "width":16,
          "x":4096,
          "y":3872
        },
        {
          "gid":1000,
          "height":16,
          "id":102,
          "name":"\u7802\u7159\u306e\u7206\u7159\u30a8\u30d5\u30a7\u30af\u30c89",
          "properties":[
            {
              "name":"action_id",
              "type":"int",
              "value":0
            },
            {
              "name":"affected",
              "type":"bool",
              "value":true
            },
            {
              "name":"asset_id",
              "type":"int",
              "value":175
            },
            {
              "name":"birdview_puppet",
              "type":"bool",
              "value":false
            },
            {
              "name":"blend_type",
              "type":"int",
              "value":0
            },
            {
              "name":"building",
              "type":"bool",
              "value":false
            },
            {
              "name":"collision",
              "type":"bool",
              "value":false
            },
            {
              "name":"direction",
              "type":"int",
              "value":0
            },
            {
              "name":"entity_id",
              "type":"int",
              "value":95
            },
            {
              "name":"flight_altitude_ratio",
              "type":"float",
              "value":1
            },
            {
              "name":"front",
              "type":"bool",
              "value":true
            },
            {
              "name":"ignore_depth_test",
              "type":"bool",
              "value":false
            },
            {
              "name":"link_object_id",
              "type":"int",
              "value":0
            },
            {
              "name":"object_id",
              "type":"int",
              "value":0
            },
            {
              "name":"object_type",
              "type":"int",
              "value":11
            },
            {
              "name":"play_on_awake",
              "type":"bool",
              "value":false
            },
            {
              "name":"script_id",
              "type":"int",
              "value":0
            },
            {
              "name":"split",
              "type":"bool",
              "value":true
            },
            {
              "name":"visible_minimap",
              "type":"bool",
              "value":false
            },
            {
              "name":"zoffset",
              "type":"int",
              "value":-1
            }
          ],
          "rotation":0,
          "type":"",
          "visible":true,
          "width":16,
          "x":4096,
          "y":3888
        },
        {
          "gid":1000,
          "height":16,
          "id":104,
          "name":"\u7802\u7159\u306e\u7206\u7159\u30a8\u30d5\u30a7\u30af\u30c82",
          "properties":[
            {
              "name":"action_id",
              "type":"int",
              "value":0
            },
            {
              "name":"affected",
              "type":"bool",
              "value":true
            },
            {
              "name":"asset_id",
              "type":"int",
              "value":175
            },
            {
              "name":"birdview_puppet",
              "type":"bool",
              "value":false
            },
            {
              "name":"blend_type",
              "type":"int",
              "value":0
            },
            {
              "name":"building",
              "type":"bool",
              "value":false
            },
            {
              "name":"collision",
              "type":"bool",
              "value":false
            },
            {
              "name":"direction",
              "type":"int",
              "value":0
            },
            {
              "name":"entity_id",
              "type":"int",
              "value":96
            },
            {
              "name":"flight_altitude_ratio",
              "type":"float",
              "value":1
            },
            {
              "name":"front",
              "type":"bool",
              "value":true
            },
            {
              "name":"ignore_depth_test",
              "type":"bool",
              "value":false
            },
            {
              "name":"link_object_id",
              "type":"int",
              "value":0
            },
            {
              "name":"object_id",
              "type":"int",
              "value":0
            },
            {
              "name":"object_type",
              "type":"int",
              "value":11
            },
            {
              "name":"play_on_awake",
              "type":"bool",
              "value":false
            },
            {
              "name":"script_id",
              "type":"int",
              "value":0
            },
            {
              "name":"split",
              "type":"bool",
              "value":true
            },
            {
              "name":"visible_minimap",
              "type":"bool",
              "value":false
            },
            {
              "name":"zoffset",
              "type":"int",
              "value":-1
            }
          ],
          "rotation":0,
          "type":"",
          "visible":true,
          "width":16,
          "x":4112,
          "y":3824
        },
        {
          "gid":1000,
          "height":16,
          "id":105,
          "name":"\u7802\u7159\u306e\u7206\u7159\u30a8\u30d5\u30a7\u30af\u30c84",
          "properties":[
            {
              "name":"action_id",
              "type":"int",
              "value":0
            },
            {
              "name":"affected",
              "type":"bool",
              "value":true
            },
            {
              "name":"asset_id",
              "type":"int",
              "value":175
            },
            {
              "name":"birdview_puppet",
              "type":"bool",
              "value":false
            },
            {
              "name":"blend_type",
              "type":"int",
              "value":0
            },
            {
              "name":"building",
              "type":"bool",
              "value":false
            },
            {
              "name":"collision",
              "type":"bool",
              "value":false
            },
            {
              "name":"direction",
              "type":"int",
              "value":0
            },
            {
              "name":"entity_id",
              "type":"int",
              "value":97
            },
            {
              "name":"flight_altitude_ratio",
              "type":"float",
              "value":1
            },
            {
              "name":"front",
              "type":"bool",
              "value":true
            },
            {
              "name":"ignore_depth_test",
              "type":"bool",
              "value":false
            },
            {
              "name":"link_object_id",
              "type":"int",
              "value":0
            },
            {
              "name":"object_id",
              "type":"int",
              "value":0
            },
            {
              "name":"object_type",
              "type":"int",
              "value":11
            },
            {
              "name":"play_on_awake",
              "type":"bool",
              "value":false
            },
            {
              "name":"script_id",
              "type":"int",
              "value":0
            },
            {
              "name":"split",
              "type":"bool",
              "value":true
            },
            {
              "name":"visible_minimap",
              "type":"bool",
              "value":false
            },
            {
              "name":"zoffset",
              "type":"int",
              "value":-1
            }
          ],
          "rotation":0,
          "type":"",
          "visible":true,
          "width":16,
          "x":4112,
          "y":3840
        },
        {
          "gid":1000,
          "height":16,
          "id":106,
          "name":"\u7802\u7159\u306e\u7206\u7159\u30a8\u30d5\u30a7\u30af\u30c86",
          "properties":[
            {
              "name":"action_id",
              "type":"int",
              "value":0
            },
            {
              "name":"affected",
              "type":"bool",
              "value":true
            },
            {
              "name":"asset_id",
              "type":"int",
              "value":175
            },
            {
              "name":"birdview_puppet",
              "type":"bool",
              "value":false
            },
            {
              "name":"blend_type",
              "type":"int",
              "value":0
            },
            {
              "name":"building",
              "type":"bool",
              "value":false
            },
            {
              "name":"collision",
              "type":"bool",
              "value":false
            },
            {
              "name":"direction",
              "type":"int",
              "value":0
            },
            {
              "name":"entity_id",
              "type":"int",
              "value":98
            },
            {
              "name":"flight_altitude_ratio",
              "type":"float",
              "value":1
            },
            {
              "name":"front",
              "type":"bool",
              "value":true
            },
            {
              "name":"ignore_depth_test",
              "type":"bool",
              "value":false
            },
            {
              "name":"link_object_id",
              "type":"int",
              "value":0
            },
            {
              "name":"object_id",
              "type":"int",
              "value":0
            },
            {
              "name":"object_type",
              "type":"int",
              "value":11
            },
            {
              "name":"play_on_awake",
              "type":"bool",
              "value":false
            },
            {
              "name":"script_id",
              "type":"int",
              "value":0
            },
            {
              "name":"split",
              "type":"bool",
              "value":true
            },
            {
              "name":"visible_minimap",
              "type":"bool",
              "value":false
            },
            {
              "name":"zoffset",
              "type":"int",
              "value":-1
            }
          ],
          "rotation":0,
          "type":"",
          "visible":true,
          "width":16,
          "x":4112,
          "y":3856
        },
        {
          "gid":1000,
          "height":16,
          "id":107,
          "name":"\u7802\u7159\u306e\u7206\u7159\u30a8\u30d5\u30a7\u30af\u30c88",
          "properties":[
            {
              "name":"action_id",
              "type":"int",
              "value":0
            },
            {
              "name":"affected",
              "type":"bool",
              "value":true
            },
            {
              "name":"asset_id",
              "type":"int",
              "value":175
            },
            {
              "name":"birdview_puppet",
              "type":"bool",
              "value":false
            },
            {
              "name":"blend_type",
              "type":"int",
              "value":0
            },
            {
              "name":"building",
              "type":"bool",
              "value":false
            },
            {
              "name":"collision",
              "type":"bool",
              "value":false
            },
            {
              "name":"direction",
              "type":"int",
              "value":0
            },
            {
              "name":"entity_id",
              "type":"int",
              "value":99
            },
            {
              "name":"flight_altitude_ratio",
              "type":"float",
              "value":1
            },
            {
              "name":"front",
              "type":"bool",
              "value":true
            },
            {
              "name":"ignore_depth_test",
              "type":"bool",
              "value":false
            },
            {
              "name":"link_object_id",
              "type":"int",
              "value":0
            },
            {
              "name":"object_id",
              "type":"int",
              "value":0
            },
            {
              "name":"object_type",
              "type":"int",
              "value":11
            },
            {
              "name":"play_on_awake",
              "type":"bool",
              "value":false
            },
            {
              "name":"script_id",
              "type":"int",
              "value":0
            },
            {
              "name":"split",
              "type":"bool",
              "value":true
            },
            {
              "name":"visible_minimap",
              "type":"bool",
              "value":false
            },
            {
              "name":"zoffset",
              "type":"int",
              "value":-1
            }
          ],
          "rotation":0,
          "type":"",
          "visible":true,
          "width":16,
          "x":4112,
          "y":3872
        },
        {
          "gid":1000,
          "height":16,
          "id":108,
          "name":"\u7802\u7159\u306e\u7206\u7159\u30a8\u30d5\u30a7\u30af\u30c810",
          "properties":[
            {
              "name":"action_id",
              "type":"int",
              "value":0
            },
            {
              "name":"affected",
              "type":"bool",
              "value":true
            },
            {
              "name":"asset_id",
              "type":"int",
              "value":175
            },
            {
              "name":"birdview_puppet",
              "type":"bool",
              "value":false
            },
            {
              "name":"blend_type",
              "type":"int",
              "value":0
            },
            {
              "name":"building",
              "type":"bool",
              "value":false
            },
            {
              "name":"collision",
              "type":"bool",
              "value":false
            },
            {
              "name":"direction",
              "type":"int",
              "value":0
            },
            {
              "name":"entity_id",
              "type":"int",
              "value":100
            },
            {
              "name":"flight_altitude_ratio",
              "type":"float",
              "value":1
            },
            {
              "name":"front",
              "type":"bool",
              "value":true
            },
            {
              "name":"ignore_depth_test",
              "type":"bool",
              "value":false
            },
            {
              "name":"link_object_id",
              "type":"int",
              "value":0
            },
            {
              "name":"object_id",
              "type":"int",
              "value":0
            },
            {
              "name":"object_type",
              "type":"int",
              "value":11
            },
            {
              "name":"play_on_awake",
              "type":"bool",
              "value":false
            },
            {
              "name":"script_id",
              "type":"int",
              "value":0
            },
            {
              "name":"split",
              "type":"bool",
              "value":true
            },
            {
              "name":"visible_minimap",
              "type":"bool",
              "value":false
            },
            {
              "name":"zoffset",
              "type":"int",
              "value":-1
            }
          ],
          "rotation":0,
          "type":"",
          "visible":true,
          "width":16,
          "x":4112,
          "y":3888
        },
        {
          "gid":1006,
          "height":16,
          "id":116,
          "name":"\u904b\u6cb3\u6d77\u3060\u3051\u901a\u308c\u308b",
          "properties":[
            {
              "name":"collision_type",
              "type":"int",
              "value":6
            },
            {
              "name":"confirm_landing",
              "type":"bool",
              "value":false
            },
            {
              "name":"entity_id",
              "type":"int",
              "value":101
            },
            {
              "name":"object_type",
              "type":"int",
              "value":19
            },
            {
              "name":"target_transportation_ids",
              "type":"string",
              "value":"1,4"
            },
            {
              "name":"through_condition_type",
              "type":"int",
              "value":0
            }
          ],
          "rotation":0,
          "type":"",
          "visible":true,
          "width":16,
          "x":1520,
          "y":2528
        },
        {
          "gid":1001,
          "height":16,
          "id":156,
          "name":"\u30c1\u30e3\u30a4\u30e0\u672a\u6240\u6301",
          "properties":[
            {
              "name":"accept_action_direction",
              "type":"int",
              "value":15
            },
            {
              "name":"action_id",
              "type":"int",
              "value":0
            },
            {
              "name":"affected",
              "type":"bool",
              "value":true
            },
            {
              "name":"asset_id",
              "type":"int",
              "value":0
            },
            {
              "name":"birdview_puppet",
              "type":"bool",
              "value":false
            },
            {
              "name":"collision",
              "type":"bool",
              "value":true
            },
            {
              "name":"confirm_landing",
              "type":"bool",
              "value":false
            },
            {
              "name":"direction",
              "type":"int",
              "value":0
            },
            {
              "name":"entity_id",
              "type":"int",
              "value":145
            },
            {
              "name":"flight_altitude_ratio",
              "type":"float",
              "value":1
            },
            {
              "name":"gimmick",
              "type":"bool",
              "value":false
            },
            {
              "name":"interactive_icon_type",
              "type":"int",
              "value":0
            },
            {
              "name":"link_object_id",
              "type":"int",
              "value":0
            },
            {
              "name":"message_key",
              "type":"string",
              "value":""
            },
            {
              "name":"object_id",
              "type":"int",
              "value":0
            },
            {
              "name":"object_type",
              "type":"int",
              "value":5
            },
            {
              "name":"script_id",
              "type":"int",
              "value":0
            },
            {
              "name":"se_id",
              "type":"int",
              "value":0
            },
            {
              "name":"talk_target_transportation_ids",
              "type":"string",
              "value":""
            },
            {
              "name":"target_transportation_ids",
              "type":"string",
              "value":"1"
            },
            {
              "name":"visible_minimap",
              "type":"bool",
              "value":false
            }
          ],
          "rotation":0,
          "type":"",
          "visible":true,
          "width":16,
          "x":2944,
          "y":912
        },
        {
          "gid":1001,
          "height":48,
          "id":272,
          "name":"\u8df3\u306d\u6a4b\u30aa\u30d6\u30b8\u30a7\u30af\u30c8",
          "properties":[
            {
              "name":"accept_action_direction",
              "type":"int",
              "value":15
            },
            {
              "name":"action_id",
              "type":"int",
              "value":0
            },
            {
              "name":"affected",
              "type":"bool",
              "value":true
            },
            {
              "name":"asset_id",
              "type":"int",
              "value":194
            },
            {
              "name":"birdview_puppet",
              "type":"bool",
              "value":false
            },
            {
              "name":"collision",
              "type":"bool",
              "value":false
            },
            {
              "name":"confirm_landing",
              "type":"bool",
              "value":false
            },
            {
              "name":"direction",
              "type":"int",
              "value":0
            },
            {
              "name":"entity_id",
              "type":"int",
              "value":197
            },
            {
              "name":"flight_altitude_ratio",
              "type":"float",
              "value":1
            },
            {
              "name":"front",
              "type":"bool",
              "value":true
            },
            {
              "name":"gimmick",
              "type":"bool",
              "value":false
            },
            {
              "name":"interactive_icon_type",
              "type":"int",
              "value":0
            },
            {
              "name":"link_object_id",
              "type":"int",
              "value":0
            },
            {
              "name":"message_key",
              "type":"string",
              "value":""
            },
            {
              "name":"object_id",
              "type":"int",
              "value":0
            },
            {
              "name":"object_type",
              "type":"int",
              "value":5
            },
            {
              "name":"script_id",
              "type":"int",
              "value":0
            },
            {
              "name":"se_id",
              "type":"int",
              "value":0
            },
            {
              "name":"talk_target_transportation_ids",
              "type":"string",
              "value":""
            },
            {
              "name":"target_transportation_ids",
              "type":"string",
              "value":"4"
            },
            {
              "name":"visible_minimap",
              "type":"bool",
              "value":false
            }
          ],
          "rotation":0,
          "type":"",
          "visible":true,
          "width":48,
          "x":2304,
          "y":2352
        },
        {
          "gid":1024,
          "height":16,
          "id":278,
          "name":"\u98db\u884c\u8239",
          "properties":[
            {
              "name":"accept_action_direction",
              "type":"int",
              "value":15
            },
            {
              "name":"action_id",
              "type":"int",
              "value":0
            },
            {
              "name":"affected",
              "type":"bool",
              "value":false
            },
            {
              "name":"all_layers",
              "type":"bool",
              "value":false
            },
            {
              "name":"asset_id",
              "type":"int",
              "value":199
            },
            {
              "name":"birdview_puppet",
              "type":"bool",
              "value":true
            },
            {
              "name":"direction",
              "type":"int",
              "value":8
            },
            {
              "name":"entity_id",
              "type":"int",
              "value":203
            },
            {
              "name":"eye_contact",
              "type":"bool",
              "value":true
            },
            {
              "name":"flight_altitude_ratio",
              "type":"float",
              "value":1
            },
            {
              "name":"idling",
              "type":"bool",
              "value":false
            },
            {
              "name":"link_object_id",
              "type":"int",
              "value":0
            },
            {
              "name":"message_key",
              "type":"string",
              "value":""
            },
            {
              "name":"move_interval_id",
              "type":"int",
              "value":0
            },
            {
              "name":"move_speed_id",
              "type":"int",
              "value":0
            },
            {
              "name":"move_step",
              "type":"int",
              "value":0
            },
            {
              "name":"move_type",
              "type":"int",
              "value":0
            },
            {
              "name":"move_while_display_message",
              "type":"bool",
              "value":false
            },
            {
              "name":"object_id",
              "type":"int",
              "value":0
            },
            {
              "name":"object_type",
              "type":"int",
              "value":6
            },
            {
              "name":"pushed",
              "type":"bool",
              "value":true
            },
            {
              "name":"script_id",
              "type":"int",
              "value":0
            },
            {
              "name":"talk_target_transportation_ids",
              "type":"string",
              "value":""
            },
            {
              "name":"target_character_status_id",
              "type":"int",
              "value":0
            },
            {
              "name":"turn_around",
              "type":"bool",
              "value":true
            },
            {
              "name":"visible_minimap",
              "type":"bool",
              "value":false
            }
          ],
          "rotation":0,
          "type":"",
          "visible":true,
          "width":16,
          "x":4112,
          "y":3792
        }
      ],
      "opacity":1,
      "type":"objectgroup",
      "visible":true,
      "x":0,
      "y":0
    }
  ],
  "name":"ev_e_0025",
  "opacity":1,
  "properties":[
    {
      "name":"description",
      "type":"string",
      "value":"\u98db\u884c\u8239\u5165\u624b"
    }
  ],
  "type":"group",
  "visible":true,
  "x":0,
  "y":0,
  "width":256,
  "height":256
}
