{
    "animation": [
        {
            "name": "Default",
            "frames": [
                {
                    "sprite_name": "Default_01",
                    "offsetx": 0.0,
                    "offsety": 0.0,
                    "alpha": 1.0,
                    "rgb": {
                        "r": 1.0,
                        "g": 1.0,
                        "b": 1.0,
                        "a": 1.0
                    },
                    "flip": false
                },
                {
                    "sprite_name": "Default_00",
                    "offsetx": 0.0,
                    "offsety": 0.0,
                    "alpha": 1.0,
                    "rgb": {
                        "r": 1.0,
                        "g": 1.0,
                        "b": 1.0,
                        "a": 1.0
                    },
                    "flip": false
                }
            ],
            "play_speed": 0.4000000059604645,
            "play_mode": 3,
            "is_reverse": false
        },
        {
            "name": "WalkL",
            "frames": [
                {
                    "sprite_name": "WalkL_01",
                    "offsetx": 0.0,
                    "offsety": -1.0,
                    "alpha": 1.0,
                    "rgb": {
                        "r": 1.0,
                        "g": 1.0,
                        "b": 1.0,
                        "a": 1.0
                    },
                    "flip": false
                },
                {
                    "sprite_name": "WalkL_00",
                    "offsetx": 0.0,
                    "offsety": 0.0,
                    "alpha": 1.0,
                    "rgb": {
                        "r": 1.0,
                        "g": 1.0,
                        "b": 1.0,
                        "a": 1.0
                    },
                    "flip": false
                }
            ],
            "play_speed": 0.4000000059604645,
            "play_mode": 3,
            "is_reverse": false
        },
        {
            "name": "WalkR",
            "frames": [
                {
                    "sprite_name": "WalkL_01",
                    "offsetx": 0.0,
                    "offsety": -1.0,
                    "alpha": 1.0,
                    "rgb": {
                        "r": 1.0,
                        "g": 1.0,
                        "b": 1.0,
                        "a": 1.0
                    },
                    "flip": false
                },
                {
                    "sprite_name": "WalkL_00",
                    "offsetx": 0.0,
                    "offsety": 0.0,
                    "alpha": 1.0,
                    "rgb": {
                        "r": 1.0,
                        "g": 1.0,
                        "b": 1.0,
                        "a": 1.0
                    },
                    "flip": false
                }
            ],
            "play_speed": 0.4000000059604645,
            "play_mode": 3,
            "is_reverse": true
        },
        {
            "name": "WalkB",
            "frames": [
                {
                    "sprite_name": "WalkB_01",
                    "offsetx": 0.0,
                    "offsety": 0.0,
                    "alpha": 1.0,
                    "rgb": {
                        "r": 1.0,
                        "g": 1.0,
                        "b": 1.0,
                        "a": 1.0
                    },
                    "flip": false
                },
                {
                    "sprite_name": "WalkB_00",
                    "offsetx": 0.0,
                    "offsety": 0.0,
                    "alpha": 1.0,
                    "rgb": {
                        "r": 1.0,
                        "g": 1.0,
                        "b": 1.0,
                        "a": 1.0
                    },
                    "flip": false
                }
            ],
            "play_speed": 0.4000000059604645,
            "play_mode": 3,
            "is_reverse": false
        },
        {
            "name": "banzai",
            "frames": [
                {
                    "sprite_name": "RightHandUp_00",
                    "offsetx": 0.0,
                    "offsety": 0.0,
                    "alpha": 1.0,
                    "rgb": {
                        "r": 1.0,
                        "g": 1.0,
                        "b": 1.0,
                        "a": 1.0
                    },
                    "flip": false
                },
                {
                    "sprite_name": "Default_01",
                    "offsetx": 0.0,
                    "offsety": 0.0,
                    "alpha": 1.0,
                    "rgb": {
                        "r": 1.0,
                        "g": 1.0,
                        "b": 1.0,
                        "a": 1.0
                    },
                    "flip": false
                }
            ],
            "play_speed": 0.4000000059604645,
            "play_mode": 1,
            "is_reverse": false
        },
        {
            "name": "run_right",
            "frames": [
                {
                    "sprite_name": "WalkL_01",
                    "offsetx": 0.5,
                    "offsety": 0.0,
                    "alpha": 1.0,
                    "rgb": {
                        "r": 1.0,
                        "g": 1.0,
                        "b": 1.0,
                        "a": 1.0
                    },
                    "flip": false
                },
                {
                    "sprite_name": "WalkL_00",
                    "offsetx": 0.0,
                    "offsety": 0.0,
                    "alpha": 1.0,
                    "rgb": {
                        "r": 1.0,
                        "g": 1.0,
                        "b": 1.0,
                        "a": 1.0
                    },
                    "flip": false
                },
                {
                    "sprite_name": "WalkL_01",
                    "offsetx": 0.0,
                    "offsety": 0.0,
                    "alpha": 1.0,
                    "rgb": {
                        "r": 1.0,
                        "g": 1.0,
                        "b": 1.0,
                        "a": 1.0
                    },
                    "flip": false
                },
                {
                    "sprite_name": "WalkL_00",
                    "offsetx": 0.0,
                    "offsety": 0.0,
                    "alpha": 1.0,
                    "rgb": {
                        "r": 1.0,
                        "g": 1.0,
                        "b": 1.0,
                        "a": 1.0
                    },
                    "flip": false
                },
                {
                    "sprite_name": "WalkL_01",
                    "offsetx": 0.0,
                    "offsety": 0.0,
                    "alpha": 1.0,
                    "rgb": {
                        "r": 1.0,
                        "g": 1.0,
                        "b": 1.0,
                        "a": 1.0
                    },
                    "flip": false
                },
                {
                    "sprite_name": "WalkL_00",
                    "offsetx": 0.0,
                    "offsety": 0.0,
                    "alpha": 1.0,
                    "rgb": {
                        "r": 1.0,
                        "g": 1.0,
                        "b": 1.0,
                        "a": 1.0
                    },
                    "flip": false
                }
            ],
            "play_speed": 0.4000000059604645,
            "play_mode": 1,
            "is_reverse": true
        },
        {
            "name": "front_stop",
            "frames": [
                {
                    "sprite_name": "Default_01",
                    "offsetx": 0.0,
                    "offsety": 0.0,
                    "alpha": 1.0,
                    "rgb": {
                        "r": 1.0,
                        "g": 1.0,
                        "b": 1.0,
                        "a": 1.0
                    },
                    "flip": false
                }
            ],
            "play_speed": 0.4000000059604645,
            "play_mode": 1,
            "is_reverse": false
        },
        {
            "name": "front_rev",
            "frames": [
                {
                    "sprite_name": "Default_01",
                    "offsetx": 0.0,
                    "offsety": 0.0,
                    "alpha": 1.0,
                    "rgb": {
                        "r": 1.0,
                        "g": 1.0,
                        "b": 1.0,
                        "a": 1.0
                    },
                    "flip": false
                }
            ],
            "play_speed": 0.4000000059604645,
            "play_mode": 1,
            "is_reverse": true
        },
        {
            "name": "look_down",
            "frames": [
                {
                    "sprite_name": "LookDown_00",
                    "offsetx": 0.0,
                    "offsety": 0.0,
                    "alpha": 1.0,
                    "rgb": {
                        "r": 1.0,
                        "g": 1.0,
                        "b": 1.0,
                        "a": 1.0
                    },
                    "flip": false
                }
            ],
            "play_speed": 1.2000000476837159,
            "play_mode": 1,
            "is_reverse": false
        },
        {
            "name": "right_hand_up",
            "frames": [
                {
                    "sprite_name": "RightHandUp_00",
                    "offsetx": 0.0,
                    "offsety": 0.0,
                    "alpha": 1.0,
                    "rgb": {
                        "r": 1.0,
                        "g": 1.0,
                        "b": 1.0,
                        "a": 1.0
                    },
                    "flip": false
                }
            ],
            "play_speed": 0.4000000059604645,
            "play_mode": 1,
            "is_reverse": false
        },
        {
            "name": "left_hand_up",
            "frames": [
                {
                    "sprite_name": "RightHandUp_00",
                    "offsetx": 0.0,
                    "offsety": 0.0,
                    "alpha": 1.0,
                    "rgb": {
                        "r": 1.0,
                        "g": 1.0,
                        "b": 1.0,
                        "a": 1.0
                    },
                    "flip": false
                }
            ],
            "play_speed": 0.4000000059604645,
            "play_mode": 1,
            "is_reverse": true
        },
        {
            "name": "crystal_revival",
            "frames": [
                {
                    "sprite_name": "Default_01",
                    "offsetx": 0.0,
                    "offsety": 0.0,
                    "alpha": 1.0,
                    "rgb": {
                        "r": 1.0,
                        "g": 1.0,
                        "b": 1.0,
                        "a": 1.0
                    },
                    "flip": false
                },
                {
                    "sprite_name": "WalkL_00",
                    "offsetx": 0.0,
                    "offsety": 0.0,
                    "alpha": 1.0,
                    "rgb": {
                        "r": 1.0,
                        "g": 1.0,
                        "b": 1.0,
                        "a": 1.0
                    },
                    "flip": false
                },
                {
                    "sprite_name": "WalkB_01",
                    "offsetx": 0.0,
                    "offsety": 0.0,
                    "alpha": 1.0,
                    "rgb": {
                        "r": 1.0,
                        "g": 1.0,
                        "b": 1.0,
                        "a": 1.0
                    },
                    "flip": false
                },
                {
                    "sprite_name": "WalkL_00",
                    "offsetx": 0.0,
                    "offsety": 0.0,
                    "alpha": 1.0,
                    "rgb": {
                        "r": 1.0,
                        "g": 1.0,
                        "b": 1.0,
                        "a": 1.0
                    },
                    "flip": true
                },
                {
                    "sprite_name": "Default_01",
                    "offsetx": 0.0,
                    "offsety": 0.0,
                    "alpha": 1.0,
                    "rgb": {
                        "r": 1.0,
                        "g": 1.0,
                        "b": 1.0,
                        "a": 1.0
                    },
                    "flip": false
                },
                {
                    "sprite_name": "WalkL_00",
                    "offsetx": 0.0,
                    "offsety": 0.0,
                    "alpha": 1.0,
                    "rgb": {
                        "r": 1.0,
                        "g": 1.0,
                        "b": 1.0,
                        "a": 1.0
                    },
                    "flip": false
                },
                {
                    "sprite_name": "WalkB_01",
                    "offsetx": 0.0,
                    "offsety": 0.0,
                    "alpha": 1.0,
                    "rgb": {
                        "r": 1.0,
                        "g": 1.0,
                        "b": 1.0,
                        "a": 1.0
                    },
                    "flip": false
                },
                {
                    "sprite_name": "WalkL_00",
                    "offsetx": 0.0,
                    "offsety": 0.0,
                    "alpha": 1.0,
                    "rgb": {
                        "r": 1.0,
                        "g": 1.0,
                        "b": 1.0,
                        "a": 1.0
                    },
                    "flip": true
                },
                {
                    "sprite_name": "Default_01",
                    "offsetx": 0.0,
                    "offsety": 0.0,
                    "alpha": 1.0,
                    "rgb": {
                        "r": 1.0,
                        "g": 1.0,
                        "b": 1.0,
                        "a": 1.0
                    },
                    "flip": false
                },
                {
                    "sprite_name": "Default_01",
                    "offsetx": 0.0,
                    "offsety": 4.0,
                    "alpha": 1.0,
                    "rgb": {
                        "r": 1.0,
                        "g": 1.0,
                        "b": 1.0,
                        "a": 1.0
                    },
                    "flip": false
                },
                {
                    "sprite_name": "Default_01",
                    "offsetx": 0.0,
                    "offsety": 8.0,
                    "alpha": 1.0,
                    "rgb": {
                        "r": 1.0,
                        "g": 1.0,
                        "b": 1.0,
                        "a": 1.0
                    },
                    "flip": false
                },
                {
                    "sprite_name": "Default_01",
                    "offsetx": 0.0,
                    "offsety": 12.0,
                    "alpha": 1.0,
                    "rgb": {
                        "r": 1.0,
                        "g": 1.0,
                        "b": 1.0,
                        "a": 1.0
                    },
                    "flip": false
                },
                {
                    "sprite_name": "Default_01",
                    "offsetx": 0.0,
                    "offsety": 16.0,
                    "alpha": 1.0,
                    "rgb": {
                        "r": 1.0,
                        "g": 1.0,
                        "b": 1.0,
                        "a": 1.0
                    },
                    "flip": false
                },
                {
                    "sprite_name": "Default_01",
                    "offsetx": 0.0,
                    "offsety": 12.0,
                    "alpha": 1.0,
                    "rgb": {
                        "r": 1.0,
                        "g": 1.0,
                        "b": 1.0,
                        "a": 1.0
                    },
                    "flip": false
                },
                {
                    "sprite_name": "Default_01",
                    "offsetx": 0.0,
                    "offsety": 8.0,
                    "alpha": 1.0,
                    "rgb": {
                        "r": 1.0,
                        "g": 1.0,
                        "b": 1.0,
                        "a": 1.0
                    },
                    "flip": false
                },
                {
                    "sprite_name": "Default_01",
                    "offsetx": 0.0,
                    "offsety": 4.0,
                    "alpha": 1.0,
                    "rgb": {
                        "r": 1.0,
                        "g": 1.0,
                        "b": 1.0,
                        "a": 1.0
                    },
                    "flip": false
                },
                {
                    "sprite_name": "Default_01",
                    "offsetx": 0.0,
                    "offsety": 0.0,
                    "alpha": 1.0,
                    "rgb": {
                        "r": 1.0,
                        "g": 1.0,
                        "b": 1.0,
                        "a": 1.0
                    },
                    "flip": false
                },
                {
                    "sprite_name": "Default_01",
                    "offsetx": 0.0,
                    "offsety": 4.0,
                    "alpha": 1.0,
                    "rgb": {
                        "r": 1.0,
                        "g": 1.0,
                        "b": 1.0,
                        "a": 1.0
                    },
                    "flip": false
                },
                {
                    "sprite_name": "Default_01",
                    "offsetx": 0.0,
                    "offsety": 8.0,
                    "alpha": 1.0,
                    "rgb": {
                        "r": 1.0,
                        "g": 1.0,
                        "b": 1.0,
                        "a": 1.0
                    },
                    "flip": false
                },
                {
                    "sprite_name": "Default_01",
                    "offsetx": 0.0,
                    "offsety": 12.0,
                    "alpha": 1.0,
                    "rgb": {
                        "r": 1.0,
                        "g": 1.0,
                        "b": 1.0,
                        "a": 1.0
                    },
                    "flip": false
                },
                {
                    "sprite_name": "Default_01",
                    "offsetx": 0.0,
                    "offsety": 16.0,
                    "alpha": 1.0,
                    "rgb": {
                        "r": 1.0,
                        "g": 1.0,
                        "b": 1.0,
                        "a": 1.0
                    },
                    "flip": false
                },
                {
                    "sprite_name": "Default_01",
                    "offsetx": 0.0,
                    "offsety": 12.0,
                    "alpha": 1.0,
                    "rgb": {
                        "r": 1.0,
                        "g": 1.0,
                        "b": 1.0,
                        "a": 1.0
                    },
                    "flip": false
                },
                {
                    "sprite_name": "Default_01",
                    "offsetx": 0.0,
                    "offsety": 8.0,
                    "alpha": 1.0,
                    "rgb": {
                        "r": 1.0,
                        "g": 1.0,
                        "b": 1.0,
                        "a": 1.0
                    },
                    "flip": false
                },
                {
                    "sprite_name": "Default_01",
                    "offsetx": 0.0,
                    "offsety": 4.0,
                    "alpha": 1.0,
                    "rgb": {
                        "r": 1.0,
                        "g": 1.0,
                        "b": 1.0,
                        "a": 1.0
                    },
                    "flip": false
                },
                {
                    "sprite_name": "Default_01",
                    "offsetx": 0.0,
                    "offsety": 0.0,
                    "alpha": 1.0,
                    "rgb": {
                        "r": 1.0,
                        "g": 1.0,
                        "b": 1.0,
                        "a": 1.0
                    },
                    "flip": false
                },
                {
                    "sprite_name": "LookDown_00",
                    "offsetx": 0.0,
                    "offsety": 0.0,
                    "alpha": 1.0,
                    "rgb": {
                        "r": 1.0,
                        "g": 1.0,
                        "b": 1.0,
                        "a": 1.0
                    },
                    "flip": true
                },
                {
                    "sprite_name": "LookDown_00",
                    "offsetx": 0.0,
                    "offsety": 0.0,
                    "alpha": 1.0,
                    "rgb": {
                        "r": 1.0,
                        "g": 1.0,
                        "b": 1.0,
                        "a": 1.0
                    },
                    "flip": true
                },
                {
                    "sprite_name": "LookDown_00",
                    "offsetx": 0.0,
                    "offsety": 0.0,
                    "alpha": 1.0,
                    "rgb": {
                        "r": 1.0,
                        "g": 1.0,
                        "b": 1.0,
                        "a": 1.0
                    },
                    "flip": true
                },
                {
                    "sprite_name": "LookDown_00",
                    "offsetx": 0.0,
                    "offsety": 0.0,
                    "alpha": 1.0,
                    "rgb": {
                        "r": 1.0,
                        "g": 1.0,
                        "b": 1.0,
                        "a": 1.0
                    },
                    "flip": true
                },
                {
                    "sprite_name": "LookDown_00",
                    "offsetx": 0.0,
                    "offsety": 0.0,
                    "alpha": 1.0,
                    "rgb": {
                        "r": 1.0,
                        "g": 1.0,
                        "b": 1.0,
                        "a": 1.0
                    },
                    "flip": true
                },
                {
                    "sprite_name": "LookDown_00",
                    "offsetx": 0.0,
                    "offsety": 0.0,
                    "alpha": 1.0,
                    "rgb": {
                        "r": 1.0,
                        "g": 1.0,
                        "b": 1.0,
                        "a": 1.0
                    },
                    "flip": true
                },
                {
                    "sprite_name": "LookDown_00",
                    "offsetx": 0.0,
                    "offsety": 0.0,
                    "alpha": 1.0,
                    "rgb": {
                        "r": 1.0,
                        "g": 1.0,
                        "b": 1.0,
                        "a": 1.0
                    },
                    "flip": true
                },
                {
                    "sprite_name": "LookDown_00",
                    "offsetx": 0.0,
                    "offsety": 0.0,
                    "alpha": 1.0,
                    "rgb": {
                        "r": 1.0,
                        "g": 1.0,
                        "b": 1.0,
                        "a": 1.0
                    },
                    "flip": true
                },
                {
                    "sprite_name": "LookDown_00",
                    "offsetx": 0.0,
                    "offsety": 0.0,
                    "alpha": 1.0,
                    "rgb": {
                        "r": 1.0,
                        "g": 1.0,
                        "b": 1.0,
                        "a": 1.0
                    },
                    "flip": true
                },
                {
                    "sprite_name": "LookDown_00",
                    "offsetx": 0.0,
                    "offsety": 0.0,
                    "alpha": 1.0,
                    "rgb": {
                        "r": 1.0,
                        "g": 1.0,
                        "b": 1.0,
                        "a": 1.0
                    },
                    "flip": true
                },
                {
                    "sprite_name": "RightHandUp_00",
                    "offsetx": 0.0,
                    "offsety": 0.0,
                    "alpha": 1.0,
                    "rgb": {
                        "r": 1.0,
                        "g": 1.0,
                        "b": 1.0,
                        "a": 1.0
                    },
                    "flip": false
                }
            ],
            "play_speed": 1.399999976158142,
            "play_mode": 0,
            "is_reverse": false
        }
    ],
    "shader_type": 0
}