{"SystemFlag":{"SkipInitialize":0,"KeepPlayerPuppet":0,"KeepBadStatusVisual":0,"RidingVehicle":0},"Segments":[{"Label":"Main","EntryPoint":0,"Count":17}],"ScriptLocal":["0"],"ScriptLocalValue":[0],"Mnemonics":[{"label":"Main","mnemonic":"Nop","operands":{"iValues":[],"rValues":[],"sValues":[]},"type":1,"comment":""},{"label":"","mnemonic":"Branch","operands":{"iValues":[126,1,14,0,0,0,0,0],"rValues":[0.0,0.0,0.0,0.0,0.0,0.0,0.0,0.0],"sValues":["ScenarioFlag1","＝","imm","","","","",""]},"type":1,"comment":""},{"label":"","mnemonic":"SysCall","operands":{"iValues":[0,0,0,0,0,0,0,0],"rValues":[0.0,0.0,0.0,0.0,0.0,0.0,0.0,0.0],"sValues":["屋根(開く)","","","","","","",""]},"type":1,"comment":""},{"label":"","mnemonic":"Msg","operands":{"iValues":[0,0,0,0,0,0,0,0],"rValues":[0.0,0.0,0.0,0.0,0.0,0.0,0.0,0.0],"sValues":["MSG_GET_WARPCUBE_01","","","","","","",""]},"type":1,"comment":""},{"label":"","mnemonic":"Wait","operands":{"iValues":[0,0,0,0,0,0,0,0],"rValues":[1.05,0.0,0.0,0.0,0.0,0.0,0.0,0.0],"sValues":["","","","","","","",""]},"type":1,"comment":""},{"label":"","mnemonic":"MsgFunfare","operands":{"iValues":[0,0,84,0,0,0,0,0],"rValues":[0.0,0.0,0.0,0.0,0.0,0.0,0.0,0.0],"sValues":["MSG_KEY_5","","","","","","",""]},"type":1,"comment":""},{"label":"","mnemonic":"GetItem","operands":{"iValues":[45,1,0,0,0,0,0,0],"rValues":[0.0,0.0,0.0,0.0,0.0,0.0,0.0,0.0],"sValues":["","","","","","","",""]},"type":1,"comment":""},{"label":"","mnemonic":"Wait","operands":{"iValues":[0,0,0,0,0,0,0,0],"rValues":[0.7,0.0,0.0,0.0,0.0,0.0,0.0,0.0],"sValues":["","","","","","","",""]},"type":1,"comment":""},{"label":"","mnemonic":"PlaySE","operands":{"iValues":[164,1,0,0,0,0,0,0],"rValues":[0.0,0.01,0.0,0.0,0.0,0.0,0.0,0.0],"sValues":["","","","","","","",""]},"type":1,"comment":""},{"label":"","mnemonic":"Msg","operands":{"iValues":[0,0,0,0,0,0,0,0],"rValues":[0.0,0.0,0.0,0.0,0.0,0.0,0.0,0.0],"sValues":["MSG_GET_WARPCUBE_02","","","","","","",""]},"type":1,"comment":""},{"label":"","mnemonic":"SetFlag","operands":{"iValues":[5,0,0,0,0,0,0,0],"rValues":[0.0,0.0,0.0,0.0,0.0,0.0,0.0,0.0],"sValues":["ScenarioFlag1","","","","","","",""]},"type":1,"comment":""},{"label":"","mnemonic":"SetFlag","operands":{"iValues":[126,0,0,0,0,0,0,0],"rValues":[0.0,0.0,0.0,0.0,0.0,0.0,0.0,0.0],"sValues":["ScenarioFlag1","","","","","","",""]},"type":1,"comment":""},{"label":"","mnemonic":"SetFlag","operands":{"iValues":[5,0,0,0,0,0,0,0],"rValues":[0.0,0.0,0.0,0.0,0.0,0.0,0.0,0.0],"sValues":["TreasureFlag3","","","","","","",""]},"type":1,"comment":""},{"label":"","mnemonic":"Exit","operands":{"iValues":[0,0,0,0,0,0,0,0],"rValues":[0.0,0.0,0.0,0.0,0.0,0.0,0.0,0.0],"sValues":["","","","","","","",""]},"type":1,"comment":""},{"label":"flagon","mnemonic":"Nop","operands":{"iValues":[],"rValues":[],"sValues":[]},"type":1,"comment":""},{"label":"","mnemonic":"Msg","operands":{"iValues":[0,0,0,0,0,0,0,0],"rValues":[0.0,0.0,0.0,0.0,0.0,0.0,0.0,0.0],"sValues":["MSG_GET_WARPCUBE_02","","","","","","",""]},"type":1,"comment":""},{"label":"","mnemonic":"Exit","operands":{"iValues":[0,0,0,0,0,0,0,0],"rValues":[0.0,0.0,0.0,0.0,0.0,0.0,0.0,0.0],"sValues":["","","","","","","",""]},"type":1,"comment":""}],"Animations":[{"name":"Get treasure","frames":[{"sprite_name":"Default_01","offsetx":0.0,"offsety":0.0,"alpha":1.0,"rgb":{"r":1.0,"g":1.0,"b":1.0,"a":1.0},"flip":false},{"sprite_name":"LookDown_00","offsetx":0.0,"offsety":0.0,"alpha":1.0,"rgb":{"r":1.0,"g":1.0,"b":1.0,"a":1.0},"flip":false},{"sprite_name":"LookDown_00","offsetx":0.0,"offsety":0.0,"alpha":1.0,"rgb":{"r":1.0,"g":1.0,"b":1.0,"a":1.0},"flip":false},{"sprite_name":"RightHandUp_00","offsetx":0.0,"offsety":0.0,"alpha":1.0,"rgb":{"r":1.0,"g":1.0,"b":1.0,"a":1.0},"flip":false}],"play_speed":1.5,"play_mode":0,"is_reverse":false,"next_anim_name":null},{"name":"\rRobot Move","frames":[{"sprite_name":"Default_00","offsetx":0.0,"offsety":0.0,"alpha":1.0,"rgb":{"r":1.0,"g":1.0,"b":1.0,"a":1.0},"flip":false},{"sprite_name":"Default_01","offsetx":0.0,"offsety":0.0,"alpha":1.0,"rgb":{"r":1.0,"g":1.0,"b":1.0,"a":1.0},"flip":false},{"sprite_name":"Default_00","offsetx":0.0,"offsety":0.0,"alpha":1.0,"rgb":{"r":1.0,"g":1.0,"b":1.0,"a":1.0},"flip":false},{"sprite_name":"Default_01","offsetx":0.0,"offsety":0.0,"alpha":1.0,"rgb":{"r":1.0,"g":1.0,"b":1.0,"a":1.0},"flip":false},{"sprite_name":"Default_00","offsetx":0.0,"offsety":0.0,"alpha":1.0,"rgb":{"r":1.0,"g":1.0,"b":1.0,"a":1.0},"flip":false},{"sprite_name":"Default_01","offsetx":0.0,"offsety":0.0,"alpha":1.0,"rgb":{"r":1.0,"g":1.0,"b":1.0,"a":1.0},"flip":false},{"sprite_name":"Default_00","offsetx":0.0,"offsety":0.0,"alpha":1.0,"rgb":{"r":1.0,"g":1.0,"b":1.0,"a":1.0},"flip":false},{"sprite_name":"Default_01","offsetx":0.0,"offsety":0.0,"alpha":1.0,"rgb":{"r":1.0,"g":1.0,"b":1.0,"a":1.0},"flip":false}],"play_speed":1.0,"play_mode":0,"is_reverse":false,"next_anim_name":null},{"name":"\rThunder\r","frames":[{"sprite_name":"Default_00","offsetx":0.0,"offsety":0.0,"alpha":1.0,"rgb":{"r":1.0,"g":1.0,"b":1.0,"a":1.0},"flip":false},{"sprite_name":"Default_01","offsetx":0.0,"offsety":0.0,"alpha":1.0,"rgb":{"r":1.0,"g":1.0,"b":1.0,"a":1.0},"flip":false},{"sprite_name":"Default_02","offsetx":0.0,"offsety":0.0,"alpha":1.0,"rgb":{"r":1.0,"g":1.0,"b":1.0,"a":1.0},"flip":false},{"sprite_name":"Default_03","offsetx":0.0,"offsety":0.0,"alpha":1.0,"rgb":{"r":1.0,"g":1.0,"b":1.0,"a":1.0},"flip":false},{"sprite_name":"Default_04","offsetx":0.0,"offsety":0.0,"alpha":1.0,"rgb":{"r":1.0,"g":1.0,"b":1.0,"a":1.0},"flip":false},{"sprite_name":"Default_05","offsetx":0.0,"offsety":0.0,"alpha":1.0,"rgb":{"r":1.0,"g":1.0,"b":1.0,"a":1.0},"flip":false},{"sprite_name":"Default_06","offsetx":0.0,"offsety":0.0,"alpha":1.0,"rgb":{"r":1.0,"g":1.0,"b":1.0,"a":1.0},"flip":false},{"sprite_name":"Default_07","offsetx":0.0,"offsety":0.0,"alpha":1.0,"rgb":{"r":1.0,"g":1.0,"b":1.0,"a":1.0},"flip":false},{"sprite_name":"Default_08","offsetx":0.0,"offsety":0.0,"alpha":1.0,"rgb":{"r":1.0,"g":1.0,"b":1.0,"a":1.0},"flip":false},{"sprite_name":"Default_09","offsetx":0.0,"offsety":0.0,"alpha":1.0,"rgb":{"r":1.0,"g":1.0,"b":1.0,"a":1.0},"flip":false},{"sprite_name":"Default_10","offsetx":0.0,"offsety":0.0,"alpha":1.0,"rgb":{"r":1.0,"g":1.0,"b":1.0,"a":1.0},"flip":false}],"play_speed":1.0,"play_mode":0,"is_reverse":false,"next_anim_name":null},{"name":"Thunder2","frames":[{"sprite_name":"Default_00","offsetx":0.0,"offsety":0.0,"alpha":1.0,"rgb":{"r":1.0,"g":1.0,"b":1.0,"a":1.0},"flip":false},{"sprite_name":"Default_01","offsetx":0.0,"offsety":0.0,"alpha":1.0,"rgb":{"r":1.0,"g":1.0,"b":1.0,"a":1.0},"flip":false},{"sprite_name":"Default_02","offsetx":0.0,"offsety":0.0,"alpha":1.0,"rgb":{"r":1.0,"g":1.0,"b":1.0,"a":1.0},"flip":false},{"sprite_name":"Default_03","offsetx":0.0,"offsety":0.0,"alpha":1.0,"rgb":{"r":1.0,"g":1.0,"b":1.0,"a":1.0},"flip":false},{"sprite_name":"Default_04","offsetx":0.0,"offsety":0.0,"alpha":1.0,"rgb":{"r":1.0,"g":1.0,"b":1.0,"a":1.0},"flip":false},{"sprite_name":"Default_05","offsetx":0.0,"offsety":0.0,"alpha":1.0,"rgb":{"r":1.0,"g":1.0,"b":1.0,"a":1.0},"flip":false},{"sprite_name":"Default_06","offsetx":0.0,"offsety":0.0,"alpha":1.0,"rgb":{"r":1.0,"g":1.0,"b":1.0,"a":1.0},"flip":false},{"sprite_name":"Default_07","offsetx":0.0,"offsety":0.0,"alpha":1.0,"rgb":{"r":1.0,"g":1.0,"b":1.0,"a":1.0},"flip":false},{"sprite_name":"Default_08","offsetx":0.0,"offsety":0.0,"alpha":1.0,"rgb":{"r":1.0,"g":1.0,"b":1.0,"a":1.0},"flip":false},{"sprite_name":"Default_09","offsetx":0.0,"offsety":0.0,"alpha":1.0,"rgb":{"r":1.0,"g":1.0,"b":1.0,"a":1.0},"flip":false},{"sprite_name":"Default_10","offsetx":0.0,"offsety":0.0,"alpha":1.0,"rgb":{"r":1.0,"g":1.0,"b":1.0,"a":1.0},"flip":false}],"play_speed":0.3,"play_mode":0,"is_reverse":false,"next_anim_name":null},{"name":"Thunder\r3","frames":[{"sprite_name":"Default_00","offsetx":0.0,"offsety":2.0,"alpha":1.0,"rgb":{"r":1.0,"g":1.0,"b":1.0,"a":1.0},"flip":false},{"sprite_name":"Default_01","offsetx":0.0,"offsety":2.0,"alpha":1.0,"rgb":{"r":1.0,"g":1.0,"b":1.0,"a":1.0},"flip":false},{"sprite_name":"Default_02","offsetx":0.0,"offsety":2.0,"alpha":1.0,"rgb":{"r":1.0,"g":1.0,"b":1.0,"a":1.0},"flip":false},{"sprite_name":"Default_03","offsetx":0.0,"offsety":2.0,"alpha":1.0,"rgb":{"r":1.0,"g":1.0,"b":1.0,"a":1.0},"flip":false},{"sprite_name":"Default_04","offsetx":0.0,"offsety":2.0,"alpha":1.0,"rgb":{"r":1.0,"g":1.0,"b":1.0,"a":1.0},"flip":false},{"sprite_name":"Default_05","offsetx":0.0,"offsety":2.0,"alpha":1.0,"rgb":{"r":1.0,"g":1.0,"b":1.0,"a":1.0},"flip":false},{"sprite_name":"Default_06","offsetx":0.0,"offsety":2.0,"alpha":1.0,"rgb":{"r":1.0,"g":1.0,"b":1.0,"a":1.0},"flip":false},{"sprite_name":"Default_07","offsetx":0.0,"offsety":2.0,"alpha":1.0,"rgb":{"r":1.0,"g":1.0,"b":1.0,"a":1.0},"flip":false},{"sprite_name":"Default_08","offsetx":0.0,"offsety":2.0,"alpha":1.0,"rgb":{"r":1.0,"g":1.0,"b":1.0,"a":1.0},"flip":false},{"sprite_name":"Default_09","offsetx":0.0,"offsety":2.0,"alpha":1.0,"rgb":{"r":1.0,"g":1.0,"b":1.0,"a":1.0},"flip":false},{"sprite_name":"Default_10","offsetx":0.0,"offsety":2.0,"alpha":1.0,"rgb":{"r":1.0,"g":1.0,"b":1.0,"a":1.0},"flip":false}],"play_speed":0.3,"play_mode":0,"is_reverse":false,"next_anim_name":null}],"Name":"sc_e_0026","Title":{"main":"ワープキューブをもらう","sub":"オンラクのデモ"}}