{
  "id":7,
  "layers":[
    {
      "draworder":"topdown",
      "id":9,
      "name":"BottomObject",
      "objects":[
        {
          "gid":2017,
          "height":16,
          "id":12,
          "name":"ToUpper",
          "properties":[
            {
              "name":"action_id",
              "type":"int",
              "value":1
            },
            {
              "name":"direction",
              "type":"int",
              "value":0
            },
            {
              "name":"entity_id",
              "type":"int",
              "value":22
            },
            {
              "name":"layer",
              "type":"int",
              "value":2
            },
            {
              "name":"link_object_id",
              "type":"int",
              "value":0
            },
            {
              "name":"object_id",
              "type":"int",
              "value":0
            },
            {
              "name":"object_type",
              "type":"int",
              "value":4
            },
            {
              "name":"script_id",
              "type":"int",
              "value":0
            }
          ],
          "rotation":0,
          "type":"",
          "visible":true,
          "width":16,
          "x":448,
          "y":736
        },
        {
          "gid":2017,
          "height":16,
          "id":13,
          "name":"ToUpper",
          "properties":[
            {
              "name":"action_id",
              "type":"int",
              "value":1
            },
            {
              "name":"direction",
              "type":"int",
              "value":0
            },
            {
              "name":"entity_id",
              "type":"int",
              "value":23
            },
            {
              "name":"layer",
              "type":"int",
              "value":2
            },
            {
              "name":"link_object_id",
              "type":"int",
              "value":0
            },
            {
              "name":"object_id",
              "type":"int",
              "value":0
            },
            {
              "name":"object_type",
              "type":"int",
              "value":4
            },
            {
              "name":"script_id",
              "type":"int",
              "value":0
            }
          ],
          "rotation":0,
          "type":"",
          "visible":true,
          "width":16,
          "x":528,
          "y":736
        },
        {
          "gid":2023,
          "height":16,
          "id":20,
          "name":"OpenTrigger",
          "properties":[
            {
              "name":"action_id",
              "type":"int",
              "value":5
            },
            {
              "name":"entity_id",
              "type":"int",
              "value":20
            },
            {
              "name":"link_object_id",
              "type":"int",
              "value":1
            },
            {
              "name":"object_id",
              "type":"int",
              "value":0
            },
            {
              "name":"object_type",
              "type":"int",
              "value":8
            },
            {
              "name":"se_id",
              "type":"int",
              "value":9
            }
          ],
          "rotation":0,
          "type":"",
          "visible":true,
          "width":16,
          "x":448,
          "y":720
        },
        {
          "gid":2023,
          "height":16,
          "id":21,
          "name":"OpenTrigger",
          "properties":[
            {
              "name":"action_id",
              "type":"int",
              "value":5
            },
            {
              "name":"entity_id",
              "type":"int",
              "value":1
            },
            {
              "name":"link_object_id",
              "type":"int",
              "value":2
            },
            {
              "name":"object_id",
              "type":"int",
              "value":0
            },
            {
              "name":"object_type",
              "type":"int",
              "value":8
            },
            {
              "name":"se_id",
              "type":"int",
              "value":9
            }
          ],
          "rotation":0,
          "type":"",
          "visible":true,
          "width":16,
          "x":528,
          "y":720
        },
        {
          "gid":2048,
          "height":16,
          "id":24,
          "name":"\u30ed\u30dc\u30c3\u30c8(78)",
          "properties":[
            {
              "name":"accept_action_direction",
              "type":"int",
              "value":15
            },
            {
              "name":"action_id",
              "type":"int",
              "value":4
            },
            {
              "name":"affected",
              "type":"bool",
              "value":false
            },
            {
              "name":"asset_id",
              "type":"int",
              "value":78
            },
            {
              "name":"birdview_puppet",
              "type":"bool",
              "value":false
            },
            {
              "name":"direction",
              "type":"int",
              "value":4
            },
            {
              "name":"entity_id",
              "type":"int",
              "value":2
            },
            {
              "name":"eye_contact",
              "type":"bool",
              "value":true
            },
            {
              "name":"idling",
              "type":"bool",
              "value":false
            },
            {
              "name":"link_object_id",
              "type":"int",
              "value":0
            },
            {
              "name":"message_key",
              "type":"string",
              "value":"MSG_MRG_DAN_01"
            },
            {
              "name":"move_interval_id",
              "type":"int",
              "value":0
            },
            {
              "name":"move_speed_id",
              "type":"int",
              "value":0
            },
            {
              "name":"move_step",
              "type":"int",
              "value":0
            },
            {
              "name":"move_type",
              "type":"int",
              "value":1
            },
            {
              "name":"object_id",
              "type":"int",
              "value":0
            },
            {
              "name":"object_type",
              "type":"int",
              "value":6
            },
            {
              "name":"script_id",
              "type":"int",
              "value":0
            },
            {
              "name":"target_character_status_id",
              "type":"int",
              "value":0
            },
            {
              "name":"turn_around",
              "type":"bool",
              "value":true
            }
          ],
          "rotation":0,
          "type":"",
          "visible":true,
          "width":16,
          "x":608,
          "y":224
        },
        {
          "gid":2047,
          "height":16,
          "id":32,
          "name":"1300\u30ae\u30eb",
          "properties":[
            {
              "name":"accept_action_direction",
              "type":"int",
              "value":15
            },
            {
              "name":"action_id",
              "type":"int",
              "value":6
            },
            {
              "name":"asset_id",
              "type":"int",
              "value":0
            },
            {
              "name":"collision",
              "type":"bool",
              "value":true
            },
            {
              "name":"content_id",
              "type":"int",
              "value":1
            },
            {
              "name":"content_num",
              "type":"int",
              "value":1300
            },
            {
              "name":"direction",
              "type":"int",
              "value":15
            },
            {
              "name":"entity_id",
              "type":"int",
              "value":3
            },
            {
              "name":"flag_id",
              "type":"int",
              "value":158
            },
            {
              "name":"interactive_icon_type",
              "type":"int",
              "value":5
            },
            {
              "name":"link_object_id",
              "type":"int",
              "value":100
            },
            {
              "name":"message_key",
              "type":"string",
              "value":"MSG_OTHER_12"
            },
            {
              "name":"object_id",
              "type":"int",
              "value":0
            },
            {
              "name":"object_type",
              "type":"int",
              "value":7
            },
            {
              "name":"script_id",
              "type":"int",
              "value":0
            },
            {
              "name":"se_id",
              "type":"int",
              "value":909
            }
          ],
          "rotation":0,
          "type":"",
          "visible":true,
          "width":16,
          "x":576,
          "y":352
        },
        {
          "gid":2047,
          "height":16,
          "id":35,
          "name":"\u30c6\u30f3\u30c8",
          "properties":[
            {
              "name":"accept_action_direction",
              "type":"int",
              "value":15
            },
            {
              "name":"action_id",
              "type":"int",
              "value":6
            },
            {
              "name":"asset_id",
              "type":"int",
              "value":0
            },
            {
              "name":"collision",
              "type":"bool",
              "value":true
            },
            {
              "name":"content_id",
              "type":"int",
              "value":18
            },
            {
              "name":"content_num",
              "type":"int",
              "value":1
            },
            {
              "name":"direction",
              "type":"int",
              "value":15
            },
            {
              "name":"entity_id",
              "type":"int",
              "value":4
            },
            {
              "name":"flag_id",
              "type":"int",
              "value":151
            },
            {
              "name":"interactive_icon_type",
              "type":"int",
              "value":5
            },
            {
              "name":"link_object_id",
              "type":"int",
              "value":101
            },
            {
              "name":"message_key",
              "type":"string",
              "value":"MSG_OTHER_11"
            },
            {
              "name":"object_id",
              "type":"int",
              "value":0
            },
            {
              "name":"object_type",
              "type":"int",
              "value":7
            },
            {
              "name":"script_id",
              "type":"int",
              "value":0
            },
            {
              "name":"se_id",
              "type":"int",
              "value":909
            }
          ],
          "rotation":0,
          "type":"",
          "visible":true,
          "width":16,
          "x":384,
          "y":448
        },
        {
          "gid":2047,
          "height":16,
          "id":36,
          "name":"\u30a4\u30fc\u30b8\u30b9\u306e\u76fe",
          "properties":[
            {
              "name":"accept_action_direction",
              "type":"int",
              "value":15
            },
            {
              "name":"action_id",
              "type":"int",
              "value":6
            },
            {
              "name":"asset_id",
              "type":"int",
              "value":0
            },
            {
              "name":"collision",
              "type":"bool",
              "value":true
            },
            {
              "name":"content_id",
              "type":"int",
              "value":170
            },
            {
              "name":"content_num",
              "type":"int",
              "value":1
            },
            {
              "name":"direction",
              "type":"int",
              "value":15
            },
            {
              "name":"entity_id",
              "type":"int",
              "value":5
            },
            {
              "name":"flag_id",
              "type":"int",
              "value":153
            },
            {
              "name":"interactive_icon_type",
              "type":"int",
              "value":5
            },
            {
              "name":"link_object_id",
              "type":"int",
              "value":102
            },
            {
              "name":"message_key",
              "type":"string",
              "value":"MSG_OTHER_11"
            },
            {
              "name":"object_id",
              "type":"int",
              "value":0
            },
            {
              "name":"object_type",
              "type":"int",
              "value":7
            },
            {
              "name":"script_id",
              "type":"int",
              "value":0
            },
            {
              "name":"se_id",
              "type":"int",
              "value":909
            }
          ],
          "rotation":0,
          "type":"",
          "visible":true,
          "width":16,
          "x":480,
          "y":448
        },
        {
          "gid":2047,
          "height":16,
          "id":37,
          "name":"2750\u30ae\u30eb",
          "properties":[
            {
              "name":"accept_action_direction",
              "type":"int",
              "value":15
            },
            {
              "name":"action_id",
              "type":"int",
              "value":6
            },
            {
              "name":"asset_id",
              "type":"int",
              "value":0
            },
            {
              "name":"collision",
              "type":"bool",
              "value":true
            },
            {
              "name":"content_id",
              "type":"int",
              "value":1
            },
            {
              "name":"content_num",
              "type":"int",
              "value":2750
            },
            {
              "name":"direction",
              "type":"int",
              "value":15
            },
            {
              "name":"entity_id",
              "type":"int",
              "value":6
            },
            {
              "name":"flag_id",
              "type":"int",
              "value":155
            },
            {
              "name":"interactive_icon_type",
              "type":"int",
              "value":5
            },
            {
              "name":"link_object_id",
              "type":"int",
              "value":103
            },
            {
              "name":"message_key",
              "type":"string",
              "value":"MSG_OTHER_12"
            },
            {
              "name":"object_id",
              "type":"int",
              "value":0
            },
            {
              "name":"object_type",
              "type":"int",
              "value":7
            },
            {
              "name":"script_id",
              "type":"int",
              "value":0
            },
            {
              "name":"se_id",
              "type":"int",
              "value":909
            }
          ],
          "rotation":0,
          "type":"",
          "visible":true,
          "width":16,
          "x":496,
          "y":448
        },
        {
          "gid":2047,
          "height":16,
          "id":39,
          "name":"18010\u30ae\u30eb",
          "properties":[
            {
              "name":"accept_action_direction",
              "type":"int",
              "value":15
            },
            {
              "name":"action_id",
              "type":"int",
              "value":6
            },
            {
              "name":"asset_id",
              "type":"int",
              "value":0
            },
            {
              "name":"collision",
              "type":"bool",
              "value":true
            },
            {
              "name":"content_id",
              "type":"int",
              "value":1
            },
            {
              "name":"content_num",
              "type":"int",
              "value":18010
            },
            {
              "name":"direction",
              "type":"int",
              "value":15
            },
            {
              "name":"entity_id",
              "type":"int",
              "value":7
            },
            {
              "name":"flag_id",
              "type":"int",
              "value":157
            },
            {
              "name":"interactive_icon_type",
              "type":"int",
              "value":5
            },
            {
              "name":"link_object_id",
              "type":"int",
              "value":104
            },
            {
              "name":"message_key",
              "type":"string",
              "value":"MSG_OTHER_12"
            },
            {
              "name":"object_id",
              "type":"int",
              "value":0
            },
            {
              "name":"object_type",
              "type":"int",
              "value":7
            },
            {
              "name":"script_id",
              "type":"int",
              "value":0
            },
            {
              "name":"se_id",
              "type":"int",
              "value":909
            }
          ],
          "rotation":0,
          "type":"",
          "visible":true,
          "width":16,
          "x":512,
          "y":464
        },
        {
          "gid":2047,
          "height":16,
          "id":41,
          "name":"3400\u30ae\u30eb",
          "properties":[
            {
              "name":"accept_action_direction",
              "type":"int",
              "value":15
            },
            {
              "name":"action_id",
              "type":"int",
              "value":6
            },
            {
              "name":"asset_id",
              "type":"int",
              "value":0
            },
            {
              "name":"collision",
              "type":"bool",
              "value":true
            },
            {
              "name":"content_id",
              "type":"int",
              "value":1
            },
            {
              "name":"content_num",
              "type":"int",
              "value":3400
            },
            {
              "name":"direction",
              "type":"int",
              "value":15
            },
            {
              "name":"entity_id",
              "type":"int",
              "value":8
            },
            {
              "name":"flag_id",
              "type":"int",
              "value":154
            },
            {
              "name":"interactive_icon_type",
              "type":"int",
              "value":5
            },
            {
              "name":"link_object_id",
              "type":"int",
              "value":105
            },
            {
              "name":"message_key",
              "type":"string",
              "value":"MSG_OTHER_12"
            },
            {
              "name":"object_id",
              "type":"int",
              "value":0
            },
            {
              "name":"object_type",
              "type":"int",
              "value":7
            },
            {
              "name":"script_id",
              "type":"int",
              "value":0
            },
            {
              "name":"se_id",
              "type":"int",
              "value":909
            }
          ],
          "rotation":0,
          "type":"",
          "visible":true,
          "width":16,
          "x":528,
          "y":448
        },
        {
          "gid":2047,
          "height":16,
          "id":42,
          "name":"\u30b7\u30e3\u30fc\u30d7\u30bd\u30fc\u30c9",
          "properties":[
            {
              "name":"accept_action_direction",
              "type":"int",
              "value":15
            },
            {
              "name":"action_id",
              "type":"int",
              "value":6
            },
            {
              "name":"asset_id",
              "type":"int",
              "value":0
            },
            {
              "name":"collision",
              "type":"bool",
              "value":true
            },
            {
              "name":"content_id",
              "type":"int",
              "value":82
            },
            {
              "name":"content_num",
              "type":"int",
              "value":1
            },
            {
              "name":"direction",
              "type":"int",
              "value":15
            },
            {
              "name":"entity_id",
              "type":"int",
              "value":9
            },
            {
              "name":"flag_id",
              "type":"int",
              "value":152
            },
            {
              "name":"interactive_icon_type",
              "type":"int",
              "value":5
            },
            {
              "name":"link_object_id",
              "type":"int",
              "value":106
            },
            {
              "name":"message_key",
              "type":"string",
              "value":"MSG_OTHER_11"
            },
            {
              "name":"object_id",
              "type":"int",
              "value":0
            },
            {
              "name":"object_type",
              "type":"int",
              "value":7
            },
            {
              "name":"script_id",
              "type":"int",
              "value":0
            },
            {
              "name":"se_id",
              "type":"int",
              "value":909
            }
          ],
          "rotation":0,
          "type":"",
          "visible":true,
          "width":16,
          "x":528,
          "y":480
        },
        {
          "gid":2047,
          "height":16,
          "id":43,
          "name":"\u3044\u3084\u3057\u306e\u304b\u3076\u3068",
          "properties":[
            {
              "name":"accept_action_direction",
              "type":"int",
              "value":15
            },
            {
              "name":"action_id",
              "type":"int",
              "value":6
            },
            {
              "name":"asset_id",
              "type":"int",
              "value":0
            },
            {
              "name":"collision",
              "type":"bool",
              "value":true
            },
            {
              "name":"content_id",
              "type":"int",
              "value":186
            },
            {
              "name":"content_num",
              "type":"int",
              "value":1
            },
            {
              "name":"direction",
              "type":"int",
              "value":15
            },
            {
              "name":"entity_id",
              "type":"int",
              "value":10
            },
            {
              "name":"flag_id",
              "type":"int",
              "value":156
            },
            {
              "name":"interactive_icon_type",
              "type":"int",
              "value":5
            },
            {
              "name":"link_object_id",
              "type":"int",
              "value":107
            },
            {
              "name":"message_key",
              "type":"string",
              "value":"MSG_OTHER_11"
            },
            {
              "name":"object_id",
              "type":"int",
              "value":0
            },
            {
              "name":"object_type",
              "type":"int",
              "value":7
            },
            {
              "name":"script_id",
              "type":"int",
              "value":0
            },
            {
              "name":"se_id",
              "type":"int",
              "value":909
            }
          ],
          "rotation":0,
          "type":"",
          "visible":true,
          "width":16,
          "x":592,
          "y":448
        },
        {
          "height":16,
          "id":44,
          "name":"TileAnimRegion",
          "properties":[
            {
              "name":"all_layers",
              "type":"bool",
              "value":true
            },
            {
              "name":"entity_id",
              "type":"int",
              "value":28
            },
            {
              "name":"object_id",
              "type":"int",
              "value":100
            },
            {
              "name":"object_type",
              "type":"int",
              "value":1
            },
            {
              "name":"reverse",
              "type":"bool",
              "value":false
            }
          ],
          "rotation":0,
          "type":"",
          "visible":true,
          "width":16,
          "x":576,
          "y":336
        },
        {
          "height":16,
          "id":45,
          "name":"TileAnimRegion",
          "properties":[
            {
              "name":"all_layers",
              "type":"bool",
              "value":true
            },
            {
              "name":"entity_id",
              "type":"int",
              "value":29
            },
            {
              "name":"object_id",
              "type":"int",
              "value":101
            },
            {
              "name":"object_type",
              "type":"int",
              "value":1
            },
            {
              "name":"reverse",
              "type":"bool",
              "value":false
            }
          ],
          "rotation":0,
          "type":"",
          "visible":true,
          "width":16,
          "x":384,
          "y":432
        },
        {
          "height":16,
          "id":46,
          "name":"TileAnimRegion",
          "properties":[
            {
              "name":"all_layers",
              "type":"bool",
              "value":true
            },
            {
              "name":"entity_id",
              "type":"int",
              "value":30
            },
            {
              "name":"object_id",
              "type":"int",
              "value":102
            },
            {
              "name":"object_type",
              "type":"int",
              "value":1
            },
            {
              "name":"reverse",
              "type":"bool",
              "value":false
            }
          ],
          "rotation":0,
          "type":"",
          "visible":true,
          "width":16,
          "x":480,
          "y":432
        },
        {
          "height":16,
          "id":47,
          "name":"TileAnimRegion",
          "properties":[
            {
              "name":"all_layers",
              "type":"bool",
              "value":true
            },
            {
              "name":"entity_id",
              "type":"int",
              "value":31
            },
            {
              "name":"object_id",
              "type":"int",
              "value":103
            },
            {
              "name":"object_type",
              "type":"int",
              "value":1
            },
            {
              "name":"reverse",
              "type":"bool",
              "value":false
            }
          ],
          "rotation":0,
          "type":"",
          "visible":true,
          "width":16,
          "x":496,
          "y":432
        },
        {
          "height":16,
          "id":48,
          "name":"TileAnimRegion",
          "properties":[
            {
              "name":"all_layers",
              "type":"bool",
              "value":true
            },
            {
              "name":"entity_id",
              "type":"int",
              "value":32
            },
            {
              "name":"object_id",
              "type":"int",
              "value":104
            },
            {
              "name":"object_type",
              "type":"int",
              "value":1
            },
            {
              "name":"reverse",
              "type":"bool",
              "value":false
            }
          ],
          "rotation":0,
          "type":"",
          "visible":true,
          "width":16,
          "x":512,
          "y":448
        },
        {
          "height":16,
          "id":49,
          "name":"TileAnimRegion",
          "properties":[
            {
              "name":"all_layers",
              "type":"bool",
              "value":true
            },
            {
              "name":"entity_id",
              "type":"int",
              "value":33
            },
            {
              "name":"object_id",
              "type":"int",
              "value":105
            },
            {
              "name":"object_type",
              "type":"int",
              "value":1
            },
            {
              "name":"reverse",
              "type":"bool",
              "value":false
            }
          ],
          "rotation":0,
          "type":"",
          "visible":true,
          "width":16,
          "x":528,
          "y":432
        },
        {
          "height":16,
          "id":50,
          "name":"TileAnimRegion",
          "properties":[
            {
              "name":"all_layers",
              "type":"bool",
              "value":true
            },
            {
              "name":"entity_id",
              "type":"int",
              "value":34
            },
            {
              "name":"object_id",
              "type":"int",
              "value":106
            },
            {
              "name":"object_type",
              "type":"int",
              "value":1
            },
            {
              "name":"reverse",
              "type":"bool",
              "value":false
            }
          ],
          "rotation":0,
          "type":"",
          "visible":true,
          "width":16,
          "x":528,
          "y":464
        },
        {
          "height":16,
          "id":51,
          "name":"TileAnimRegion",
          "properties":[
            {
              "name":"all_layers",
              "type":"bool",
              "value":true
            },
            {
              "name":"entity_id",
              "type":"int",
              "value":35
            },
            {
              "name":"object_id",
              "type":"int",
              "value":107
            },
            {
              "name":"object_type",
              "type":"int",
              "value":1
            },
            {
              "name":"reverse",
              "type":"bool",
              "value":false
            }
          ],
          "rotation":0,
          "type":"",
          "visible":true,
          "width":16,
          "x":592,
          "y":432
        }
      ],
      "opacity":1,
      "type":"objectgroup",
      "visible":true,
      "x":0,
      "y":0
    },
    {
      "draworder":"topdown",
      "id":11,
      "name":"UpperObject",
      "objects":[
        {
          "gid":2020,
          "height":16,
          "id":1,
          "name":"GotoMap",
          "properties":[
            {
              "name":"action_id",
              "type":"int",
              "value":3
            },
            {
              "name":"direction",
              "type":"int",
              "value":0
            },
            {
              "name":"entity_id",
              "type":"int",
              "value":11
            },
            {
              "name":"link_object_id",
              "type":"int",
              "value":0
            },
            {
              "name":"map_id",
              "type":"int",
              "value":1
            },
            {
              "name":"object_id",
              "type":"int",
              "value":0
            },
            {
              "name":"object_type",
              "type":"int",
              "value":3
            },
            {
              "name":"point_id",
              "type":"int",
              "value":31
            },
            {
              "name":"script_id",
              "type":"int",
              "value":0
            }
          ],
          "rotation":0,
          "type":"",
          "visible":true,
          "width":16,
          "x":528,
          "y":784
        },
        {
          "gid":2020,
          "height":16,
          "id":2,
          "name":"GotoMap",
          "properties":[
            {
              "name":"action_id",
              "type":"int",
              "value":3
            },
            {
              "name":"direction",
              "type":"int",
              "value":0
            },
            {
              "name":"entity_id",
              "type":"int",
              "value":12
            },
            {
              "name":"link_object_id",
              "type":"int",
              "value":0
            },
            {
              "name":"map_id",
              "type":"int",
              "value":106
            },
            {
              "name":"object_id",
              "type":"int",
              "value":0
            },
            {
              "name":"object_type",
              "type":"int",
              "value":3
            },
            {
              "name":"point_id",
              "type":"int",
              "value":1
            },
            {
              "name":"script_id",
              "type":"int",
              "value":0
            }
          ],
          "rotation":0,
          "type":"",
          "visible":true,
          "width":16,
          "x":448,
          "y":784
        },
        {
          "gid":2021,
          "height":16,
          "id":3,
          "name":"PointIn",
          "properties":[
            {
              "name":"direction",
              "type":"int",
              "value":2
            },
            {
              "name":"entity_id",
              "type":"int",
              "value":13
            },
            {
              "name":"link_object_id",
              "type":"int",
              "value":0
            },
            {
              "name":"object_id",
              "type":"int",
              "value":1
            },
            {
              "name":"object_type",
              "type":"int",
              "value":0
            },
            {
              "name":"title_id",
              "type":"string",
              "value":"MSGARA_NAME_06"
            },
            {
              "name":"title_type",
              "type":"int",
              "value":1
            }
          ],
          "rotation":0,
          "type":"",
          "visible":true,
          "width":16,
          "x":544,
          "y":784
        },
        {
          "gid":2021,
          "height":16,
          "id":4,
          "name":"PointIn",
          "properties":[
            {
              "name":"direction",
              "type":"int",
              "value":8
            },
            {
              "name":"entity_id",
              "type":"int",
              "value":14
            },
            {
              "name":"link_object_id",
              "type":"int",
              "value":0
            },
            {
              "name":"object_id",
              "type":"int",
              "value":2
            },
            {
              "name":"object_type",
              "type":"int",
              "value":0
            },
            {
              "name":"title_id",
              "type":"string",
              "value":"MSGARA_NAME_06"
            },
            {
              "name":"title_type",
              "type":"int",
              "value":1
            }
          ],
          "rotation":0,
          "type":"",
          "visible":true,
          "width":16,
          "x":432,
          "y":784
        },
        {
          "gid":2019,
          "height":16,
          "id":7,
          "name":"ToBottom",
          "properties":[
            {
              "name":"action_id",
              "type":"int",
              "value":1
            },
            {
              "name":"direction",
              "type":"int",
              "value":0
            },
            {
              "name":"entity_id",
              "type":"int",
              "value":24
            },
            {
              "name":"layer",
              "type":"int",
              "value":0
            },
            {
              "name":"link_object_id",
              "type":"int",
              "value":0
            },
            {
              "name":"object_id",
              "type":"int",
              "value":0
            },
            {
              "name":"object_type",
              "type":"int",
              "value":4
            },
            {
              "name":"script_id",
              "type":"int",
              "value":0
            }
          ],
          "rotation":0,
          "type":"",
          "visible":true,
          "width":16,
          "x":448,
          "y":720
        },
        {
          "gid":2019,
          "height":16,
          "id":8,
          "name":"ToBottom",
          "properties":[
            {
              "name":"action_id",
              "type":"int",
              "value":1
            },
            {
              "name":"direction",
              "type":"int",
              "value":0
            },
            {
              "name":"entity_id",
              "type":"int",
              "value":25
            },
            {
              "name":"layer",
              "type":"int",
              "value":0
            },
            {
              "name":"link_object_id",
              "type":"int",
              "value":0
            },
            {
              "name":"object_id",
              "type":"int",
              "value":0
            },
            {
              "name":"object_type",
              "type":"int",
              "value":4
            },
            {
              "name":"script_id",
              "type":"int",
              "value":0
            }
          ],
          "rotation":0,
          "type":"",
          "visible":true,
          "width":16,
          "x":528,
          "y":720
        },
        {
          "height":16,
          "id":16,
          "name":"TileAnimRegion",
          "properties":[
            {
              "name":"all_layers",
              "type":"bool",
              "value":true
            },
            {
              "name":"entity_id",
              "type":"int",
              "value":15
            },
            {
              "name":"object_id",
              "type":"int",
              "value":1
            },
            {
              "name":"object_type",
              "type":"int",
              "value":1
            },
            {
              "name":"reverse",
              "type":"bool",
              "value":true
            }
          ],
          "rotation":0,
          "type":"",
          "visible":true,
          "width":16,
          "x":448,
          "y":704
        },
        {
          "height":16,
          "id":17,
          "name":"TileAnimRegion",
          "properties":[
            {
              "name":"all_layers",
              "type":"bool",
              "value":true
            },
            {
              "name":"entity_id",
              "type":"int",
              "value":16
            },
            {
              "name":"object_id",
              "type":"int",
              "value":2
            },
            {
              "name":"object_type",
              "type":"int",
              "value":1
            },
            {
              "name":"reverse",
              "type":"bool",
              "value":true
            }
          ],
          "rotation":0,
          "type":"",
          "visible":true,
          "width":16,
          "x":528,
          "y":704
        },
        {
          "gid":2023,
          "height":16,
          "id":18,
          "name":"OpenTrigger",
          "properties":[
            {
              "name":"action_id",
              "type":"int",
              "value":5
            },
            {
              "name":"entity_id",
              "type":"int",
              "value":17
            },
            {
              "name":"link_object_id",
              "type":"int",
              "value":1
            },
            {
              "name":"object_id",
              "type":"int",
              "value":0
            },
            {
              "name":"object_type",
              "type":"int",
              "value":8
            },
            {
              "name":"se_id",
              "type":"int",
              "value":9
            }
          ],
          "rotation":0,
          "type":"",
          "visible":true,
          "width":16,
          "x":448,
          "y":720
        },
        {
          "gid":2023,
          "height":16,
          "id":19,
          "name":"OpenTrigger",
          "properties":[
            {
              "name":"action_id",
              "type":"int",
              "value":5
            },
            {
              "name":"entity_id",
              "type":"int",
              "value":18
            },
            {
              "name":"link_object_id",
              "type":"int",
              "value":2
            },
            {
              "name":"object_id",
              "type":"int",
              "value":0
            },
            {
              "name":"object_type",
              "type":"int",
              "value":8
            },
            {
              "name":"se_id",
              "type":"int",
              "value":9
            }
          ],
          "rotation":0,
          "type":"",
          "visible":true,
          "width":16,
          "x":528,
          "y":720
        },
        {
          "gid":2031,
          "height":16,
          "id":53,
          "name":"TelepoPoint",
          "properties":[
            {
              "name":"entity_id",
              "type":"int",
              "value":36
            },
            {
              "name":"goto_entity_id",
              "type":"int",
              "value":12
            },
            {
              "name":"object_type",
              "type":"int",
              "value":20
            },
            {
              "name":"pointin_entity_id",
              "type":"int",
              "value":14
            }
          ],
          "rotation":0,
          "type":"",
          "visible":true,
          "width":16,
          "x":432,
          "y":784
        }
      ],
      "opacity":1,
      "type":"objectgroup",
      "visible":true,
      "x":0,
      "y":0
    },
    {
      "draworder":"topdown",
      "id":14,
      "name":"MinimapObject",
      "objects":[
        {
          "gid":1985,
          "height":16,
          "id":14,
          "name":"worldmap_minimap",
          "properties":[
            {
              "name":"direction",
              "type":"int",
              "value":4
            },
            {
              "name":"entity_id",
              "type":"int",
              "value":26
            },
            {
              "name":"minimap_icon_type",
              "type":"int",
              "value":3
            },
            {
              "name":"object_id",
              "type":"int",
              "value":0
            },
            {
              "name":"object_type",
              "type":"int",
              "value":18
            }
          ],
          "rotation":0,
          "type":"",
          "visible":true,
          "width":16,
          "x":528,
          "y":784
        },
        {
          "gid":1993,
          "height":16,
          "id":52,
          "name":"\u968e\u6bb5",
          "properties":[
            {
              "name":"direction",
              "type":"int",
              "value":1
            },
            {
              "name":"entity_id",
              "type":"int",
              "value":37
            },
            {
              "name":"minimap_icon_type",
              "type":"int",
              "value":2
            },
            {
              "name":"object_id",
              "type":"int",
              "value":0
            },
            {
              "name":"object_type",
              "type":"int",
              "value":18
            }
          ],
          "rotation":0,
          "type":"",
          "visible":true,
          "width":16,
          "x":448,
          "y":784
        }
      ],
      "opacity":1,
      "type":"objectgroup",
      "visible":false,
      "x":0,
      "y":0
    }
  ],
  "name":"DefaultObjectGroup",
  "opacity":1,
  "type":"group",
  "visible":true,
  "x":0,
  "y":0,
  "width":62,
  "height":55
}
