{
  "id":7,
  "layers":[
    {
      "draworder":"topdown",
      "id":8,
      "name":"BottomObject",
      "objects":[
        {
          "gid":3041,
          "height":16,
          "id":8,
          "name":"ToUpper",
          "properties":[
            {
              "name":"action_id",
              "type":"int",
              "value":1
            },
            {
              "name":"direction",
              "type":"int",
              "value":0
            },
            {
              "name":"entity_id",
              "type":"int",
              "value":15
            },
            {
              "name":"layer",
              "type":"int",
              "value":2
            },
            {
              "name":"link_object_id",
              "type":"int",
              "value":0
            },
            {
              "name":"object_id",
              "type":"int",
              "value":0
            },
            {
              "name":"object_type",
              "type":"int",
              "value":4
            },
            {
              "name":"script_id",
              "type":"int",
              "value":0
            }
          ],
          "rotation":0,
          "type":"",
          "visible":true,
          "width":16,
          "x":160,
          "y":192
        },
        {
          "gid":3041,
          "height":16,
          "id":9,
          "name":"ToUpper",
          "properties":[
            {
              "name":"action_id",
              "type":"int",
              "value":1
            },
            {
              "name":"direction",
              "type":"int",
              "value":0
            },
            {
              "name":"entity_id",
              "type":"int",
              "value":16
            },
            {
              "name":"layer",
              "type":"int",
              "value":2
            },
            {
              "name":"link_object_id",
              "type":"int",
              "value":0
            },
            {
              "name":"object_id",
              "type":"int",
              "value":0
            },
            {
              "name":"object_type",
              "type":"int",
              "value":4
            },
            {
              "name":"script_id",
              "type":"int",
              "value":0
            }
          ],
          "rotation":0,
          "type":"",
          "visible":true,
          "width":16,
          "x":208,
          "y":528
        },
        {
          "height":16,
          "id":10,
          "name":"TileAnimRegion",
          "properties":[
            {
              "name":"all_layers",
              "type":"bool",
              "value":true
            },
            {
              "name":"entity_id",
              "type":"int",
              "value":13
            },
            {
              "name":"object_id",
              "type":"int",
              "value":2
            },
            {
              "name":"object_type",
              "type":"int",
              "value":1
            },
            {
              "name":"reverse",
              "type":"bool",
              "value":false
            }
          ],
          "rotation":0,
          "type":"",
          "visible":true,
          "width":16,
          "x":208,
          "y":496
        },
        {
          "height":16,
          "id":11,
          "name":"TileAnimRegion",
          "properties":[
            {
              "name":"all_layers",
              "type":"bool",
              "value":true
            },
            {
              "name":"entity_id",
              "type":"int",
              "value":1
            },
            {
              "name":"object_id",
              "type":"int",
              "value":1
            },
            {
              "name":"object_type",
              "type":"int",
              "value":1
            },
            {
              "name":"reverse",
              "type":"bool",
              "value":false
            }
          ],
          "rotation":0,
          "type":"",
          "visible":true,
          "width":16,
          "x":160,
          "y":160
        },
        {
          "gid":3047,
          "height":16,
          "id":12,
          "name":"OpenTrigger",
          "properties":[
            {
              "name":"action_id",
              "type":"int",
              "value":5
            },
            {
              "name":"entity_id",
              "type":"int",
              "value":2
            },
            {
              "name":"link_object_id",
              "type":"int",
              "value":2
            },
            {
              "name":"object_id",
              "type":"int",
              "value":0
            },
            {
              "name":"object_type",
              "type":"int",
              "value":8
            },
            {
              "name":"se_id",
              "type":"int",
              "value":9
            }
          ],
          "rotation":0,
          "type":"",
          "visible":true,
          "width":16,
          "x":208,
          "y":512
        },
        {
          "gid":3047,
          "height":16,
          "id":13,
          "name":"OpenTrigger",
          "properties":[
            {
              "name":"action_id",
              "type":"int",
              "value":5
            },
            {
              "name":"entity_id",
              "type":"int",
              "value":3
            },
            {
              "name":"link_object_id",
              "type":"int",
              "value":1
            },
            {
              "name":"object_id",
              "type":"int",
              "value":0
            },
            {
              "name":"object_type",
              "type":"int",
              "value":8
            },
            {
              "name":"se_id",
              "type":"int",
              "value":9
            }
          ],
          "rotation":0,
          "type":"",
          "visible":true,
          "width":16,
          "x":160,
          "y":176
        },
        {
          "gid":3071,
          "height":16,
          "id":15,
          "name":"1450\u30ae\u30eb",
          "properties":[
            {
              "name":"accept_action_direction",
              "type":"int",
              "value":15
            },
            {
              "name":"action_id",
              "type":"int",
              "value":6
            },
            {
              "name":"asset_id",
              "type":"int",
              "value":0
            },
            {
              "name":"collision",
              "type":"bool",
              "value":true
            },
            {
              "name":"content_id",
              "type":"int",
              "value":1
            },
            {
              "name":"content_num",
              "type":"int",
              "value":1450
            },
            {
              "name":"direction",
              "type":"int",
              "value":15
            },
            {
              "name":"entity_id",
              "type":"int",
              "value":4
            },
            {
              "name":"flag_id",
              "type":"int",
              "value":132
            },
            {
              "name":"interactive_icon_type",
              "type":"int",
              "value":5
            },
            {
              "name":"link_object_id",
              "type":"int",
              "value":100
            },
            {
              "name":"message_key",
              "type":"string",
              "value":"MSG_OTHER_12"
            },
            {
              "name":"object_id",
              "type":"int",
              "value":0
            },
            {
              "name":"object_type",
              "type":"int",
              "value":7
            },
            {
              "name":"pick_up",
              "type":"bool",
              "value":false
            },
            {
              "name":"script_id",
              "type":"int",
              "value":0
            },
            {
              "name":"se_id",
              "type":"int",
              "value":909
            },
            {
              "name":"talk_target_transportation_ids",
              "type":"string",
              "value":""
            }
          ],
          "rotation":0,
          "type":"",
          "visible":false,
          "width":16,
          "x":160,
          "y":272
        },
        {
          "gid":3071,
          "height":16,
          "id":16,
          "name":"1110\u30ae\u30eb",
          "properties":[
            {
              "name":"accept_action_direction",
              "type":"int",
              "value":15
            },
            {
              "name":"action_id",
              "type":"int",
              "value":6
            },
            {
              "name":"asset_id",
              "type":"int",
              "value":0
            },
            {
              "name":"collision",
              "type":"bool",
              "value":true
            },
            {
              "name":"content_id",
              "type":"int",
              "value":1
            },
            {
              "name":"content_num",
              "type":"int",
              "value":1110
            },
            {
              "name":"direction",
              "type":"int",
              "value":15
            },
            {
              "name":"entity_id",
              "type":"int",
              "value":5
            },
            {
              "name":"flag_id",
              "type":"int",
              "value":133
            },
            {
              "name":"interactive_icon_type",
              "type":"int",
              "value":5
            },
            {
              "name":"link_object_id",
              "type":"int",
              "value":101
            },
            {
              "name":"message_key",
              "type":"string",
              "value":"MSG_OTHER_12"
            },
            {
              "name":"object_id",
              "type":"int",
              "value":0
            },
            {
              "name":"object_type",
              "type":"int",
              "value":7
            },
            {
              "name":"pick_up",
              "type":"bool",
              "value":false
            },
            {
              "name":"script_id",
              "type":"int",
              "value":0
            },
            {
              "name":"se_id",
              "type":"int",
              "value":909
            },
            {
              "name":"talk_target_transportation_ids",
              "type":"string",
              "value":""
            }
          ],
          "rotation":0,
          "type":"",
          "visible":false,
          "width":16,
          "x":208,
          "y":112
        },
        {
          "height":16,
          "id":17,
          "name":"TileAnimRegion",
          "properties":[
            {
              "name":"all_layers",
              "type":"bool",
              "value":true
            },
            {
              "name":"entity_id",
              "type":"int",
              "value":22
            },
            {
              "name":"object_id",
              "type":"int",
              "value":100
            },
            {
              "name":"object_type",
              "type":"int",
              "value":1
            },
            {
              "name":"reverse",
              "type":"bool",
              "value":false
            }
          ],
          "rotation":0,
          "type":"",
          "visible":true,
          "width":16,
          "x":160,
          "y":256
        },
        {
          "height":16,
          "id":18,
          "name":"TileAnimRegion",
          "properties":[
            {
              "name":"all_layers",
              "type":"bool",
              "value":true
            },
            {
              "name":"entity_id",
              "type":"int",
              "value":23
            },
            {
              "name":"object_id",
              "type":"int",
              "value":101
            },
            {
              "name":"object_type",
              "type":"int",
              "value":1
            },
            {
              "name":"reverse",
              "type":"bool",
              "value":false
            }
          ],
          "rotation":0,
          "type":"",
          "visible":true,
          "width":16,
          "x":208,
          "y":96
        }
      ],
      "opacity":1,
      "type":"objectgroup",
      "visible":true,
      "x":0,
      "y":0
    },
    {
      "draworder":"topdown",
      "id":12,
      "name":"UpperObject",
      "objects":[
        {
          "gid":3045,
          "height":16,
          "id":1,
          "name":"PointIn",
          "properties":[
            {
              "name":"direction",
              "type":"int",
              "value":1
            },
            {
              "name":"entity_id",
              "type":"int",
              "value":6
            },
            {
              "name":"link_object_id",
              "type":"int",
              "value":0
            },
            {
              "name":"object_id",
              "type":"int",
              "value":1
            },
            {
              "name":"object_type",
              "type":"int",
              "value":0
            },
            {
              "name":"title_id",
              "type":"string",
              "value":"MSGARA_NAME_08"
            },
            {
              "name":"title_type",
              "type":"int",
              "value":1
            }
          ],
          "rotation":0,
          "type":"",
          "visible":true,
          "width":16,
          "x":160,
          "y":192
        },
        {
          "gid":3045,
          "height":16,
          "id":2,
          "name":"PointIn",
          "properties":[
            {
              "name":"direction",
              "type":"int",
              "value":2
            },
            {
              "name":"entity_id",
              "type":"int",
              "value":7
            },
            {
              "name":"link_object_id",
              "type":"int",
              "value":0
            },
            {
              "name":"object_id",
              "type":"int",
              "value":2
            },
            {
              "name":"object_type",
              "type":"int",
              "value":0
            },
            {
              "name":"title_id",
              "type":"string",
              "value":"MSGARA_NAME_08"
            },
            {
              "name":"title_type",
              "type":"int",
              "value":1
            }
          ],
          "rotation":0,
          "type":"",
          "visible":true,
          "width":16,
          "x":144,
          "y":544
        },
        {
          "gid":3047,
          "height":16,
          "id":3,
          "name":"OpenTrigger",
          "properties":[
            {
              "name":"action_id",
              "type":"int",
              "value":5
            },
            {
              "name":"entity_id",
              "type":"int",
              "value":8
            },
            {
              "name":"link_object_id",
              "type":"int",
              "value":1
            },
            {
              "name":"object_id",
              "type":"int",
              "value":0
            },
            {
              "name":"object_type",
              "type":"int",
              "value":8
            },
            {
              "name":"se_id",
              "type":"int",
              "value":9
            }
          ],
          "rotation":0,
          "type":"",
          "visible":true,
          "width":16,
          "x":160,
          "y":176
        },
        {
          "gid":3047,
          "height":16,
          "id":4,
          "name":"OpenTrigger",
          "properties":[
            {
              "name":"action_id",
              "type":"int",
              "value":5
            },
            {
              "name":"entity_id",
              "type":"int",
              "value":9
            },
            {
              "name":"link_object_id",
              "type":"int",
              "value":2
            },
            {
              "name":"object_id",
              "type":"int",
              "value":0
            },
            {
              "name":"object_type",
              "type":"int",
              "value":8
            },
            {
              "name":"se_id",
              "type":"int",
              "value":9
            }
          ],
          "rotation":0,
          "type":"",
          "visible":true,
          "width":16,
          "x":208,
          "y":512
        },
        {
          "gid":3043,
          "height":16,
          "id":5,
          "name":"ToBottom",
          "properties":[
            {
              "name":"action_id",
              "type":"int",
              "value":1
            },
            {
              "name":"direction",
              "type":"int",
              "value":0
            },
            {
              "name":"entity_id",
              "type":"int",
              "value":17
            },
            {
              "name":"layer",
              "type":"int",
              "value":0
            },
            {
              "name":"link_object_id",
              "type":"int",
              "value":0
            },
            {
              "name":"object_id",
              "type":"int",
              "value":0
            },
            {
              "name":"object_type",
              "type":"int",
              "value":4
            },
            {
              "name":"script_id",
              "type":"int",
              "value":0
            }
          ],
          "rotation":0,
          "type":"",
          "visible":true,
          "width":16,
          "x":160,
          "y":176
        },
        {
          "gid":3043,
          "height":16,
          "id":6,
          "name":"ToBottom",
          "properties":[
            {
              "name":"action_id",
              "type":"int",
              "value":1
            },
            {
              "name":"direction",
              "type":"int",
              "value":0
            },
            {
              "name":"entity_id",
              "type":"int",
              "value":18
            },
            {
              "name":"layer",
              "type":"int",
              "value":0
            },
            {
              "name":"link_object_id",
              "type":"int",
              "value":0
            },
            {
              "name":"object_id",
              "type":"int",
              "value":0
            },
            {
              "name":"object_type",
              "type":"int",
              "value":4
            },
            {
              "name":"script_id",
              "type":"int",
              "value":0
            }
          ],
          "rotation":0,
          "type":"",
          "visible":true,
          "width":16,
          "x":208,
          "y":512
        },
        {
          "gid":3044,
          "height":16,
          "id":7,
          "name":"GotoMap",
          "properties":[
            {
              "name":"action_id",
              "type":"int",
              "value":3
            },
            {
              "name":"direction",
              "type":"int",
              "value":0
            },
            {
              "name":"entity_id",
              "type":"int",
              "value":10
            },
            {
              "name":"link_object_id",
              "type":"int",
              "value":0
            },
            {
              "name":"map_id",
              "type":"int",
              "value":102
            },
            {
              "name":"object_id",
              "type":"int",
              "value":0
            },
            {
              "name":"object_type",
              "type":"int",
              "value":3
            },
            {
              "name":"point_id",
              "type":"int",
              "value":2
            },
            {
              "name":"script_id",
              "type":"int",
              "value":0
            }
          ],
          "rotation":0,
          "type":"",
          "visible":true,
          "width":16,
          "x":160,
          "y":208
        },
        {
          "gid":3044,
          "height":16,
          "id":14,
          "name":"GotoMap",
          "properties":[
            {
              "name":"action_id",
              "type":"int",
              "value":3
            },
            {
              "name":"direction",
              "type":"int",
              "value":0
            },
            {
              "name":"entity_id",
              "type":"int",
              "value":11
            },
            {
              "name":"link_object_id",
              "type":"int",
              "value":0
            },
            {
              "name":"map_id",
              "type":"int",
              "value":97
            },
            {
              "name":"object_id",
              "type":"int",
              "value":0
            },
            {
              "name":"object_type",
              "type":"int",
              "value":3
            },
            {
              "name":"point_id",
              "type":"int",
              "value":3
            },
            {
              "name":"script_id",
              "type":"int",
              "value":0
            }
          ],
          "rotation":0,
          "type":"",
          "visible":true,
          "width":16,
          "x":128,
          "y":544
        },
        {
          "gid":3055,
          "height":16,
          "id":22,
          "name":"TelepoPoint",
          "properties":[
            {
              "name":"entity_id",
              "type":"int",
              "value":25
            },
            {
              "name":"goto_entity_id",
              "type":"int",
              "value":11
            },
            {
              "name":"object_type",
              "type":"int",
              "value":20
            },
            {
              "name":"pointin_entity_id",
              "type":"int",
              "value":7
            }
          ],
          "rotation":0,
          "type":"",
          "visible":true,
          "width":16,
          "x":160,
          "y":544
        },
        {
          "gid":3055,
          "height":16,
          "id":24,
          "name":"TelepoPoint",
          "properties":[
            {
              "name":"entity_id",
              "type":"int",
              "value":0
            },
            {
              "name":"goto_entity_id",
              "type":"int",
              "value":10
            },
            {
              "name":"object_type",
              "type":"int",
              "value":20
            },
            {
              "name":"pointin_entity_id",
              "type":"int",
              "value":6
            }
          ],
          "rotation":0,
          "type":"",
          "visible":true,
          "width":16,
          "x":160,
          "y":224
        }
      ],
      "opacity":1,
      "type":"objectgroup",
      "visible":true,
      "x":0,
      "y":0
    },
    {
      "draworder":"topdown",
      "id":13,
      "name":"MinimapObject",
      "objects":[
        {
          "gid":3017,
          "height":16,
          "id":19,
          "name":"\u968e\u6bb5",
          "properties":[
            {
              "name":"direction",
              "type":"int",
              "value":1
            },
            {
              "name":"entity_id",
              "type":"int",
              "value":20
            },
            {
              "name":"minimap_icon_type",
              "type":"int",
              "value":2
            },
            {
              "name":"object_id",
              "type":"int",
              "value":0
            },
            {
              "name":"object_type",
              "type":"int",
              "value":18
            }
          ],
          "rotation":0,
          "type":"",
          "visible":true,
          "width":16,
          "x":160,
          "y":208
        },
        {
          "gid":3017,
          "height":16,
          "id":20,
          "name":"\u968e\u6bb5",
          "properties":[
            {
              "name":"direction",
              "type":"int",
              "value":4
            },
            {
              "name":"entity_id",
              "type":"int",
              "value":21
            },
            {
              "name":"minimap_icon_type",
              "type":"int",
              "value":2
            },
            {
              "name":"object_id",
              "type":"int",
              "value":0
            },
            {
              "name":"object_type",
              "type":"int",
              "value":18
            }
          ],
          "rotation":0,
          "type":"",
          "visible":true,
          "width":16,
          "x":128,
          "y":544
        }
      ],
      "opacity":1,
      "type":"objectgroup",
      "visible":false,
      "x":0,
      "y":0
    }
  ],
  "name":"DefaultObjectGroup",
  "opacity":1,
  "type":"group",
  "visible":true,
  "x":0,
  "y":0,
  "width":24,
  "height":39
}
