{"SystemFlag":{"SkipInitialize":0,"KeepPlayerPuppet":0,"KeepBadStatusVisual":0,"RidingVehicle":0},"Segments":[{"Label":"Main","EntryPoint":0,"Count":36},{"Label":"リッチ消去","EntryPoint":36,"Count":19},{"Label":"0001","EntryPoint":55,"Count":15},{"Label":"カメラ移動","EntryPoint":70,"Count":7},{"Label":"0002","EntryPoint":77,"Count":7},{"Label":"0003","EntryPoint":84,"Count":27},{"Label":"0004","EntryPoint":111,"Count":11},{"Label":"0005","EntryPoint":122,"Count":7},{"Label":"0008","EntryPoint":129,"Count":22},{"Label":"0009","EntryPoint":151,"Count":23},{"Label":"バンザイ","EntryPoint":174,"Count":19},{"Label":"0011","EntryPoint":193,"Count":23},{"Label":"0012","EntryPoint":216,"Count":11}],"ScriptLocal":["-1:なし","0:-1:なし"],"ScriptLocalValue":[0,0],"Mnemonics":[{"label":"Main","mnemonic":"Nop","operands":{"iValues":[],"rValues":[],"sValues":[]},"type":1,"comment":""},{"label":"","mnemonic":"SysCall","operands":{"iValues":[0,0,0,0,0,0,0,0],"rValues":[0.0,0.0,0.0,0.0,0.0,0.0,0.0,0.0],"sValues":["屋根(開く)","","","","","","",""]},"type":1,"comment":""},{"label":"","mnemonic":"StopBGM","operands":{"iValues":[0,0,0,0,0,0,0,0],"rValues":[0.0,0.0,0.0,0.0,0.0,0.0,0.0,0.0],"sValues":["","","","","","","",""]},"type":1,"comment":""},{"label":"","mnemonic":"Call","operands":{"iValues":[36,0,0,0,0,0,0,0],"rValues":[0.0,0.0,0.0,0.0,0.0,0.0,0.0,0.0],"sValues":["","","","","","","",""]},"type":1,"comment":""},{"label":"","mnemonic":"Call","operands":{"iValues":[55,0,0,0,0,0,0,0],"rValues":[0.0,0.0,0.0,0.0,0.0,0.0,0.0,0.0],"sValues":["","","","","","","",""]},"type":1,"comment":""},{"label":"","mnemonic":"FadeIn","operands":{"iValues":[0,0,0,0,0,0,0,0],"rValues":[0.7,0.0,0.0,0.0,0.0,0.0,0.0,0.0],"sValues":["","","","","","","",""]},"type":1,"comment":""},{"label":"","mnemonic":"Wait","operands":{"iValues":[0,0,0,0,0,0,0,0],"rValues":[0.7,0.0,0.0,0.0,0.0,0.0,0.0,0.0],"sValues":["","","","","","","",""]},"type":1,"comment":""},{"label":"","mnemonic":"Call","operands":{"iValues":[70,0,0,0,0,0,0,0],"rValues":[0.0,0.0,0.0,0.0,0.0,0.0,0.0,0.0],"sValues":["","","","","","","",""]},"type":1,"comment":""},{"label":"","mnemonic":"Call","operands":{"iValues":[77,0,0,0,0,0,0,0],"rValues":[0.0,0.0,0.0,0.0,0.0,0.0,0.0,0.0],"sValues":["","","","","","","",""]},"type":1,"comment":""},{"label":"","mnemonic":"Call","operands":{"iValues":[84,0,0,0,0,0,0,0],"rValues":[0.0,0.0,0.0,0.0,0.0,0.0,0.0,0.0],"sValues":["","","","","","","",""]},"type":1,"comment":""},{"label":"","mnemonic":"Wait","operands":{"iValues":[0,0,0,0,0,0,0,0],"rValues":[0.35,0.0,0.0,0.0,0.0,0.0,0.0,0.0],"sValues":["","","","","","","",""]},"type":1,"comment":""},{"label":"","mnemonic":"StopBGM","operands":{"iValues":[0,0,0,0,0,0,0,0],"rValues":[0.7,0.0,0.0,0.0,0.0,0.0,0.0,0.0],"sValues":["","","","","","","",""]},"type":1,"comment":""},{"label":"","mnemonic":"Call","operands":{"iValues":[111,0,0,0,0,0,0,0],"rValues":[0.0,0.0,0.0,0.0,0.0,0.0,0.0,0.0],"sValues":["","","","","","","",""]},"type":1,"comment":""},{"label":"","mnemonic":"PlaySE","operands":{"iValues":[101,1,-1,0,0,0,0,0],"rValues":[0.0,0.0,0.0,0.0,0.0,0.0,0.0,0.0],"sValues":["","","","","","","",""]},"type":1,"comment":""},{"label":"","mnemonic":"Wait","operands":{"iValues":[0,0,0,0,0,0,0,0],"rValues":[0.05,0.0,0.0,0.0,0.0,0.0,0.0,0.0],"sValues":["","","","","","","",""]},"type":1,"comment":""},{"label":"","mnemonic":"Call","operands":{"iValues":[122,0,0,0,0,0,0,0],"rValues":[0.0,0.0,0.0,0.0,0.0,0.0,0.0,0.0],"sValues":["","","","","","","",""]},"type":1,"comment":""},{"label":"","mnemonic":"Wait","operands":{"iValues":[0,0,0,0,0,0,0,0],"rValues":[2.0,0.0,0.0,0.0,0.0,0.0,0.0,0.0],"sValues":["","","","","","","",""]},"type":1,"comment":""},{"label":"","mnemonic":"FadeIn","operands":{"iValues":[255,255,255,255,0,0,0,0],"rValues":[0.35,0.0,0.0,0.0,0.0,0.0,0.0,0.0],"sValues":["","","","","","","",""]},"type":1,"comment":""},{"label":"","mnemonic":"Wait","operands":{"iValues":[0,0,0,0,0,0,0,0],"rValues":[1.05,0.0,0.0,0.0,0.0,0.0,0.0,0.0],"sValues":["","","","","","","",""]},"type":1,"comment":""},{"label":"","mnemonic":"Call","operands":{"iValues":[129,0,0,0,0,0,0,0],"rValues":[0.0,0.0,0.0,0.0,0.0,0.0,0.0,0.0],"sValues":["","","","","","","",""]},"type":1,"comment":""},{"label":"","mnemonic":"Wait","operands":{"iValues":[0,0,0,0,0,0,0,0],"rValues":[0.7,0.0,0.0,0.0,0.0,0.0,0.0,0.0],"sValues":["","","","","","","",""]},"type":1,"comment":""},{"label":"","mnemonic":"Call","operands":{"iValues":[151,0,0,0,0,0,0,0],"rValues":[0.0,0.0,0.0,0.0,0.0,0.0,0.0,0.0],"sValues":["","","","","","","",""]},"type":1,"comment":""},{"label":"","mnemonic":"Wait","operands":{"iValues":[0,0,0,0,0,0,0,0],"rValues":[0.7,0.0,0.0,0.0,0.0,0.0,0.0,0.0],"sValues":["","","","","","","",""]},"type":1,"comment":""},{"label":"","mnemonic":"SysCall","operands":{"iValues":[0,0,0,0,0,0,0,0],"rValues":[0.0,0.0,0.0,0.0,0.0,0.0,0.0,0.0],"sValues":["黄色クリスタル点灯","","","","","","",""]},"type":1,"comment":""},{"label":"","mnemonic":"Call","operands":{"iValues":[174,0,0,0,0,0,0,0],"rValues":[0.0,0.0,0.0,0.0,0.0,0.0,0.0,0.0],"sValues":["","","","","","","",""]},"type":1,"comment":""},{"label":"","mnemonic":"Wait","operands":{"iValues":[0,0,0,0,0,0,0,0],"rValues":[0.7,0.0,0.0,0.0,0.0,0.0,0.0,0.0],"sValues":["","","","","","","",""]},"type":1,"comment":""},{"label":"","mnemonic":"Call","operands":{"iValues":[193,0,0,0,0,0,0,0],"rValues":[0.0,0.0,0.0,0.0,0.0,0.0,0.0,0.0],"sValues":["","","","","","","",""]},"type":1,"comment":""},{"label":"","mnemonic":"MsgFunfare","operands":{"iValues":[0,0,84,0,0,0,0,0],"rValues":[0.0,0.0,0.0,0.0,0.0,0.0,0.0,0.0],"sValues":["MSG_KEY_32","","","","","","",""]},"type":1,"comment":""},{"label":"","mnemonic":"PlayBGM","operands":{"iValues":[7,1,0,0,0,0,0,0],"rValues":[0.0,0.0,0.0,0.0,0.0,0.0,0.0,0.0],"sValues":["","","","","","","",""]},"type":1,"comment":""},{"label":"","mnemonic":"Call","operands":{"iValues":[216,0,0,0,0,0,0,0],"rValues":[0.0,0.0,0.0,0.0,0.0,0.0,0.0,0.0],"sValues":["","","","","","","",""]},"type":1,"comment":""},{"label":"","mnemonic":"SetEntities","operands":{"iValues":[0,0,0,0,0,0,0,0],"rValues":[0.0,0.0,0.0,0.0,0.0,0.0,0.0,0.0],"sValues":["ev_e_0022","","","","","","",""]},"type":1,"comment":""},{"label":"","mnemonic":"SetFlag","operands":{"iValues":[121,0,0,0,0,0,0,0],"rValues":[0.0,0.0,0.0,0.0,0.0,0.0,0.0,0.0],"sValues":["ScenarioFlag1","","","","","","",""]},"type":1,"comment":""},{"label":"","mnemonic":"Wait","operands":{"iValues":[0,0,0,0,0,0,0,0],"rValues":[0.01,0.0,0.0,0.0,0.0,0.0,0.0,0.0],"sValues":["","","","","","","",""]},"type":1,"comment":""},{"label":"","mnemonic":"SetFlag","operands":{"iValues":[32,0,0,0,0,0,0,0],"rValues":[0.0,0.0,0.0,0.0,0.0,0.0,0.0,0.0],"sValues":["ScenarioFlag1","","","","","","",""]},"type":1,"comment":""},{"label":"","mnemonic":"SetFlag","operands":{"iValues":[121,0,0,0,0,0,0,0],"rValues":[0.0,0.0,0.0,0.0,0.0,0.0,0.0,0.0],"sValues":["ScenarioFlag1","","","","","","",""]},"type":1,"comment":""},{"label":"","mnemonic":"Exit","operands":{"iValues":[0,0,0,0,0,0,0,0],"rValues":[0.0,0.0,0.0,0.0,0.0,0.0,0.0,0.0],"sValues":["","","","","","","",""]},"type":1,"comment":""},{"label":"リッチ消去","mnemonic":"Nop","operands":{"iValues":[],"rValues":[],"sValues":[]},"type":2,"comment":""},{"label":"","mnemonic":"SetPuppet","operands":{"iValues":[0,37,43,0,0,0,0,0],"rValues":[0.0,0.0,0.0,0.0,0.0,0.0,0.0,0.0],"sValues":["","","","","","","",""]},"type":2,"comment":""},{"label":"","mnemonic":"SetPuppet","operands":{"iValues":[1,-1001,46,0,0,0,0,0],"rValues":[0.0,0.0,0.0,0.0,0.0,0.0,0.0,0.0],"sValues":["","","","","","","",""]},"type":2,"comment":""},{"label":"","mnemonic":"SetPuppet","operands":{"iValues":[2,0,49,0,0,0,0,0],"rValues":[0.0,0.0,0.0,0.0,0.0,0.0,0.0,0.0],"sValues":["","","","","","","",""]},"type":2,"comment":""},{"label":"","mnemonic":"SetPuppet","operands":{"iValues":[3,33,52,0,0,0,0,0],"rValues":[0.0,0.0,0.0,0.0,0.0,0.0,0.0,0.0],"sValues":["","","","","","","",""]},"type":2,"comment":""},{"label":"","mnemonic":"ExecPuppet","operands":{"iValues":[0,0,0,0,0,0,0,0],"rValues":[0.0,0.0,0.0,0.0,0.0,0.0,0.0,0.0],"sValues":["","","","","","","",""]},"type":2,"comment":""},{"label":"","mnemonic":"Return","operands":{"iValues":[0,0,0,0,0,0,0,0],"rValues":[0.0,0.0,0.0,0.0,0.0,0.0,0.0,0.0],"sValues":["","","","","","","",""]},"type":2,"comment":""},{"label":"リッチ消去_00","mnemonic":"Nop","operands":{"iValues":[],"rValues":[],"sValues":[]},"type":2,"comment":""},{"label":"","mnemonic":"Hide","operands":{"iValues":[0,0,0,0,0,0,0,0],"rValues":[0.0,0.0,0.0,0.0,0.0,0.0,0.0,0.0],"sValues":["","","","","","","",""]},"type":2,"comment":""},{"label":"","mnemonic":"Exit","operands":{"iValues":[0,0,0,0,0,0,0,0],"rValues":[0.0,0.0,0.0,0.0,0.0,0.0,0.0,0.0],"sValues":["","","","","","","",""]},"type":2,"comment":""},{"label":"リッチ消去_01","mnemonic":"Nop","operands":{"iValues":[],"rValues":[],"sValues":[]},"type":2,"comment":""},{"label":"","mnemonic":"SetPos","operands":{"iValues":[13,30,1,0,0,0,0,0],"rValues":[0.0,0.0,0.0,0.0,0.0,0.0,0.0,0.0],"sValues":["","","","","","","",""]},"type":2,"comment":""},{"label":"","mnemonic":"Exit","operands":{"iValues":[0,0,0,0,0,0,0,0],"rValues":[0.0,0.0,0.0,0.0,0.0,0.0,0.0,0.0],"sValues":["","","","","","","",""]},"type":2,"comment":""},{"label":"リッチ消去_02","mnemonic":"Nop","operands":{"iValues":[],"rValues":[],"sValues":[]},"type":2,"comment":""},{"label":"","mnemonic":"SetPos","operands":{"iValues":[13,30,1,0,0,0,0,0],"rValues":[0.0,0.0,0.0,0.0,0.0,0.0,0.0,0.0],"sValues":["","","","","","","",""]},"type":2,"comment":""},{"label":"","mnemonic":"Exit","operands":{"iValues":[0,0,0,0,0,0,0,0],"rValues":[0.0,0.0,0.0,0.0,0.0,0.0,0.0,0.0],"sValues":["","","","","","","",""]},"type":2,"comment":""},{"label":"リッチ消去_03","mnemonic":"Nop","operands":{"iValues":[],"rValues":[],"sValues":[]},"type":2,"comment":""},{"label":"","mnemonic":"Hide","operands":{"iValues":[0,0,0,0,0,0,0,0],"rValues":[0.0,0.0,0.0,0.0,0.0,0.0,0.0,0.0],"sValues":["","","","","","","",""]},"type":2,"comment":""},{"label":"","mnemonic":"Exit","operands":{"iValues":[0,0,0,0,0,0,0,0],"rValues":[0.0,0.0,0.0,0.0,0.0,0.0,0.0,0.0],"sValues":["","","","","","","",""]},"type":2,"comment":""},{"label":"0001","mnemonic":"Nop","operands":{"iValues":[],"rValues":[],"sValues":[]},"type":2,"comment":""},{"label":"","mnemonic":"SetPuppet","operands":{"iValues":[2,35,60,0,0,0,0,0],"rValues":[0.0,0.0,0.0,0.0,0.0,0.0,0.0,0.0],"sValues":["","","","","","","",""]},"type":2,"comment":""},{"label":"","mnemonic":"SetPuppet","operands":{"iValues":[3,34,65,0,0,0,0,0],"rValues":[0.0,0.0,0.0,0.0,0.0,0.0,0.0,0.0],"sValues":["","","","","","","",""]},"type":2,"comment":""},{"label":"","mnemonic":"ExecPuppet","operands":{"iValues":[0,0,0,0,0,0,0,0],"rValues":[0.0,0.0,0.0,0.0,0.0,0.0,0.0,0.0],"sValues":["","","","","","","",""]},"type":2,"comment":""},{"label":"","mnemonic":"Return","operands":{"iValues":[0,0,0,0,0,0,0,0],"rValues":[0.0,0.0,0.0,0.0,0.0,0.0,0.0,0.0],"sValues":["","","","","","","",""]},"type":2,"comment":""},{"label":"0001_02","mnemonic":"Nop","operands":{"iValues":[],"rValues":[],"sValues":[]},"type":2,"comment":""},{"label":"","mnemonic":"SetPos","operands":{"iValues":[13,25,1,0,0,0,0,0],"rValues":[0.0,0.0,0.0,0.0,0.0,0.0,0.0,0.0],"sValues":["blink","","","","","","",""]},"type":2,"comment":""},{"label":"","mnemonic":"Show","operands":{"iValues":[0,0,0,0,0,0,0,0],"rValues":[0.0,0.0,0.0,0.0,0.0,0.0,0.0,0.0],"sValues":["","","","","","","",""]},"type":2,"comment":""},{"label":"","mnemonic":"PlayAnim","operands":{"iValues":[0,-1,0,0,0,0,0,0],"rValues":[0.0,0.0,0.0,0.0,0.0,0.0,0.0,0.0],"sValues":["blink","","","","","","",""]},"type":2,"comment":""},{"label":"","mnemonic":"Exit","operands":{"iValues":[0,0,0,0,0,0,0,0],"rValues":[0.0,0.0,0.0,0.0,0.0,0.0,0.0,0.0],"sValues":["","","","","","","",""]},"type":2,"comment":""},{"label":"0001_03","mnemonic":"Nop","operands":{"iValues":[],"rValues":[],"sValues":[]},"type":2,"comment":""},{"label":"","mnemonic":"SetPos","operands":{"iValues":[13,27,1,0,0,0,0,0],"rValues":[0.0,0.0,0.0,0.0,0.0,0.0,0.0,0.0],"sValues":["Default","","","","","","",""]},"type":2,"comment":""},{"label":"","mnemonic":"Show","operands":{"iValues":[0,0,0,0,0,0,0,0],"rValues":[0.0,0.0,0.0,0.0,0.0,0.0,0.0,0.0],"sValues":["","","","","","","",""]},"type":2,"comment":""},{"label":"","mnemonic":"PlayAnim","operands":{"iValues":[0,-1,0,0,0,0,0,0],"rValues":[1.0,0.0,0.0,0.0,0.0,0.0,0.0,0.0],"sValues":["Default","","","","","","",""]},"type":2,"comment":""},{"label":"","mnemonic":"Exit","operands":{"iValues":[0,0,0,0,0,0,0,0],"rValues":[0.0,0.0,0.0,0.0,0.0,0.0,0.0,0.0],"sValues":["","","","","","","",""]},"type":2,"comment":""},{"label":"カメラ移動","mnemonic":"Nop","operands":{"iValues":[],"rValues":[],"sValues":[]},"type":2,"comment":""},{"label":"","mnemonic":"SetPuppet","operands":{"iValues":[0,0,74,0,0,0,0,0],"rValues":[0.0,0.0,0.0,0.0,0.0,0.0,0.0,0.0],"sValues":["","","","","","","",""]},"type":2,"comment":""},{"label":"","mnemonic":"ExecPuppet","operands":{"iValues":[0,0,0,0,0,0,0,0],"rValues":[0.0,0.0,0.0,0.0,0.0,0.0,0.0,0.0],"sValues":["","","","","","","",""]},"type":2,"comment":""},{"label":"","mnemonic":"Return","operands":{"iValues":[0,0,0,0,0,0,0,0],"rValues":[0.0,0.0,0.0,0.0,0.0,0.0,0.0,0.0],"sValues":["","","","","","","",""]},"type":2,"comment":""},{"label":"カメラ移動_00","mnemonic":"Nop","operands":{"iValues":[],"rValues":[],"sValues":[]},"type":2,"comment":""},{"label":"","mnemonic":"Move","operands":{"iValues":[0,1,1,0,0,0,0,0],"rValues":[0.0,0.0,0.0,0.0,0.0,0.0,0.0,0.0],"sValues":["","","","","","","",""]},"type":2,"comment":""},{"label":"","mnemonic":"Exit","operands":{"iValues":[0,0,0,0,0,0,0,0],"rValues":[0.0,0.0,0.0,0.0,0.0,0.0,0.0,0.0],"sValues":["","","","","","","",""]},"type":2,"comment":""},{"label":"0002","mnemonic":"Nop","operands":{"iValues":[],"rValues":[],"sValues":[]},"type":2,"comment":""},{"label":"","mnemonic":"SetPuppet","operands":{"iValues":[0,-1001,81,0,0,0,0,0],"rValues":[0.0,0.0,0.0,0.0,0.0,0.0,0.0,0.0],"sValues":["","","","","","","",""]},"type":2,"comment":""},{"label":"","mnemonic":"ExecPuppet","operands":{"iValues":[0,0,0,0,0,0,0,0],"rValues":[0.0,0.0,0.0,0.0,0.0,0.0,0.0,0.0],"sValues":["","","","","","","",""]},"type":2,"comment":""},{"label":"","mnemonic":"Return","operands":{"iValues":[0,0,0,0,0,0,0,0],"rValues":[0.0,0.0,0.0,0.0,0.0,0.0,0.0,0.0],"sValues":["","","","","","","",""]},"type":2,"comment":""},{"label":"0002_00","mnemonic":"Nop","operands":{"iValues":[],"rValues":[],"sValues":[]},"type":2,"comment":""},{"label":"","mnemonic":"Move","operands":{"iValues":[0,1,3,0,0,0,0,0],"rValues":[0.0,0.0,0.0,0.0,0.0,0.0,0.0,0.0],"sValues":["WalkB","","","","","","",""]},"type":2,"comment":""},{"label":"","mnemonic":"Exit","operands":{"iValues":[0,0,0,0,0,0,0,0],"rValues":[0.0,0.0,0.0,0.0,0.0,0.0,0.0,0.0],"sValues":["","","","","","","",""]},"type":2,"comment":""},{"label":"0003","mnemonic":"Nop","operands":{"iValues":[],"rValues":[],"sValues":[]},"type":2,"comment":""},{"label":"","mnemonic":"SetPuppet","operands":{"iValues":[0,-1002,90,0,0,0,0,0],"rValues":[0.0,0.0,0.0,0.0,0.0,0.0,0.0,0.0],"sValues":["","","","","","","",""]},"type":2,"comment":""},{"label":"","mnemonic":"SetPuppet","operands":{"iValues":[1,-1003,97,0,0,0,0,0],"rValues":[0.0,0.0,0.0,0.0,0.0,0.0,0.0,0.0],"sValues":["","","","","","","",""]},"type":2,"comment":""},{"label":"","mnemonic":"SetPuppet","operands":{"iValues":[2,-1004,104,0,0,0,0,0],"rValues":[0.0,0.0,0.0,0.0,0.0,0.0,0.0,0.0],"sValues":["","","","","","","",""]},"type":2,"comment":""},{"label":"","mnemonic":"ExecPuppet","operands":{"iValues":[0,0,0,0,0,0,0,0],"rValues":[0.0,0.0,0.0,0.0,0.0,0.0,0.0,0.0],"sValues":["","","","","","","",""]},"type":2,"comment":""},{"label":"","mnemonic":"Return","operands":{"iValues":[0,0,0,0,0,0,0,0],"rValues":[0.0,0.0,0.0,0.0,0.0,0.0,0.0,0.0],"sValues":["","","","","","","",""]},"type":2,"comment":""},{"label":"0003_00","mnemonic":"Nop","operands":{"iValues":[],"rValues":[],"sValues":[]},"type":2,"comment":""},{"label":"","mnemonic":"SetPos","operands":{"iValues":[13,29,1,0,0,0,0,0],"rValues":[0.0,0.0,0.0,0.0,0.0,0.0,0.0,0.0],"sValues":["WalkL","","","","","","",""]},"type":2,"comment":""},{"label":"","mnemonic":"Show","operands":{"iValues":[0,0,0,0,0,0,0,0],"rValues":[0.0,0.0,0.0,0.0,0.0,0.0,0.0,0.0],"sValues":["","","","","","","",""]},"type":2,"comment":""},{"label":"","mnemonic":"Move","operands":{"iValues":[3,1,1,0,0,0,0,0],"rValues":[0.0,0.0,0.0,0.0,0.0,0.0,0.0,0.0],"sValues":["WalkL","","","","","","",""]},"type":2,"comment":""},{"label":"","mnemonic":"Wait","operands":{"iValues":[0,0,0,0,0,0,0,0],"rValues":[0.35,0.0,0.0,0.0,0.0,0.0,0.0,0.0],"sValues":["","","","","","","",""]},"type":2,"comment":""},{"label":"","mnemonic":"CueAnim","operands":{"iValues":[0,0,0,0,0,0,0,0],"rValues":[1.0,0.0,0.0,0.0,0.0,0.0,0.0,0.0],"sValues":["WalkB","","","","","","",""]},"type":2,"comment":""},{"label":"","mnemonic":"Exit","operands":{"iValues":[0,0,0,0,0,0,0,0],"rValues":[0.0,0.0,0.0,0.0,0.0,0.0,0.0,0.0],"sValues":["","","","","","","",""]},"type":2,"comment":""},{"label":"0003_01","mnemonic":"Nop","operands":{"iValues":[],"rValues":[],"sValues":[]},"type":2,"comment":""},{"label":"","mnemonic":"SetPos","operands":{"iValues":[13,29,1,0,0,0,0,0],"rValues":[0.0,0.0,0.0,0.0,0.0,0.0,0.0,0.0],"sValues":["WalkR","","","","","","",""]},"type":2,"comment":""},{"label":"","mnemonic":"Show","operands":{"iValues":[0,0,0,0,0,0,0,0],"rValues":[0.0,0.0,0.0,0.0,0.0,0.0,0.0,0.0],"sValues":["","","","","","","",""]},"type":2,"comment":""},{"label":"","mnemonic":"Move","operands":{"iValues":[1,1,1,0,0,0,0,0],"rValues":[0.0,0.0,0.0,0.0,0.0,0.0,0.0,0.0],"sValues":["WalkR","","","","","","",""]},"type":2,"comment":""},{"label":"","mnemonic":"Wait","operands":{"iValues":[0,0,0,0,0,0,0,0],"rValues":[0.35,0.0,0.0,0.0,0.0,0.0,0.0,0.0],"sValues":["","","","","","","",""]},"type":2,"comment":""},{"label":"","mnemonic":"CueAnim","operands":{"iValues":[0,0,0,0,0,0,0,0],"rValues":[1.0,0.0,0.0,0.0,0.0,0.0,0.0,0.0],"sValues":["WalkB","","","","","","",""]},"type":2,"comment":""},{"label":"","mnemonic":"Exit","operands":{"iValues":[0,0,0,0,0,0,0,0],"rValues":[0.0,0.0,0.0,0.0,0.0,0.0,0.0,0.0],"sValues":["","","","","","","",""]},"type":2,"comment":""},{"label":"0003_02","mnemonic":"Nop","operands":{"iValues":[],"rValues":[],"sValues":[]},"type":2,"comment":""},{"label":"","mnemonic":"SetPos","operands":{"iValues":[13,29,1,0,0,0,0,0],"rValues":[0.0,0.0,0.0,0.0,0.0,0.0,0.0,0.0],"sValues":["Default","","","","","","",""]},"type":2,"comment":""},{"label":"","mnemonic":"Show","operands":{"iValues":[0,0,0,0,0,0,0,0],"rValues":[0.0,0.0,0.0,0.0,0.0,0.0,0.0,0.0],"sValues":["","","","","","","",""]},"type":2,"comment":""},{"label":"","mnemonic":"Move","operands":{"iValues":[2,1,1,0,0,0,0,0],"rValues":[0.0,0.0,0.0,0.0,0.0,0.0,0.0,0.0],"sValues":["Default","","","","","","",""]},"type":2,"comment":""},{"label":"","mnemonic":"Wait","operands":{"iValues":[0,0,0,0,0,0,0,0],"rValues":[0.35,0.0,0.0,0.0,0.0,0.0,0.0,0.0],"sValues":["","","","","","","",""]},"type":2,"comment":""},{"label":"","mnemonic":"CueAnim","operands":{"iValues":[0,0,0,0,0,0,0,0],"rValues":[1.0,0.0,0.0,0.0,0.0,0.0,0.0,0.0],"sValues":["WalkB","","","","","","",""]},"type":2,"comment":""},{"label":"","mnemonic":"Exit","operands":{"iValues":[0,0,0,0,0,0,0,0],"rValues":[0.0,0.0,0.0,0.0,0.0,0.0,0.0,0.0],"sValues":["","","","","","","",""]},"type":2,"comment":""},{"label":"0004","mnemonic":"Nop","operands":{"iValues":[],"rValues":[],"sValues":[]},"type":2,"comment":""},{"label":"","mnemonic":"SetPuppet","operands":{"iValues":[0,28,115,0,0,0,0,0],"rValues":[0.0,0.0,0.0,0.0,0.0,0.0,0.0,0.0],"sValues":["","","","","","","",""]},"type":2,"comment":""},{"label":"","mnemonic":"ExecPuppet","operands":{"iValues":[0,0,0,0,0,0,0,0],"rValues":[0.0,0.0,0.0,0.0,0.0,0.0,0.0,0.0],"sValues":["","","","","","","",""]},"type":2,"comment":""},{"label":"","mnemonic":"Return","operands":{"iValues":[0,0,0,0,0,0,0,0],"rValues":[0.0,0.0,0.0,0.0,0.0,0.0,0.0,0.0],"sValues":["","","","","","","",""]},"type":2,"comment":""},{"label":"0004_00","mnemonic":"Nop","operands":{"iValues":[],"rValues":[],"sValues":[]},"type":2,"comment":""},{"label":"","mnemonic":"SetPos","operands":{"iValues":[13,28,1,0,0,0,0,0],"rValues":[0.0,0.0,0.0,0.0,0.0,0.0,0.0,0.0],"sValues":["Default","","","","","","",""]},"type":2,"comment":""},{"label":"","mnemonic":"Show","operands":{"iValues":[0,0,0,0,0,0,0,0],"rValues":[0.0,0.0,0.0,0.0,0.0,0.0,0.0,0.0],"sValues":["","","","","","","",""]},"type":2,"comment":""},{"label":"","mnemonic":"CueAnim","operands":{"iValues":[0,0,0,0,0,0,0,0],"rValues":[1.0,0.0,0.0,0.0,0.0,0.0,0.0,0.0],"sValues":["shine","","","","","","",""]},"type":2,"comment":""},{"label":"","mnemonic":"Wait","operands":{"iValues":[0,0,0,0,0,0,0,0],"rValues":[0.7,0.0,0.0,0.0,0.0,0.0,0.0,0.0],"sValues":["","","","","","","",""]},"type":2,"comment":""},{"label":"","mnemonic":"PlayAnim","operands":{"iValues":[0,1,0,0,0,0,0,0],"rValues":[1.0,0.0,0.0,0.0,0.0,0.0,0.0,0.0],"sValues":["shine","","","","","","",""]},"type":2,"comment":""},{"label":"","mnemonic":"Exit","operands":{"iValues":[0,0,0,0,0,0,0,0],"rValues":[0.0,0.0,0.0,0.0,0.0,0.0,0.0,0.0],"sValues":["","","","","","","",""]},"type":2,"comment":""},{"label":"0005","mnemonic":"Nop","operands":{"iValues":[],"rValues":[],"sValues":[]},"type":2,"comment":""},{"label":"","mnemonic":"SetPuppet","operands":{"iValues":[0,28,126,0,0,0,0,0],"rValues":[0.0,0.0,0.0,0.0,0.0,0.0,0.0,0.0],"sValues":["","","","","","","",""]},"type":2,"comment":""},{"label":"","mnemonic":"ExecPuppet","operands":{"iValues":[0,0,0,0,0,0,0,0],"rValues":[0.0,0.0,0.0,0.0,0.0,0.0,0.0,0.0],"sValues":["","","","","","","",""]},"type":2,"comment":""},{"label":"","mnemonic":"Return","operands":{"iValues":[0,0,0,0,0,0,0,0],"rValues":[0.0,0.0,0.0,0.0,0.0,0.0,0.0,0.0],"sValues":["","","","","","","",""]},"type":2,"comment":""},{"label":"0005_00","mnemonic":"Nop","operands":{"iValues":[],"rValues":[],"sValues":[]},"type":2,"comment":""},{"label":"","mnemonic":"Hide","operands":{"iValues":[0,0,0,0,0,0,0,0],"rValues":[0.0,0.0,0.0,0.0,0.0,0.0,0.0,0.0],"sValues":["","","","","","","",""]},"type":2,"comment":""},{"label":"","mnemonic":"Exit","operands":{"iValues":[0,0,0,0,0,0,0,0],"rValues":[0.0,0.0,0.0,0.0,0.0,0.0,0.0,0.0],"sValues":["","","","","","","",""]},"type":2,"comment":""},{"label":"0008","mnemonic":"Nop","operands":{"iValues":[],"rValues":[],"sValues":[]},"type":2,"comment":""},{"label":"","mnemonic":"SetPuppet","operands":{"iValues":[0,29,133,0,0,0,0,0],"rValues":[0.0,0.0,0.0,0.0,0.0,0.0,0.0,0.0],"sValues":["","","","","","","",""]},"type":2,"comment":""},{"label":"","mnemonic":"ExecPuppet","operands":{"iValues":[0,0,0,0,0,0,0,0],"rValues":[0.0,0.0,0.0,0.0,0.0,0.0,0.0,0.0],"sValues":["","","","","","","",""]},"type":2,"comment":""},{"label":"","mnemonic":"Return","operands":{"iValues":[0,0,0,0,0,0,0,0],"rValues":[0.0,0.0,0.0,0.0,0.0,0.0,0.0,0.0],"sValues":["","","","","","","",""]},"type":2,"comment":""},{"label":"0008_00","mnemonic":"Nop","operands":{"iValues":[],"rValues":[],"sValues":[]},"type":2,"comment":""},{"label":"","mnemonic":"SetPos","operands":{"iValues":[13,27,3,0,0,0,0,0],"rValues":[0.0,0.0,0.0,0.0,0.0,0.0,0.0,0.0],"sValues":["Default","","","","","","",""]},"type":2,"comment":""},{"label":"","mnemonic":"PlayAnim","operands":{"iValues":[0,-1,0,0,0,0,0,0],"rValues":[1.0,0.0,0.0,0.0,0.0,0.0,0.0,0.0],"sValues":["Default","","","","","","",""]},"type":2,"comment":""},{"label":"","mnemonic":"Show","operands":{"iValues":[0,0,0,0,0,0,0,0],"rValues":[0.0,0.0,0.0,0.0,0.0,0.0,0.0,0.0],"sValues":["","","","","","","",""]},"type":2,"comment":""},{"label":"","mnemonic":"Wait","operands":{"iValues":[0,0,0,0,0,0,0,0],"rValues":[0.7,0.0,0.0,0.0,0.0,0.0,0.0,0.0],"sValues":["","","","","","","",""]},"type":2,"comment":""},{"label":"","mnemonic":"Hide","operands":{"iValues":[0,0,0,0,0,0,0,0],"rValues":[0.0,0.0,0.0,0.0,0.0,0.0,0.0,0.0],"sValues":["","","","","","","",""]},"type":2,"comment":""},{"label":"","mnemonic":"Wait","operands":{"iValues":[0,0,0,0,0,0,0,0],"rValues":[0.7,0.0,0.0,0.0,0.0,0.0,0.0,0.0],"sValues":["","","","","","","",""]},"type":2,"comment":""},{"label":"","mnemonic":"Show","operands":{"iValues":[0,0,0,0,0,0,0,0],"rValues":[0.7,0.0,0.0,0.0,0.0,0.0,0.0,0.0],"sValues":["","","","","","","",""]},"type":2,"comment":""},{"label":"","mnemonic":"Wait","operands":{"iValues":[0,0,0,0,0,0,0,0],"rValues":[0.7,0.0,0.0,0.0,0.0,0.0,0.0,0.0],"sValues":["","","","","","","",""]},"type":2,"comment":""},{"label":"","mnemonic":"Hide","operands":{"iValues":[0,0,0,0,0,0,0,0],"rValues":[0.0,0.0,0.0,0.0,0.0,0.0,0.0,0.0],"sValues":["","","","","","","",""]},"type":2,"comment":""},{"label":"","mnemonic":"Wait","operands":{"iValues":[0,0,0,0,0,0,0,0],"rValues":[0.7,0.0,0.0,0.0,0.0,0.0,0.0,0.0],"sValues":["","","","","","","",""]},"type":2,"comment":""},{"label":"","mnemonic":"Show","operands":{"iValues":[0,0,0,0,0,0,0,0],"rValues":[0.7,0.0,0.0,0.0,0.0,0.0,0.0,0.0],"sValues":["","","","","","","",""]},"type":2,"comment":""},{"label":"","mnemonic":"Wait","operands":{"iValues":[0,0,0,0,0,0,0,0],"rValues":[0.7,0.0,0.0,0.0,0.0,0.0,0.0,0.0],"sValues":["","","","","","","",""]},"type":2,"comment":""},{"label":"","mnemonic":"Hide","operands":{"iValues":[0,0,0,0,0,0,0,0],"rValues":[0.7,0.0,0.0,0.0,0.0,0.0,0.0,0.0],"sValues":["","","","","","","",""]},"type":2,"comment":""},{"label":"","mnemonic":"Wait","operands":{"iValues":[0,0,0,0,0,0,0,0],"rValues":[0.7,0.0,0.0,0.0,0.0,0.0,0.0,0.0],"sValues":["","","","","","","",""]},"type":2,"comment":""},{"label":"","mnemonic":"Show","operands":{"iValues":[0,0,0,0,0,0,0,0],"rValues":[0.7,0.0,0.0,0.0,0.0,0.0,0.0,0.0],"sValues":["","","","","","","",""]},"type":2,"comment":""},{"label":"","mnemonic":"PlayAnim","operands":{"iValues":[0,0,0,0,0,0,0,0],"rValues":[0.0,0.0,0.0,0.0,0.0,0.0,0.0,0.0],"sValues":["shining_2","","","","","","",""]},"type":2,"comment":""},{"label":"","mnemonic":"Exit","operands":{"iValues":[0,0,0,0,0,0,0,0],"rValues":[0.0,0.0,0.0,0.0,0.0,0.0,0.0,0.0],"sValues":["","","","","","","",""]},"type":2,"comment":""},{"label":"0009","mnemonic":"Nop","operands":{"iValues":[],"rValues":[],"sValues":[]},"type":2,"comment":""},{"label":"","mnemonic":"SetPuppet","operands":{"iValues":[0,29,158,0,0,0,0,0],"rValues":[0.0,0.0,0.0,0.0,0.0,0.0,0.0,0.0],"sValues":["","","","","","","",""]},"type":2,"comment":""},{"label":"","mnemonic":"SetPuppet","operands":{"iValues":[1,34,163,0,0,0,0,0],"rValues":[0.0,0.0,0.0,0.0,0.0,0.0,0.0,0.0],"sValues":["","","","","","","",""]},"type":2,"comment":""},{"label":"","mnemonic":"SetPuppet","operands":{"iValues":[2,30,166,0,0,0,0,0],"rValues":[0.0,0.0,0.0,0.0,0.0,0.0,0.0,0.0],"sValues":["","","","","","","",""]},"type":2,"comment":""},{"label":"","mnemonic":"SetPuppet","operands":{"iValues":[3,35,171,0,0,0,0,0],"rValues":[0.0,0.0,0.0,0.0,0.0,0.0,0.0,0.0],"sValues":["","","","","","","",""]},"type":2,"comment":""},{"label":"","mnemonic":"ExecPuppet","operands":{"iValues":[0,0,0,0,0,0,0,0],"rValues":[0.0,0.0,0.0,0.0,0.0,0.0,0.0,0.0],"sValues":["","","","","","","",""]},"type":2,"comment":""},{"label":"","mnemonic":"Return","operands":{"iValues":[0,0,0,0,0,0,0,0],"rValues":[0.0,0.0,0.0,0.0,0.0,0.0,0.0,0.0],"sValues":["","","","","","","",""]},"type":2,"comment":""},{"label":"0009_00","mnemonic":"Nop","operands":{"iValues":[],"rValues":[],"sValues":[]},"type":2,"comment":""},{"label":"","mnemonic":"SetPos","operands":{"iValues":[13,27,1,0,0,0,0,0],"rValues":[0.0,0.0,0.0,0.0,0.0,0.0,0.0,0.0],"sValues":["Default","","","","","","",""]},"type":2,"comment":""},{"label":"","mnemonic":"Show","operands":{"iValues":[0,0,0,0,0,0,0,0],"rValues":[0.0,0.0,0.0,0.0,0.0,0.0,0.0,0.0],"sValues":["","","","","","","",""]},"type":2,"comment":""},{"label":"","mnemonic":"PlayAnim","operands":{"iValues":[0,-1,0,0,0,0,0,0],"rValues":[1.0,0.0,0.0,0.0,0.0,0.0,0.0,0.0],"sValues":["Default","","","","","","",""]},"type":2,"comment":""},{"label":"","mnemonic":"Exit","operands":{"iValues":[0,0,0,0,0,0,0,0],"rValues":[0.0,0.0,0.0,0.0,0.0,0.0,0.0,0.0],"sValues":["","","","","","","",""]},"type":2,"comment":""},{"label":"0009_01","mnemonic":"Nop","operands":{"iValues":[],"rValues":[],"sValues":[]},"type":2,"comment":""},{"label":"","mnemonic":"Hide","operands":{"iValues":[0,0,0,0,0,0,0,0],"rValues":[0.0,0.0,0.0,0.0,0.0,0.0,0.0,0.0],"sValues":["","","","","","","",""]},"type":2,"comment":""},{"label":"","mnemonic":"Exit","operands":{"iValues":[0,0,0,0,0,0,0,0],"rValues":[0.0,0.0,0.0,0.0,0.0,0.0,0.0,0.0],"sValues":["","","","","","","",""]},"type":2,"comment":""},{"label":"0009_02","mnemonic":"Nop","operands":{"iValues":[],"rValues":[],"sValues":[]},"type":2,"comment":""},{"label":"","mnemonic":"SetPos","operands":{"iValues":[13,25,1,0,0,0,0,0],"rValues":[0.0,0.0,0.0,0.0,0.0,0.0,0.0,0.0],"sValues":["blink","","","","","","",""]},"type":2,"comment":""},{"label":"","mnemonic":"Show","operands":{"iValues":[0,0,0,0,0,0,0,0],"rValues":[0.0,0.0,0.0,0.0,0.0,0.0,0.0,0.0],"sValues":["","","","","","","",""]},"type":2,"comment":""},{"label":"","mnemonic":"PlayAnim","operands":{"iValues":[0,-1,0,0,0,0,0,0],"rValues":[1.0,0.0,0.0,0.0,0.0,0.0,0.0,0.0],"sValues":["blink","","","","","","",""]},"type":2,"comment":""},{"label":"","mnemonic":"Exit","operands":{"iValues":[0,0,0,0,0,0,0,0],"rValues":[0.0,0.0,0.0,0.0,0.0,0.0,0.0,0.0],"sValues":["","","","","","","",""]},"type":2,"comment":""},{"label":"0009_03","mnemonic":"Nop","operands":{"iValues":[],"rValues":[],"sValues":[]},"type":2,"comment":""},{"label":"","mnemonic":"Hide","operands":{"iValues":[0,0,0,0,0,0,0,0],"rValues":[0.0,0.0,0.0,0.0,0.0,0.0,0.0,0.0],"sValues":["","","","","","","",""]},"type":2,"comment":""},{"label":"","mnemonic":"Exit","operands":{"iValues":[0,0,0,0,0,0,0,0],"rValues":[0.0,0.0,0.0,0.0,0.0,0.0,0.0,0.0],"sValues":["","","","","","","",""]},"type":2,"comment":""},{"label":"バンザイ","mnemonic":"Nop","operands":{"iValues":[],"rValues":[],"sValues":[]},"type":2,"comment":""},{"label":"","mnemonic":"SetPuppet","operands":{"iValues":[0,-1001,181,0,0,0,0,0],"rValues":[0.0,0.0,0.0,0.0,0.0,0.0,0.0,0.0],"sValues":["","","","","","","",""]},"type":2,"comment":""},{"label":"","mnemonic":"SetPuppet","operands":{"iValues":[1,-1002,184,0,0,0,0,0],"rValues":[0.0,0.0,0.0,0.0,0.0,0.0,0.0,0.0],"sValues":["","","","","","","",""]},"type":2,"comment":""},{"label":"","mnemonic":"SetPuppet","operands":{"iValues":[2,-1003,187,0,0,0,0,0],"rValues":[0.0,0.0,0.0,0.0,0.0,0.0,0.0,0.0],"sValues":["","","","","","","",""]},"type":2,"comment":""},{"label":"","mnemonic":"SetPuppet","operands":{"iValues":[3,-1004,190,0,0,0,0,0],"rValues":[0.0,0.0,0.0,0.0,0.0,0.0,0.0,0.0],"sValues":["","","","","","","",""]},"type":2,"comment":""},{"label":"","mnemonic":"ExecPuppet","operands":{"iValues":[0,0,0,0,0,0,0,0],"rValues":[0.0,0.0,0.0,0.0,0.0,0.0,0.0,0.0],"sValues":["","","","","","","",""]},"type":2,"comment":""},{"label":"","mnemonic":"Return","operands":{"iValues":[0,0,0,0,0,0,0,0],"rValues":[0.0,0.0,0.0,0.0,0.0,0.0,0.0,0.0],"sValues":["","","","","","","",""]},"type":2,"comment":""},{"label":"バンザイ_00","mnemonic":"Nop","operands":{"iValues":[],"rValues":[],"sValues":[]},"type":2,"comment":""},{"label":"","mnemonic":"PlayAnim","operands":{"iValues":[0,0,0,0,0,0,0,0],"rValues":[0.0,0.0,0.0,0.0,0.0,0.0,0.0,0.0],"sValues":["Get treasure","","","","","","",""]},"type":2,"comment":""},{"label":"","mnemonic":"Exit","operands":{"iValues":[0,0,0,0,0,0,0,0],"rValues":[0.0,0.0,0.0,0.0,0.0,0.0,0.0,0.0],"sValues":["","","","","","","",""]},"type":2,"comment":""},{"label":"バンザイ_01","mnemonic":"Nop","operands":{"iValues":[],"rValues":[],"sValues":[]},"type":2,"comment":""},{"label":"","mnemonic":"PlayAnim","operands":{"iValues":[0,0,0,0,0,0,0,0],"rValues":[0.0,0.0,0.0,0.0,0.0,0.0,0.0,0.0],"sValues":["Get treasure","","","","","","",""]},"type":2,"comment":""},{"label":"","mnemonic":"Exit","operands":{"iValues":[0,0,0,0,0,0,0,0],"rValues":[0.0,0.0,0.0,0.0,0.0,0.0,0.0,0.0],"sValues":["","","","","","","",""]},"type":2,"comment":""},{"label":"バンザイ_02","mnemonic":"Nop","operands":{"iValues":[],"rValues":[],"sValues":[]},"type":2,"comment":""},{"label":"","mnemonic":"PlayAnim","operands":{"iValues":[0,0,0,0,0,0,0,0],"rValues":[0.0,0.0,0.0,0.0,0.0,0.0,0.0,0.0],"sValues":["Get treasure","","","","","","",""]},"type":2,"comment":""},{"label":"","mnemonic":"Exit","operands":{"iValues":[0,0,0,0,0,0,0,0],"rValues":[0.0,0.0,0.0,0.0,0.0,0.0,0.0,0.0],"sValues":["","","","","","","",""]},"type":2,"comment":""},{"label":"バンザイ_03","mnemonic":"Nop","operands":{"iValues":[],"rValues":[],"sValues":[]},"type":2,"comment":""},{"label":"","mnemonic":"PlayAnim","operands":{"iValues":[0,0,0,0,0,0,0,0],"rValues":[0.0,0.0,0.0,0.0,0.0,0.0,0.0,0.0],"sValues":["Get treasure","","","","","","",""]},"type":2,"comment":""},{"label":"","mnemonic":"Exit","operands":{"iValues":[0,0,0,0,0,0,0,0],"rValues":[0.0,0.0,0.0,0.0,0.0,0.0,0.0,0.0],"sValues":["","","","","","","",""]},"type":2,"comment":""},{"label":"0011","mnemonic":"Nop","operands":{"iValues":[],"rValues":[],"sValues":[]},"type":2,"comment":""},{"label":"","mnemonic":"SetPuppet","operands":{"iValues":[0,-1002,200,0,0,0,0,0],"rValues":[0.0,0.0,0.0,0.0,0.0,0.0,0.0,0.0],"sValues":["","","","","","","",""]},"type":2,"comment":""},{"label":"","mnemonic":"SetPuppet","operands":{"iValues":[1,-1003,204,0,0,0,0,0],"rValues":[0.0,0.0,0.0,0.0,0.0,0.0,0.0,0.0],"sValues":["","","","","","","",""]},"type":2,"comment":""},{"label":"","mnemonic":"SetPuppet","operands":{"iValues":[2,-1004,208,0,0,0,0,0],"rValues":[0.0,0.0,0.0,0.0,0.0,0.0,0.0,0.0],"sValues":["","","","","","","",""]},"type":2,"comment":""},{"label":"","mnemonic":"SetPuppet","operands":{"iValues":[3,-1001,212,0,0,0,0,0],"rValues":[0.0,0.0,0.0,0.0,0.0,0.0,0.0,0.0],"sValues":["","","","","","","",""]},"type":2,"comment":""},{"label":"","mnemonic":"ExecPuppet","operands":{"iValues":[0,0,0,0,0,0,0,0],"rValues":[0.0,0.0,0.0,0.0,0.0,0.0,0.0,0.0],"sValues":["","","","","","","",""]},"type":2,"comment":""},{"label":"","mnemonic":"Return","operands":{"iValues":[0,0,0,0,0,0,0,0],"rValues":[0.0,0.0,0.0,0.0,0.0,0.0,0.0,0.0],"sValues":["","","","","","","",""]},"type":2,"comment":""},{"label":"0011_00","mnemonic":"Nop","operands":{"iValues":[],"rValues":[],"sValues":[]},"type":2,"comment":""},{"label":"","mnemonic":"Move","operands":{"iValues":[1,1,6,0,0,0,0,0],"rValues":[0.0,0.0,0.0,0.0,0.0,0.0,0.0,0.0],"sValues":["WalkR","","","","","","",""]},"type":2,"comment":""},{"label":"","mnemonic":"Hide","operands":{"iValues":[0,0,0,0,0,0,0,0],"rValues":[0.0,0.0,0.0,0.0,0.0,0.0,0.0,0.0],"sValues":["","","","","","","",""]},"type":2,"comment":""},{"label":"","mnemonic":"Exit","operands":{"iValues":[0,0,0,0,0,0,0,0],"rValues":[0.0,0.0,0.0,0.0,0.0,0.0,0.0,0.0],"sValues":["","","","","","","",""]},"type":2,"comment":""},{"label":"0011_01","mnemonic":"Nop","operands":{"iValues":[],"rValues":[],"sValues":[]},"type":2,"comment":""},{"label":"","mnemonic":"Move","operands":{"iValues":[3,1,6,0,0,0,0,0],"rValues":[0.0,0.0,0.0,0.0,0.0,0.0,0.0,0.0],"sValues":["WalkL","","","","","","",""]},"type":2,"comment":""},{"label":"","mnemonic":"Hide","operands":{"iValues":[0,0,0,0,0,0,0,0],"rValues":[0.0,0.0,0.0,0.0,0.0,0.0,0.0,0.0],"sValues":["","","","","","","",""]},"type":2,"comment":""},{"label":"","mnemonic":"Exit","operands":{"iValues":[0,0,0,0,0,0,0,0],"rValues":[0.0,0.0,0.0,0.0,0.0,0.0,0.0,0.0],"sValues":["","","","","","","",""]},"type":2,"comment":""},{"label":"0011_02","mnemonic":"Nop","operands":{"iValues":[],"rValues":[],"sValues":[]},"type":2,"comment":""},{"label":"","mnemonic":"Move","operands":{"iValues":[0,1,6,0,0,0,0,0],"rValues":[0.0,0.0,0.0,0.0,0.0,0.0,0.0,0.0],"sValues":["WalkB","","","","","","",""]},"type":2,"comment":""},{"label":"","mnemonic":"Hide","operands":{"iValues":[0,0,0,0,0,0,0,0],"rValues":[0.0,0.0,0.0,0.0,0.0,0.0,0.0,0.0],"sValues":["","","","","","","",""]},"type":2,"comment":""},{"label":"","mnemonic":"Exit","operands":{"iValues":[0,0,0,0,0,0,0,0],"rValues":[0.0,0.0,0.0,0.0,0.0,0.0,0.0,0.0],"sValues":["","","","","","","",""]},"type":2,"comment":""},{"label":"0011_03","mnemonic":"Nop","operands":{"iValues":[],"rValues":[],"sValues":[]},"type":2,"comment":""},{"label":"","mnemonic":"CueAnim","operands":{"iValues":[0,0,0,0,0,0,0,0],"rValues":[0.0,0.0,0.0,0.0,0.0,0.0,0.0,0.0],"sValues":["Default","","","","","","",""]},"type":2,"comment":""},{"label":"","mnemonic":"LookAt","operands":{"iValues":[2,0,0,0,0,0,0,0],"rValues":[0.0,0.0,0.0,0.0,0.0,0.0,0.0,0.0],"sValues":["","","","","","","",""]},"type":2,"comment":""},{"label":"","mnemonic":"Exit","operands":{"iValues":[0,0,0,0,0,0,0,0],"rValues":[0.0,0.0,0.0,0.0,0.0,0.0,0.0,0.0],"sValues":["","","","","","","",""]},"type":2,"comment":""},{"label":"0012","mnemonic":"Nop","operands":{"iValues":[],"rValues":[],"sValues":[]},"type":2,"comment":""},{"label":"","mnemonic":"SetPuppet","operands":{"iValues":[1,30,221,0,0,0,0,0],"rValues":[0.0,0.0,0.0,0.0,0.0,0.0,0.0,0.0],"sValues":["","","","","","","",""]},"type":2,"comment":""},{"label":"","mnemonic":"SetPuppet","operands":{"iValues":[2,41,224,0,0,0,0,0],"rValues":[0.0,0.0,0.0,0.0,0.0,0.0,0.0,0.0],"sValues":["","","","","","","",""]},"type":2,"comment":""},{"label":"","mnemonic":"ExecPuppet","operands":{"iValues":[0,0,0,0,0,0,0,0],"rValues":[0.0,0.0,0.0,0.0,0.0,0.0,0.0,0.0],"sValues":["","","","","","","",""]},"type":2,"comment":""},{"label":"","mnemonic":"Return","operands":{"iValues":[0,0,0,0,0,0,0,0],"rValues":[0.0,0.0,0.0,0.0,0.0,0.0,0.0,0.0],"sValues":["","","","","","","",""]},"type":2,"comment":""},{"label":"0012_01","mnemonic":"Nop","operands":{"iValues":[],"rValues":[],"sValues":[]},"type":2,"comment":""},{"label":"","mnemonic":"PlayAnim","operands":{"iValues":[0,-1,0,0,0,0,0,0],"rValues":[1.0,0.0,0.0,0.0,0.0,0.0,0.0,0.0],"sValues":["Default","","","","","","",""]},"type":2,"comment":""},{"label":"","mnemonic":"Exit","operands":{"iValues":[0,0,0,0,0,0,0,0],"rValues":[0.0,0.0,0.0,0.0,0.0,0.0,0.0,0.0],"sValues":["","","","","","","",""]},"type":2,"comment":""},{"label":"0012_02","mnemonic":"Nop","operands":{"iValues":[],"rValues":[],"sValues":[]},"type":2,"comment":""},{"label":"","mnemonic":"Hide","operands":{"iValues":[0,0,0,0,0,0,0,0],"rValues":[0.0,0.0,0.0,0.0,0.0,0.0,0.0,0.0],"sValues":["","","","","","","",""]},"type":2,"comment":""},{"label":"","mnemonic":"Exit","operands":{"iValues":[0,0,0,0,0,0,0,0],"rValues":[0.0,0.0,0.0,0.0,0.0,0.0,0.0,0.0],"sValues":["","","","","","","",""]},"type":2,"comment":""}],"Animations":[{"name":"flash","frames":[{"sprite_name":"Default_00","offsetx":0.0,"offsety":0.0,"alpha":1.0,"rgb":{"r":1.0,"g":1.0,"b":1.0,"a":1.0},"flip":false},{"sprite_name":"Default_00","offsetx":0.0,"offsety":0.0,"alpha":1.0,"rgb":{"r":1.0,"g":1.0,"b":1.0,"a":1.0},"flip":false},{"sprite_name":"Default_00","offsetx":0.0,"offsety":0.0,"alpha":1.0,"rgb":{"r":1.0,"g":1.0,"b":1.0,"a":1.0},"flip":false},{"sprite_name":"Default_00","offsetx":0.0,"offsety":0.0,"alpha":1.0,"rgb":{"r":1.0,"g":1.0,"b":1.0,"a":1.0},"flip":false},{"sprite_name":"Default_00","offsetx":0.0,"offsety":0.0,"alpha":0.0,"rgb":{"r":1.0,"g":1.0,"b":1.0,"a":1.0},"flip":false},{"sprite_name":"Default_00","offsetx":0.0,"offsety":0.0,"alpha":0.0,"rgb":{"r":1.0,"g":1.0,"b":1.0,"a":1.0},"flip":false},{"sprite_name":"Default_00","offsetx":0.0,"offsety":0.0,"alpha":0.0,"rgb":{"r":1.0,"g":1.0,"b":1.0,"a":1.0},"flip":false},{"sprite_name":"Default_00","offsetx":0.0,"offsety":0.0,"alpha":0.0,"rgb":{"r":1.0,"g":1.0,"b":1.0,"a":1.0},"flip":false},{"sprite_name":"Default_00","offsetx":0.0,"offsety":0.0,"alpha":0.0,"rgb":{"r":1.0,"g":1.0,"b":1.0,"a":1.0},"flip":false}],"play_speed":0.1,"play_mode":1,"is_reverse":false,"next_anim_name":""},{"name":"flash2","frames":[{"sprite_name":"Default_00","offsetx":0.0,"offsety":0.0,"alpha":1.0,"rgb":{"r":1.0,"g":1.0,"b":1.0,"a":1.0},"flip":false},{"sprite_name":"Default_00","offsetx":0.0,"offsety":0.0,"alpha":0.0,"rgb":{"r":1.0,"g":1.0,"b":1.0,"a":1.0},"flip":false},{"sprite_name":"Default_01","offsetx":0.0,"offsety":0.0,"alpha":1.0,"rgb":{"r":1.0,"g":1.0,"b":1.0,"a":1.0},"flip":false},{"sprite_name":"Default_01","offsetx":0.0,"offsety":0.0,"alpha":0.0,"rgb":{"r":1.0,"g":1.0,"b":1.0,"a":1.0},"flip":false},{"sprite_name":"Default_02","offsetx":0.0,"offsety":0.0,"alpha":1.0,"rgb":{"r":1.0,"g":1.0,"b":1.0,"a":1.0},"flip":false},{"sprite_name":"Default_02","offsetx":0.0,"offsety":0.0,"alpha":0.0,"rgb":{"r":1.0,"g":1.0,"b":1.0,"a":1.0},"flip":false},{"sprite_name":"Default_03","offsetx":0.0,"offsety":0.0,"alpha":1.0,"rgb":{"r":1.0,"g":1.0,"b":1.0,"a":1.0},"flip":false},{"sprite_name":"Default_03","offsetx":0.0,"offsety":0.0,"alpha":0.0,"rgb":{"r":1.0,"g":1.0,"b":1.0,"a":1.0},"flip":false}],"play_speed":0.5,"play_mode":1,"is_reverse":false,"next_anim_name":""},{"name":"アニメＩＤ","frames":[],"play_speed":0.0,"play_mode":0,"is_reverse":false,"next_anim_name":""},{"name":"blink","frames":[{"sprite_name":"Default_00","offsetx":0.0,"offsety":0.0,"alpha":1.0,"rgb":{"r":1.0,"g":1.0,"b":1.0,"a":1.0},"flip":false},{"sprite_name":"Default_01","offsetx":0.0,"offsety":0.0,"alpha":0.5,"rgb":{"r":1.0,"g":1.0,"b":1.0,"a":1.0},"flip":false},{"sprite_name":"Default_02","offsetx":0.0,"offsety":0.0,"alpha":1.0,"rgb":{"r":1.0,"g":1.0,"b":1.0,"a":1.0},"flip":false},{"sprite_name":"Default_03","offsetx":0.0,"offsety":0.0,"alpha":1.0,"rgb":{"r":1.0,"g":1.0,"b":1.0,"a":1.0},"flip":false},{"sprite_name":"Default_00","offsetx":0.0,"offsety":0.0,"alpha":1.0,"rgb":{"r":1.0,"g":1.0,"b":1.0,"a":1.0},"flip":false},{"sprite_name":"Default_01","offsetx":0.0,"offsety":0.0,"alpha":1.0,"rgb":{"r":1.0,"g":1.0,"b":1.0,"a":1.0},"flip":false},{"sprite_name":"Default_02","offsetx":0.0,"offsety":0.0,"alpha":1.0,"rgb":{"r":1.0,"g":1.0,"b":1.0,"a":1.0},"flip":false},{"sprite_name":"Default_03","offsetx":0.0,"offsety":0.0,"alpha":0.2,"rgb":{"r":1.0,"g":1.0,"b":1.0,"a":1.0},"flip":false},{"sprite_name":"Default_00","offsetx":0.0,"offsety":0.0,"alpha":1.0,"rgb":{"r":1.0,"g":1.0,"b":1.0,"a":1.0},"flip":false},{"sprite_name":"Default_01","offsetx":0.0,"offsety":0.0,"alpha":1.0,"rgb":{"r":1.0,"g":1.0,"b":1.0,"a":1.0},"flip":false},{"sprite_name":"Default_02","offsetx":0.0,"offsety":0.0,"alpha":0.7,"rgb":{"r":1.0,"g":1.0,"b":1.0,"a":1.0},"flip":false},{"sprite_name":"Default_03","offsetx":0.0,"offsety":0.0,"alpha":1.0,"rgb":{"r":1.0,"g":1.0,"b":1.0,"a":1.0},"flip":false}],"play_speed":2.4,"play_mode":1,"is_reverse":false,"next_anim_name":""},{"name":"flash","frames":[{"sprite_name":"Default_00","offsetx":8.0,"offsety":3.0,"alpha":1.0,"rgb":{"r":1.0,"g":1.0,"b":1.0,"a":1.0},"flip":false},{"sprite_name":"Default_01","offsetx":8.0,"offsety":3.0,"alpha":1.0,"rgb":{"r":1.0,"g":1.0,"b":1.0,"a":1.0},"flip":false},{"sprite_name":"Default_02","offsetx":8.0,"offsety":3.0,"alpha":1.0,"rgb":{"r":1.0,"g":1.0,"b":1.0,"a":1.0},"flip":false},{"sprite_name":"Default_03","offsetx":8.0,"offsety":3.0,"alpha":1.0,"rgb":{"r":1.0,"g":1.0,"b":1.0,"a":1.0},"flip":false},{"sprite_name":"Default_04","offsetx":8.0,"offsety":3.0,"alpha":1.0,"rgb":{"r":1.0,"g":1.0,"b":1.0,"a":1.0},"flip":false},{"sprite_name":"Default_05","offsetx":8.0,"offsety":3.0,"alpha":1.0,"rgb":{"r":1.0,"g":1.0,"b":1.0,"a":1.0},"flip":false},{"sprite_name":"Default_06","offsetx":8.0,"offsety":3.0,"alpha":1.0,"rgb":{"r":1.0,"g":1.0,"b":1.0,"a":1.0},"flip":false},{"sprite_name":"Default_07","offsetx":8.0,"offsety":3.0,"alpha":1.0,"rgb":{"r":1.0,"g":1.0,"b":1.0,"a":1.0},"flip":false}],"play_speed":0.8,"play_mode":1,"is_reverse":false,"next_anim_name":""},{"name":"default","frames":[],"play_speed":0.0,"play_mode":0,"is_reverse":false,"next_anim_name":""},{"name":"flash","frames":[{"sprite_name":"Default_00","offsetx":8.0,"offsety":3.0,"alpha":1.0,"rgb":{"r":1.0,"g":1.0,"b":1.0,"a":1.0},"flip":false},{"sprite_name":"Default_01","offsetx":8.0,"offsety":3.0,"alpha":1.0,"rgb":{"r":1.0,"g":1.0,"b":1.0,"a":1.0},"flip":false},{"sprite_name":"Default_02","offsetx":8.0,"offsety":3.0,"alpha":1.0,"rgb":{"r":1.0,"g":1.0,"b":1.0,"a":1.0},"flip":false},{"sprite_name":"Default_03","offsetx":8.0,"offsety":3.0,"alpha":1.0,"rgb":{"r":1.0,"g":1.0,"b":1.0,"a":1.0},"flip":false},{"sprite_name":"Default_04","offsetx":8.0,"offsety":3.0,"alpha":1.0,"rgb":{"r":1.0,"g":1.0,"b":1.0,"a":1.0},"flip":false},{"sprite_name":"Default_05","offsetx":8.0,"offsety":3.0,"alpha":1.0,"rgb":{"r":1.0,"g":1.0,"b":1.0,"a":1.0},"flip":false},{"sprite_name":"Default_06","offsetx":8.0,"offsety":3.0,"alpha":1.0,"rgb":{"r":1.0,"g":1.0,"b":1.0,"a":1.0},"flip":false},{"sprite_name":"Default_07","offsetx":8.0,"offsety":3.0,"alpha":1.0,"rgb":{"r":1.0,"g":1.0,"b":1.0,"a":1.0},"flip":false}],"play_speed":0.8,"play_mode":1,"is_reverse":false,"next_anim_name":""},{"name":"s","frames":[],"play_speed":0.0,"play_mode":0,"is_reverse":false,"next_anim_name":""},{"name":"flash","frames":[{"sprite_name":"Default_00","offsetx":8.0,"offsety":3.0,"alpha":1.0,"rgb":{"r":1.0,"g":1.0,"b":1.0,"a":1.0},"flip":false},{"sprite_name":"Default_01","offsetx":8.0,"offsety":3.0,"alpha":1.0,"rgb":{"r":1.0,"g":1.0,"b":1.0,"a":1.0},"flip":false},{"sprite_name":"Default_02","offsetx":8.0,"offsety":3.0,"alpha":1.0,"rgb":{"r":1.0,"g":1.0,"b":1.0,"a":1.0},"flip":false},{"sprite_name":"Default_03","offsetx":8.0,"offsety":3.0,"alpha":1.0,"rgb":{"r":1.0,"g":1.0,"b":1.0,"a":1.0},"flip":false},{"sprite_name":"Default_04","offsetx":8.0,"offsety":3.0,"alpha":1.0,"rgb":{"r":1.0,"g":1.0,"b":1.0,"a":1.0},"flip":false},{"sprite_name":"Default_05","offsetx":8.0,"offsety":3.0,"alpha":1.0,"rgb":{"r":1.0,"g":1.0,"b":1.0,"a":1.0},"flip":false},{"sprite_name":"Default_06","offsetx":8.0,"offsety":3.0,"alpha":1.0,"rgb":{"r":1.0,"g":1.0,"b":1.0,"a":1.0},"flip":false},{"sprite_name":"Default_07","offsetx":8.0,"offsety":3.0,"alpha":1.0,"rgb":{"r":1.0,"g":1.0,"b":1.0,"a":1.0},"flip":false}],"play_speed":0.8,"play_mode":1,"is_reverse":false,"next_anim_name":""},{"name":"flash","frames":[{"sprite_name":"Default_00","offsetx":8.0,"offsety":3.0,"alpha":1.0,"rgb":{"r":1.0,"g":1.0,"b":1.0,"a":1.0},"flip":false},{"sprite_name":"Default_01","offsetx":8.0,"offsety":3.0,"alpha":1.0,"rgb":{"r":1.0,"g":1.0,"b":1.0,"a":1.0},"flip":false},{"sprite_name":"Default_02","offsetx":8.0,"offsety":3.0,"alpha":1.0,"rgb":{"r":1.0,"g":1.0,"b":1.0,"a":1.0},"flip":false},{"sprite_name":"Default_03","offsetx":8.0,"offsety":3.0,"alpha":1.0,"rgb":{"r":1.0,"g":1.0,"b":1.0,"a":1.0},"flip":false},{"sprite_name":"Default_04","offsetx":8.0,"offsety":3.0,"alpha":1.0,"rgb":{"r":1.0,"g":1.0,"b":1.0,"a":1.0},"flip":false},{"sprite_name":"Default_05","offsetx":8.0,"offsety":3.0,"alpha":1.0,"rgb":{"r":1.0,"g":1.0,"b":1.0,"a":1.0},"flip":false},{"sprite_name":"Default_06","offsetx":8.0,"offsety":3.0,"alpha":1.0,"rgb":{"r":1.0,"g":1.0,"b":1.0,"a":1.0},"flip":false},{"sprite_name":"Default_07","offsetx":8.0,"offsety":3.0,"alpha":1.0,"rgb":{"r":1.0,"g":1.0,"b":1.0,"a":1.0},"flip":false}],"play_speed":0.8,"play_mode":1,"is_reverse":false,"next_anim_name":""},{"name":"hu","frames":[],"play_speed":0.0,"play_mode":0,"is_reverse":false,"next_anim_name":""},{"name":"shine","frames":[{"sprite_name":"Default_00","offsetx":8.0,"offsety":3.0,"alpha":1.0,"rgb":{"r":1.0,"g":1.0,"b":1.0,"a":1.0},"flip":false},{"sprite_name":"Default_01","offsetx":8.0,"offsety":3.0,"alpha":1.0,"rgb":{"r":1.0,"g":1.0,"b":1.0,"a":1.0},"flip":false},{"sprite_name":"Default_02","offsetx":8.0,"offsety":3.0,"alpha":1.0,"rgb":{"r":1.0,"g":1.0,"b":1.0,"a":1.0},"flip":false},{"sprite_name":"Default_03","offsetx":8.0,"offsety":3.0,"alpha":1.0,"rgb":{"r":1.0,"g":1.0,"b":1.0,"a":1.0},"flip":false},{"sprite_name":"Default_04","offsetx":8.0,"offsety":3.0,"alpha":1.0,"rgb":{"r":1.0,"g":1.0,"b":1.0,"a":1.0},"flip":false},{"sprite_name":"Default_05","offsetx":8.0,"offsety":3.0,"alpha":1.0,"rgb":{"r":1.0,"g":1.0,"b":1.0,"a":1.0},"flip":false},{"sprite_name":"Default_06","offsetx":8.0,"offsety":3.0,"alpha":1.0,"rgb":{"r":1.0,"g":1.0,"b":1.0,"a":1.0},"flip":false},{"sprite_name":"Default_07","offsetx":8.0,"offsety":3.0,"alpha":1.0,"rgb":{"r":1.0,"g":1.0,"b":1.0,"a":1.0},"flip":false}],"play_speed":0.8,"play_mode":1,"is_reverse":false,"next_anim_name":""},{"name":"shine","frames":[{"sprite_name":"Default_00","offsetx":8.0,"offsety":3.0,"alpha":1.0,"rgb":{"r":1.0,"g":1.0,"b":1.0,"a":1.0},"flip":false},{"sprite_name":"Default_01","offsetx":8.0,"offsety":3.0,"alpha":1.0,"rgb":{"r":1.0,"g":1.0,"b":1.0,"a":1.0},"flip":false},{"sprite_name":"Default_02","offsetx":8.0,"offsety":3.0,"alpha":1.0,"rgb":{"r":1.0,"g":1.0,"b":1.0,"a":1.0},"flip":false},{"sprite_name":"Default_03","offsetx":8.0,"offsety":3.0,"alpha":1.0,"rgb":{"r":1.0,"g":1.0,"b":1.0,"a":1.0},"flip":false},{"sprite_name":"Default_04","offsetx":8.0,"offsety":3.0,"alpha":1.0,"rgb":{"r":1.0,"g":1.0,"b":1.0,"a":1.0},"flip":false},{"sprite_name":"Default_05","offsetx":8.0,"offsety":3.0,"alpha":1.0,"rgb":{"r":1.0,"g":1.0,"b":1.0,"a":1.0},"flip":false},{"sprite_name":"Default_06","offsetx":8.0,"offsety":3.0,"alpha":1.0,"rgb":{"r":1.0,"g":1.0,"b":1.0,"a":1.0},"flip":false},{"sprite_name":"Default_07","offsetx":8.0,"offsety":3.0,"alpha":1.0,"rgb":{"r":1.0,"g":1.0,"b":1.0,"a":1.0},"flip":false}],"play_speed":0.8,"play_mode":1,"is_reverse":false,"next_anim_name":""},{"name":"crystal_revival","frames":[{"sprite_name":"Default_01","offsetx":0.0,"offsety":0.0,"alpha":1.0,"rgb":{"r":1.0,"g":1.0,"b":1.0,"a":1.0},"flip":false},{"sprite_name":"WalkL_00","offsetx":0.0,"offsety":0.0,"alpha":1.0,"rgb":{"r":1.0,"g":1.0,"b":1.0,"a":1.0},"flip":false},{"sprite_name":"WalkB_01","offsetx":0.0,"offsety":0.0,"alpha":1.0,"rgb":{"r":1.0,"g":1.0,"b":1.0,"a":1.0},"flip":false},{"sprite_name":"WalkL_00","offsetx":0.0,"offsety":0.0,"alpha":1.0,"rgb":{"r":1.0,"g":1.0,"b":1.0,"a":1.0},"flip":true},{"sprite_name":"Default_01","offsetx":0.0,"offsety":0.0,"alpha":1.0,"rgb":{"r":1.0,"g":1.0,"b":1.0,"a":1.0},"flip":false},{"sprite_name":"WalkL_00","offsetx":0.0,"offsety":0.0,"alpha":1.0,"rgb":{"r":1.0,"g":1.0,"b":1.0,"a":1.0},"flip":false},{"sprite_name":"WalkB_01","offsetx":0.0,"offsety":0.0,"alpha":1.0,"rgb":{"r":1.0,"g":1.0,"b":1.0,"a":1.0},"flip":false},{"sprite_name":"WalkL_00","offsetx":0.0,"offsety":0.0,"alpha":1.0,"rgb":{"r":1.0,"g":1.0,"b":1.0,"a":1.0},"flip":true},{"sprite_name":"Default_01","offsetx":0.0,"offsety":0.0,"alpha":1.0,"rgb":{"r":1.0,"g":1.0,"b":1.0,"a":1.0},"flip":false},{"sprite_name":"Default_01","offsetx":0.0,"offsety":4.0,"alpha":1.0,"rgb":{"r":1.0,"g":1.0,"b":1.0,"a":1.0},"flip":false},{"sprite_name":"Default_01","offsetx":0.0,"offsety":8.0,"alpha":1.0,"rgb":{"r":1.0,"g":1.0,"b":1.0,"a":1.0},"flip":false},{"sprite_name":"Default_01","offsetx":0.0,"offsety":12.0,"alpha":1.0,"rgb":{"r":1.0,"g":1.0,"b":1.0,"a":1.0},"flip":false},{"sprite_name":"Default_01","offsetx":0.0,"offsety":16.0,"alpha":1.0,"rgb":{"r":1.0,"g":1.0,"b":1.0,"a":1.0},"flip":false},{"sprite_name":"Default_01","offsetx":0.0,"offsety":12.0,"alpha":1.0,"rgb":{"r":1.0,"g":1.0,"b":1.0,"a":1.0},"flip":false},{"sprite_name":"Default_01","offsetx":0.0,"offsety":8.0,"alpha":1.0,"rgb":{"r":1.0,"g":1.0,"b":1.0,"a":1.0},"flip":false},{"sprite_name":"Default_01","offsetx":0.0,"offsety":4.0,"alpha":1.0,"rgb":{"r":1.0,"g":1.0,"b":1.0,"a":1.0},"flip":false},{"sprite_name":"Default_01","offsetx":0.0,"offsety":0.0,"alpha":1.0,"rgb":{"r":1.0,"g":1.0,"b":1.0,"a":1.0},"flip":false},{"sprite_name":"Default_01","offsetx":0.0,"offsety":4.0,"alpha":1.0,"rgb":{"r":1.0,"g":1.0,"b":1.0,"a":1.0},"flip":false},{"sprite_name":"Default_01","offsetx":0.0,"offsety":8.0,"alpha":1.0,"rgb":{"r":1.0,"g":1.0,"b":1.0,"a":1.0},"flip":false},{"sprite_name":"Default_01","offsetx":0.0,"offsety":12.0,"alpha":1.0,"rgb":{"r":1.0,"g":1.0,"b":1.0,"a":1.0},"flip":false},{"sprite_name":"Default_01","offsetx":0.0,"offsety":16.0,"alpha":1.0,"rgb":{"r":1.0,"g":1.0,"b":1.0,"a":1.0},"flip":false},{"sprite_name":"Default_01","offsetx":0.0,"offsety":12.0,"alpha":1.0,"rgb":{"r":1.0,"g":1.0,"b":1.0,"a":1.0},"flip":false},{"sprite_name":"Default_01","offsetx":0.0,"offsety":8.0,"alpha":1.0,"rgb":{"r":1.0,"g":1.0,"b":1.0,"a":1.0},"flip":false},{"sprite_name":"Default_01","offsetx":0.0,"offsety":4.0,"alpha":1.0,"rgb":{"r":1.0,"g":1.0,"b":1.0,"a":1.0},"flip":false},{"sprite_name":"Default_01","offsetx":0.0,"offsety":0.0,"alpha":1.0,"rgb":{"r":1.0,"g":1.0,"b":1.0,"a":1.0},"flip":false},{"sprite_name":"LookDown_00","offsetx":0.0,"offsety":0.0,"alpha":1.0,"rgb":{"r":1.0,"g":1.0,"b":1.0,"a":1.0},"flip":true},{"sprite_name":"LookDown_00","offsetx":0.0,"offsety":0.0,"alpha":1.0,"rgb":{"r":1.0,"g":1.0,"b":1.0,"a":1.0},"flip":true},{"sprite_name":"LookDown_00","offsetx":0.0,"offsety":0.0,"alpha":1.0,"rgb":{"r":1.0,"g":1.0,"b":1.0,"a":1.0},"flip":true},{"sprite_name":"LookDown_00","offsetx":0.0,"offsety":0.0,"alpha":1.0,"rgb":{"r":1.0,"g":1.0,"b":1.0,"a":1.0},"flip":true},{"sprite_name":"LookDown_00","offsetx":0.0,"offsety":0.0,"alpha":1.0,"rgb":{"r":1.0,"g":1.0,"b":1.0,"a":1.0},"flip":true},{"sprite_name":"LookDown_00","offsetx":0.0,"offsety":0.0,"alpha":1.0,"rgb":{"r":1.0,"g":1.0,"b":1.0,"a":1.0},"flip":true},{"sprite_name":"LookDown_00","offsetx":0.0,"offsety":0.0,"alpha":1.0,"rgb":{"r":1.0,"g":1.0,"b":1.0,"a":1.0},"flip":true},{"sprite_name":"LookDown_00","offsetx":0.0,"offsety":0.0,"alpha":1.0,"rgb":{"r":1.0,"g":1.0,"b":1.0,"a":1.0},"flip":true},{"sprite_name":"LookDown_00","offsetx":0.0,"offsety":0.0,"alpha":1.0,"rgb":{"r":1.0,"g":1.0,"b":1.0,"a":1.0},"flip":true},{"sprite_name":"LookDown_00","offsetx":0.0,"offsety":0.0,"alpha":1.0,"rgb":{"r":1.0,"g":1.0,"b":1.0,"a":1.0},"flip":true},{"sprite_name":"RightHandUp_00","offsetx":0.0,"offsety":0.0,"alpha":1.0,"rgb":{"r":1.0,"g":1.0,"b":1.0,"a":1.0},"flip":false}],"play_speed":1.4,"play_mode":0,"is_reverse":false,"next_anim_name":""},{"name":"crystal_revival","frames":[{"sprite_name":"Default_01","offsetx":0.0,"offsety":0.0,"alpha":1.0,"rgb":{"r":1.0,"g":1.0,"b":1.0,"a":1.0},"flip":false},{"sprite_name":"WalkL_00","offsetx":0.0,"offsety":0.0,"alpha":1.0,"rgb":{"r":1.0,"g":1.0,"b":1.0,"a":1.0},"flip":false},{"sprite_name":"WalkB_01","offsetx":0.0,"offsety":0.0,"alpha":1.0,"rgb":{"r":1.0,"g":1.0,"b":1.0,"a":1.0},"flip":false},{"sprite_name":"WalkL_00","offsetx":0.0,"offsety":0.0,"alpha":1.0,"rgb":{"r":1.0,"g":1.0,"b":1.0,"a":1.0},"flip":true},{"sprite_name":"Default_01","offsetx":0.0,"offsety":0.0,"alpha":1.0,"rgb":{"r":1.0,"g":1.0,"b":1.0,"a":1.0},"flip":false},{"sprite_name":"WalkL_00","offsetx":0.0,"offsety":0.0,"alpha":1.0,"rgb":{"r":1.0,"g":1.0,"b":1.0,"a":1.0},"flip":false},{"sprite_name":"WalkB_01","offsetx":0.0,"offsety":0.0,"alpha":1.0,"rgb":{"r":1.0,"g":1.0,"b":1.0,"a":1.0},"flip":false},{"sprite_name":"WalkL_00","offsetx":0.0,"offsety":0.0,"alpha":1.0,"rgb":{"r":1.0,"g":1.0,"b":1.0,"a":1.0},"flip":true},{"sprite_name":"Default_01","offsetx":0.0,"offsety":0.0,"alpha":1.0,"rgb":{"r":1.0,"g":1.0,"b":1.0,"a":1.0},"flip":false},{"sprite_name":"Default_01","offsetx":0.0,"offsety":4.0,"alpha":1.0,"rgb":{"r":1.0,"g":1.0,"b":1.0,"a":1.0},"flip":false},{"sprite_name":"Default_01","offsetx":0.0,"offsety":8.0,"alpha":1.0,"rgb":{"r":1.0,"g":1.0,"b":1.0,"a":1.0},"flip":false},{"sprite_name":"Default_01","offsetx":0.0,"offsety":12.0,"alpha":1.0,"rgb":{"r":1.0,"g":1.0,"b":1.0,"a":1.0},"flip":false},{"sprite_name":"Default_01","offsetx":0.0,"offsety":16.0,"alpha":1.0,"rgb":{"r":1.0,"g":1.0,"b":1.0,"a":1.0},"flip":false},{"sprite_name":"Default_01","offsetx":0.0,"offsety":12.0,"alpha":1.0,"rgb":{"r":1.0,"g":1.0,"b":1.0,"a":1.0},"flip":false},{"sprite_name":"Default_01","offsetx":0.0,"offsety":8.0,"alpha":1.0,"rgb":{"r":1.0,"g":1.0,"b":1.0,"a":1.0},"flip":false},{"sprite_name":"Default_01","offsetx":0.0,"offsety":4.0,"alpha":1.0,"rgb":{"r":1.0,"g":1.0,"b":1.0,"a":1.0},"flip":false},{"sprite_name":"Default_01","offsetx":0.0,"offsety":0.0,"alpha":1.0,"rgb":{"r":1.0,"g":1.0,"b":1.0,"a":1.0},"flip":false},{"sprite_name":"Default_01","offsetx":0.0,"offsety":4.0,"alpha":1.0,"rgb":{"r":1.0,"g":1.0,"b":1.0,"a":1.0},"flip":false},{"sprite_name":"Default_01","offsetx":0.0,"offsety":8.0,"alpha":1.0,"rgb":{"r":1.0,"g":1.0,"b":1.0,"a":1.0},"flip":false},{"sprite_name":"Default_01","offsetx":0.0,"offsety":12.0,"alpha":1.0,"rgb":{"r":1.0,"g":1.0,"b":1.0,"a":1.0},"flip":false},{"sprite_name":"Default_01","offsetx":0.0,"offsety":16.0,"alpha":1.0,"rgb":{"r":1.0,"g":1.0,"b":1.0,"a":1.0},"flip":false},{"sprite_name":"Default_01","offsetx":0.0,"offsety":12.0,"alpha":1.0,"rgb":{"r":1.0,"g":1.0,"b":1.0,"a":1.0},"flip":false},{"sprite_name":"Default_01","offsetx":0.0,"offsety":8.0,"alpha":1.0,"rgb":{"r":1.0,"g":1.0,"b":1.0,"a":1.0},"flip":false},{"sprite_name":"Default_01","offsetx":0.0,"offsety":4.0,"alpha":1.0,"rgb":{"r":1.0,"g":1.0,"b":1.0,"a":1.0},"flip":false},{"sprite_name":"Default_01","offsetx":0.0,"offsety":0.0,"alpha":1.0,"rgb":{"r":1.0,"g":1.0,"b":1.0,"a":1.0},"flip":false},{"sprite_name":"LookDown_00","offsetx":0.0,"offsety":0.0,"alpha":1.0,"rgb":{"r":1.0,"g":1.0,"b":1.0,"a":1.0},"flip":true},{"sprite_name":"LookDown_00","offsetx":0.0,"offsety":0.0,"alpha":1.0,"rgb":{"r":1.0,"g":1.0,"b":1.0,"a":1.0},"flip":true},{"sprite_name":"LookDown_00","offsetx":0.0,"offsety":0.0,"alpha":1.0,"rgb":{"r":1.0,"g":1.0,"b":1.0,"a":1.0},"flip":true},{"sprite_name":"LookDown_00","offsetx":0.0,"offsety":0.0,"alpha":1.0,"rgb":{"r":1.0,"g":1.0,"b":1.0,"a":1.0},"flip":true},{"sprite_name":"LookDown_00","offsetx":0.0,"offsety":0.0,"alpha":1.0,"rgb":{"r":1.0,"g":1.0,"b":1.0,"a":1.0},"flip":true},{"sprite_name":"LookDown_00","offsetx":0.0,"offsety":0.0,"alpha":1.0,"rgb":{"r":1.0,"g":1.0,"b":1.0,"a":1.0},"flip":true},{"sprite_name":"LookDown_00","offsetx":0.0,"offsety":0.0,"alpha":1.0,"rgb":{"r":1.0,"g":1.0,"b":1.0,"a":1.0},"flip":true},{"sprite_name":"LookDown_00","offsetx":0.0,"offsety":0.0,"alpha":1.0,"rgb":{"r":1.0,"g":1.0,"b":1.0,"a":1.0},"flip":true},{"sprite_name":"LookDown_00","offsetx":0.0,"offsety":0.0,"alpha":1.0,"rgb":{"r":1.0,"g":1.0,"b":1.0,"a":1.0},"flip":true},{"sprite_name":"LookDown_00","offsetx":0.0,"offsety":0.0,"alpha":1.0,"rgb":{"r":1.0,"g":1.0,"b":1.0,"a":1.0},"flip":true},{"sprite_name":"RightHandUp_00","offsetx":0.0,"offsety":0.0,"alpha":1.0,"rgb":{"r":1.0,"g":1.0,"b":1.0,"a":1.0},"flip":false}],"play_speed":1.4,"play_mode":0,"is_reverse":false,"next_anim_name":""},{"name":"crystal_revival","frames":[{"sprite_name":"Default_01","offsetx":0.0,"offsety":0.0,"alpha":1.0,"rgb":{"r":1.0,"g":1.0,"b":1.0,"a":1.0},"flip":false},{"sprite_name":"WalkL_00","offsetx":0.0,"offsety":0.0,"alpha":1.0,"rgb":{"r":1.0,"g":1.0,"b":1.0,"a":1.0},"flip":false},{"sprite_name":"WalkB_01","offsetx":0.0,"offsety":0.0,"alpha":1.0,"rgb":{"r":1.0,"g":1.0,"b":1.0,"a":1.0},"flip":false},{"sprite_name":"WalkL_00","offsetx":0.0,"offsety":0.0,"alpha":1.0,"rgb":{"r":1.0,"g":1.0,"b":1.0,"a":1.0},"flip":true},{"sprite_name":"Default_01","offsetx":0.0,"offsety":0.0,"alpha":1.0,"rgb":{"r":1.0,"g":1.0,"b":1.0,"a":1.0},"flip":false},{"sprite_name":"WalkL_00","offsetx":0.0,"offsety":0.0,"alpha":1.0,"rgb":{"r":1.0,"g":1.0,"b":1.0,"a":1.0},"flip":false},{"sprite_name":"WalkB_01","offsetx":0.0,"offsety":0.0,"alpha":1.0,"rgb":{"r":1.0,"g":1.0,"b":1.0,"a":1.0},"flip":false},{"sprite_name":"WalkL_00","offsetx":0.0,"offsety":0.0,"alpha":1.0,"rgb":{"r":1.0,"g":1.0,"b":1.0,"a":1.0},"flip":true},{"sprite_name":"Default_01","offsetx":0.0,"offsety":0.0,"alpha":1.0,"rgb":{"r":1.0,"g":1.0,"b":1.0,"a":1.0},"flip":false},{"sprite_name":"Default_01","offsetx":0.0,"offsety":4.0,"alpha":1.0,"rgb":{"r":1.0,"g":1.0,"b":1.0,"a":1.0},"flip":false},{"sprite_name":"Default_01","offsetx":0.0,"offsety":8.0,"alpha":1.0,"rgb":{"r":1.0,"g":1.0,"b":1.0,"a":1.0},"flip":false},{"sprite_name":"Default_01","offsetx":0.0,"offsety":12.0,"alpha":1.0,"rgb":{"r":1.0,"g":1.0,"b":1.0,"a":1.0},"flip":false},{"sprite_name":"Default_01","offsetx":0.0,"offsety":16.0,"alpha":1.0,"rgb":{"r":1.0,"g":1.0,"b":1.0,"a":1.0},"flip":false},{"sprite_name":"Default_01","offsetx":0.0,"offsety":12.0,"alpha":1.0,"rgb":{"r":1.0,"g":1.0,"b":1.0,"a":1.0},"flip":false},{"sprite_name":"Default_01","offsetx":0.0,"offsety":8.0,"alpha":1.0,"rgb":{"r":1.0,"g":1.0,"b":1.0,"a":1.0},"flip":false},{"sprite_name":"Default_01","offsetx":0.0,"offsety":4.0,"alpha":1.0,"rgb":{"r":1.0,"g":1.0,"b":1.0,"a":1.0},"flip":false},{"sprite_name":"Default_01","offsetx":0.0,"offsety":0.0,"alpha":1.0,"rgb":{"r":1.0,"g":1.0,"b":1.0,"a":1.0},"flip":false},{"sprite_name":"Default_01","offsetx":0.0,"offsety":4.0,"alpha":1.0,"rgb":{"r":1.0,"g":1.0,"b":1.0,"a":1.0},"flip":false},{"sprite_name":"Default_01","offsetx":0.0,"offsety":8.0,"alpha":1.0,"rgb":{"r":1.0,"g":1.0,"b":1.0,"a":1.0},"flip":false},{"sprite_name":"Default_01","offsetx":0.0,"offsety":12.0,"alpha":1.0,"rgb":{"r":1.0,"g":1.0,"b":1.0,"a":1.0},"flip":false},{"sprite_name":"Default_01","offsetx":0.0,"offsety":16.0,"alpha":1.0,"rgb":{"r":1.0,"g":1.0,"b":1.0,"a":1.0},"flip":false},{"sprite_name":"Default_01","offsetx":0.0,"offsety":12.0,"alpha":1.0,"rgb":{"r":1.0,"g":1.0,"b":1.0,"a":1.0},"flip":false},{"sprite_name":"Default_01","offsetx":0.0,"offsety":8.0,"alpha":1.0,"rgb":{"r":1.0,"g":1.0,"b":1.0,"a":1.0},"flip":false},{"sprite_name":"Default_01","offsetx":0.0,"offsety":4.0,"alpha":1.0,"rgb":{"r":1.0,"g":1.0,"b":1.0,"a":1.0},"flip":false},{"sprite_name":"Default_01","offsetx":0.0,"offsety":0.0,"alpha":1.0,"rgb":{"r":1.0,"g":1.0,"b":1.0,"a":1.0},"flip":false},{"sprite_name":"LookDown_00","offsetx":0.0,"offsety":0.0,"alpha":1.0,"rgb":{"r":1.0,"g":1.0,"b":1.0,"a":1.0},"flip":true},{"sprite_name":"LookDown_00","offsetx":0.0,"offsety":0.0,"alpha":1.0,"rgb":{"r":1.0,"g":1.0,"b":1.0,"a":1.0},"flip":true},{"sprite_name":"LookDown_00","offsetx":0.0,"offsety":0.0,"alpha":1.0,"rgb":{"r":1.0,"g":1.0,"b":1.0,"a":1.0},"flip":true},{"sprite_name":"LookDown_00","offsetx":0.0,"offsety":0.0,"alpha":1.0,"rgb":{"r":1.0,"g":1.0,"b":1.0,"a":1.0},"flip":true},{"sprite_name":"LookDown_00","offsetx":0.0,"offsety":0.0,"alpha":1.0,"rgb":{"r":1.0,"g":1.0,"b":1.0,"a":1.0},"flip":true},{"sprite_name":"LookDown_00","offsetx":0.0,"offsety":0.0,"alpha":1.0,"rgb":{"r":1.0,"g":1.0,"b":1.0,"a":1.0},"flip":true},{"sprite_name":"LookDown_00","offsetx":0.0,"offsety":0.0,"alpha":1.0,"rgb":{"r":1.0,"g":1.0,"b":1.0,"a":1.0},"flip":true},{"sprite_name":"LookDown_00","offsetx":0.0,"offsety":0.0,"alpha":1.0,"rgb":{"r":1.0,"g":1.0,"b":1.0,"a":1.0},"flip":true},{"sprite_name":"LookDown_00","offsetx":0.0,"offsety":0.0,"alpha":1.0,"rgb":{"r":1.0,"g":1.0,"b":1.0,"a":1.0},"flip":true},{"sprite_name":"LookDown_00","offsetx":0.0,"offsety":0.0,"alpha":1.0,"rgb":{"r":1.0,"g":1.0,"b":1.0,"a":1.0},"flip":true},{"sprite_name":"RightHandUp_00","offsetx":0.0,"offsety":0.0,"alpha":1.0,"rgb":{"r":1.0,"g":1.0,"b":1.0,"a":1.0},"flip":false}],"play_speed":1.4,"play_mode":0,"is_reverse":false,"next_anim_name":""},{"name":"crystal_revival","frames":[{"sprite_name":"Default_01","offsetx":0.0,"offsety":0.0,"alpha":1.0,"rgb":{"r":1.0,"g":1.0,"b":1.0,"a":1.0},"flip":false},{"sprite_name":"WalkL_00","offsetx":0.0,"offsety":0.0,"alpha":1.0,"rgb":{"r":1.0,"g":1.0,"b":1.0,"a":1.0},"flip":false},{"sprite_name":"WalkB_01","offsetx":0.0,"offsety":0.0,"alpha":1.0,"rgb":{"r":1.0,"g":1.0,"b":1.0,"a":1.0},"flip":false},{"sprite_name":"WalkL_00","offsetx":0.0,"offsety":0.0,"alpha":1.0,"rgb":{"r":1.0,"g":1.0,"b":1.0,"a":1.0},"flip":true},{"sprite_name":"Default_01","offsetx":0.0,"offsety":0.0,"alpha":1.0,"rgb":{"r":1.0,"g":1.0,"b":1.0,"a":1.0},"flip":false},{"sprite_name":"WalkL_00","offsetx":0.0,"offsety":0.0,"alpha":1.0,"rgb":{"r":1.0,"g":1.0,"b":1.0,"a":1.0},"flip":false},{"sprite_name":"WalkB_01","offsetx":0.0,"offsety":0.0,"alpha":1.0,"rgb":{"r":1.0,"g":1.0,"b":1.0,"a":1.0},"flip":false},{"sprite_name":"WalkL_00","offsetx":0.0,"offsety":0.0,"alpha":1.0,"rgb":{"r":1.0,"g":1.0,"b":1.0,"a":1.0},"flip":true},{"sprite_name":"Default_01","offsetx":0.0,"offsety":0.0,"alpha":1.0,"rgb":{"r":1.0,"g":1.0,"b":1.0,"a":1.0},"flip":false},{"sprite_name":"Default_01","offsetx":0.0,"offsety":4.0,"alpha":1.0,"rgb":{"r":1.0,"g":1.0,"b":1.0,"a":1.0},"flip":false},{"sprite_name":"Default_01","offsetx":0.0,"offsety":8.0,"alpha":1.0,"rgb":{"r":1.0,"g":1.0,"b":1.0,"a":1.0},"flip":false},{"sprite_name":"Default_01","offsetx":0.0,"offsety":12.0,"alpha":1.0,"rgb":{"r":1.0,"g":1.0,"b":1.0,"a":1.0},"flip":false},{"sprite_name":"Default_01","offsetx":0.0,"offsety":16.0,"alpha":1.0,"rgb":{"r":1.0,"g":1.0,"b":1.0,"a":1.0},"flip":false},{"sprite_name":"Default_01","offsetx":0.0,"offsety":12.0,"alpha":1.0,"rgb":{"r":1.0,"g":1.0,"b":1.0,"a":1.0},"flip":false},{"sprite_name":"Default_01","offsetx":0.0,"offsety":8.0,"alpha":1.0,"rgb":{"r":1.0,"g":1.0,"b":1.0,"a":1.0},"flip":false},{"sprite_name":"Default_01","offsetx":0.0,"offsety":4.0,"alpha":1.0,"rgb":{"r":1.0,"g":1.0,"b":1.0,"a":1.0},"flip":false},{"sprite_name":"Default_01","offsetx":0.0,"offsety":0.0,"alpha":1.0,"rgb":{"r":1.0,"g":1.0,"b":1.0,"a":1.0},"flip":false},{"sprite_name":"Default_01","offsetx":0.0,"offsety":4.0,"alpha":1.0,"rgb":{"r":1.0,"g":1.0,"b":1.0,"a":1.0},"flip":false},{"sprite_name":"Default_01","offsetx":0.0,"offsety":8.0,"alpha":1.0,"rgb":{"r":1.0,"g":1.0,"b":1.0,"a":1.0},"flip":false},{"sprite_name":"Default_01","offsetx":0.0,"offsety":12.0,"alpha":1.0,"rgb":{"r":1.0,"g":1.0,"b":1.0,"a":1.0},"flip":false},{"sprite_name":"Default_01","offsetx":0.0,"offsety":16.0,"alpha":1.0,"rgb":{"r":1.0,"g":1.0,"b":1.0,"a":1.0},"flip":false},{"sprite_name":"Default_01","offsetx":0.0,"offsety":12.0,"alpha":1.0,"rgb":{"r":1.0,"g":1.0,"b":1.0,"a":1.0},"flip":false},{"sprite_name":"Default_01","offsetx":0.0,"offsety":8.0,"alpha":1.0,"rgb":{"r":1.0,"g":1.0,"b":1.0,"a":1.0},"flip":false},{"sprite_name":"Default_01","offsetx":0.0,"offsety":4.0,"alpha":1.0,"rgb":{"r":1.0,"g":1.0,"b":1.0,"a":1.0},"flip":false},{"sprite_name":"Default_01","offsetx":0.0,"offsety":0.0,"alpha":1.0,"rgb":{"r":1.0,"g":1.0,"b":1.0,"a":1.0},"flip":false},{"sprite_name":"LookDown_00","offsetx":0.0,"offsety":0.0,"alpha":1.0,"rgb":{"r":1.0,"g":1.0,"b":1.0,"a":1.0},"flip":true},{"sprite_name":"LookDown_00","offsetx":0.0,"offsety":0.0,"alpha":1.0,"rgb":{"r":1.0,"g":1.0,"b":1.0,"a":1.0},"flip":true},{"sprite_name":"LookDown_00","offsetx":0.0,"offsety":0.0,"alpha":1.0,"rgb":{"r":1.0,"g":1.0,"b":1.0,"a":1.0},"flip":true},{"sprite_name":"LookDown_00","offsetx":0.0,"offsety":0.0,"alpha":1.0,"rgb":{"r":1.0,"g":1.0,"b":1.0,"a":1.0},"flip":true},{"sprite_name":"LookDown_00","offsetx":0.0,"offsety":0.0,"alpha":1.0,"rgb":{"r":1.0,"g":1.0,"b":1.0,"a":1.0},"flip":true},{"sprite_name":"LookDown_00","offsetx":0.0,"offsety":0.0,"alpha":1.0,"rgb":{"r":1.0,"g":1.0,"b":1.0,"a":1.0},"flip":true},{"sprite_name":"LookDown_00","offsetx":0.0,"offsety":0.0,"alpha":1.0,"rgb":{"r":1.0,"g":1.0,"b":1.0,"a":1.0},"flip":true},{"sprite_name":"LookDown_00","offsetx":0.0,"offsety":0.0,"alpha":1.0,"rgb":{"r":1.0,"g":1.0,"b":1.0,"a":1.0},"flip":true},{"sprite_name":"LookDown_00","offsetx":0.0,"offsety":0.0,"alpha":1.0,"rgb":{"r":1.0,"g":1.0,"b":1.0,"a":1.0},"flip":true},{"sprite_name":"LookDown_00","offsetx":0.0,"offsety":0.0,"alpha":1.0,"rgb":{"r":1.0,"g":1.0,"b":1.0,"a":1.0},"flip":true},{"sprite_name":"RightHandUp_00","offsetx":0.0,"offsety":0.0,"alpha":1.0,"rgb":{"r":1.0,"g":1.0,"b":1.0,"a":1.0},"flip":false}],"play_speed":1.4,"play_mode":0,"is_reverse":false,"next_anim_name":""},{"name":"crystal_revival","frames":[{"sprite_name":"Default_01","offsetx":0.0,"offsety":0.0,"alpha":1.0,"rgb":{"r":1.0,"g":1.0,"b":1.0,"a":1.0},"flip":false},{"sprite_name":"WalkL_00","offsetx":0.0,"offsety":0.0,"alpha":1.0,"rgb":{"r":1.0,"g":1.0,"b":1.0,"a":1.0},"flip":false},{"sprite_name":"WalkB_01","offsetx":0.0,"offsety":0.0,"alpha":1.0,"rgb":{"r":1.0,"g":1.0,"b":1.0,"a":1.0},"flip":false},{"sprite_name":"WalkL_00","offsetx":0.0,"offsety":0.0,"alpha":1.0,"rgb":{"r":1.0,"g":1.0,"b":1.0,"a":1.0},"flip":true},{"sprite_name":"Default_01","offsetx":0.0,"offsety":0.0,"alpha":1.0,"rgb":{"r":1.0,"g":1.0,"b":1.0,"a":1.0},"flip":false},{"sprite_name":"WalkL_00","offsetx":0.0,"offsety":0.0,"alpha":1.0,"rgb":{"r":1.0,"g":1.0,"b":1.0,"a":1.0},"flip":false},{"sprite_name":"WalkB_01","offsetx":0.0,"offsety":0.0,"alpha":1.0,"rgb":{"r":1.0,"g":1.0,"b":1.0,"a":1.0},"flip":false},{"sprite_name":"WalkL_00","offsetx":0.0,"offsety":0.0,"alpha":1.0,"rgb":{"r":1.0,"g":1.0,"b":1.0,"a":1.0},"flip":true},{"sprite_name":"Default_01","offsetx":0.0,"offsety":0.0,"alpha":1.0,"rgb":{"r":1.0,"g":1.0,"b":1.0,"a":1.0},"flip":false},{"sprite_name":"Default_01","offsetx":0.0,"offsety":4.0,"alpha":1.0,"rgb":{"r":1.0,"g":1.0,"b":1.0,"a":1.0},"flip":false},{"sprite_name":"Default_01","offsetx":0.0,"offsety":8.0,"alpha":1.0,"rgb":{"r":1.0,"g":1.0,"b":1.0,"a":1.0},"flip":false},{"sprite_name":"Default_01","offsetx":0.0,"offsety":12.0,"alpha":1.0,"rgb":{"r":1.0,"g":1.0,"b":1.0,"a":1.0},"flip":false},{"sprite_name":"Default_01","offsetx":0.0,"offsety":16.0,"alpha":1.0,"rgb":{"r":1.0,"g":1.0,"b":1.0,"a":1.0},"flip":false},{"sprite_name":"Default_01","offsetx":0.0,"offsety":12.0,"alpha":1.0,"rgb":{"r":1.0,"g":1.0,"b":1.0,"a":1.0},"flip":false},{"sprite_name":"Default_01","offsetx":0.0,"offsety":8.0,"alpha":1.0,"rgb":{"r":1.0,"g":1.0,"b":1.0,"a":1.0},"flip":false},{"sprite_name":"Default_01","offsetx":0.0,"offsety":4.0,"alpha":1.0,"rgb":{"r":1.0,"g":1.0,"b":1.0,"a":1.0},"flip":false},{"sprite_name":"Default_01","offsetx":0.0,"offsety":0.0,"alpha":1.0,"rgb":{"r":1.0,"g":1.0,"b":1.0,"a":1.0},"flip":false},{"sprite_name":"Default_01","offsetx":0.0,"offsety":4.0,"alpha":1.0,"rgb":{"r":1.0,"g":1.0,"b":1.0,"a":1.0},"flip":false},{"sprite_name":"Default_01","offsetx":0.0,"offsety":8.0,"alpha":1.0,"rgb":{"r":1.0,"g":1.0,"b":1.0,"a":1.0},"flip":false},{"sprite_name":"Default_01","offsetx":0.0,"offsety":12.0,"alpha":1.0,"rgb":{"r":1.0,"g":1.0,"b":1.0,"a":1.0},"flip":false},{"sprite_name":"Default_01","offsetx":0.0,"offsety":16.0,"alpha":1.0,"rgb":{"r":1.0,"g":1.0,"b":1.0,"a":1.0},"flip":false},{"sprite_name":"Default_01","offsetx":0.0,"offsety":12.0,"alpha":1.0,"rgb":{"r":1.0,"g":1.0,"b":1.0,"a":1.0},"flip":false},{"sprite_name":"Default_01","offsetx":0.0,"offsety":8.0,"alpha":1.0,"rgb":{"r":1.0,"g":1.0,"b":1.0,"a":1.0},"flip":false},{"sprite_name":"Default_01","offsetx":0.0,"offsety":4.0,"alpha":1.0,"rgb":{"r":1.0,"g":1.0,"b":1.0,"a":1.0},"flip":false},{"sprite_name":"Default_01","offsetx":0.0,"offsety":0.0,"alpha":1.0,"rgb":{"r":1.0,"g":1.0,"b":1.0,"a":1.0},"flip":false},{"sprite_name":"LookDown_00","offsetx":0.0,"offsety":0.0,"alpha":1.0,"rgb":{"r":1.0,"g":1.0,"b":1.0,"a":1.0},"flip":true},{"sprite_name":"LookDown_00","offsetx":0.0,"offsety":0.0,"alpha":1.0,"rgb":{"r":1.0,"g":1.0,"b":1.0,"a":1.0},"flip":true},{"sprite_name":"LookDown_00","offsetx":0.0,"offsety":0.0,"alpha":1.0,"rgb":{"r":1.0,"g":1.0,"b":1.0,"a":1.0},"flip":true},{"sprite_name":"LookDown_00","offsetx":0.0,"offsety":0.0,"alpha":1.0,"rgb":{"r":1.0,"g":1.0,"b":1.0,"a":1.0},"flip":true},{"sprite_name":"LookDown_00","offsetx":0.0,"offsety":0.0,"alpha":1.0,"rgb":{"r":1.0,"g":1.0,"b":1.0,"a":1.0},"flip":true},{"sprite_name":"LookDown_00","offsetx":0.0,"offsety":0.0,"alpha":1.0,"rgb":{"r":1.0,"g":1.0,"b":1.0,"a":1.0},"flip":true},{"sprite_name":"LookDown_00","offsetx":0.0,"offsety":0.0,"alpha":1.0,"rgb":{"r":1.0,"g":1.0,"b":1.0,"a":1.0},"flip":true},{"sprite_name":"LookDown_00","offsetx":0.0,"offsety":0.0,"alpha":1.0,"rgb":{"r":1.0,"g":1.0,"b":1.0,"a":1.0},"flip":true},{"sprite_name":"LookDown_00","offsetx":0.0,"offsety":0.0,"alpha":1.0,"rgb":{"r":1.0,"g":1.0,"b":1.0,"a":1.0},"flip":true},{"sprite_name":"LookDown_00","offsetx":0.0,"offsety":0.0,"alpha":1.0,"rgb":{"r":1.0,"g":1.0,"b":1.0,"a":1.0},"flip":true},{"sprite_name":"RightHandUp_00","offsetx":0.0,"offsety":0.0,"alpha":1.0,"rgb":{"r":1.0,"g":1.0,"b":1.0,"a":1.0},"flip":false}],"play_speed":1.4,"play_mode":0,"is_reverse":false,"next_anim_name":""},{"name":"crystal_revival","frames":[{"sprite_name":"Default_01","offsetx":0.0,"offsety":0.0,"alpha":1.0,"rgb":{"r":1.0,"g":1.0,"b":1.0,"a":1.0},"flip":false},{"sprite_name":"WalkL_00","offsetx":0.0,"offsety":0.0,"alpha":1.0,"rgb":{"r":1.0,"g":1.0,"b":1.0,"a":1.0},"flip":false},{"sprite_name":"WalkB_01","offsetx":0.0,"offsety":0.0,"alpha":1.0,"rgb":{"r":1.0,"g":1.0,"b":1.0,"a":1.0},"flip":false},{"sprite_name":"WalkL_00","offsetx":0.0,"offsety":0.0,"alpha":1.0,"rgb":{"r":1.0,"g":1.0,"b":1.0,"a":1.0},"flip":true},{"sprite_name":"Default_01","offsetx":0.0,"offsety":0.0,"alpha":1.0,"rgb":{"r":1.0,"g":1.0,"b":1.0,"a":1.0},"flip":false},{"sprite_name":"WalkL_00","offsetx":0.0,"offsety":0.0,"alpha":1.0,"rgb":{"r":1.0,"g":1.0,"b":1.0,"a":1.0},"flip":false},{"sprite_name":"WalkB_01","offsetx":0.0,"offsety":0.0,"alpha":1.0,"rgb":{"r":1.0,"g":1.0,"b":1.0,"a":1.0},"flip":false},{"sprite_name":"WalkL_00","offsetx":0.0,"offsety":0.0,"alpha":1.0,"rgb":{"r":1.0,"g":1.0,"b":1.0,"a":1.0},"flip":true},{"sprite_name":"Default_01","offsetx":0.0,"offsety":0.0,"alpha":1.0,"rgb":{"r":1.0,"g":1.0,"b":1.0,"a":1.0},"flip":false},{"sprite_name":"Default_01","offsetx":0.0,"offsety":4.0,"alpha":1.0,"rgb":{"r":1.0,"g":1.0,"b":1.0,"a":1.0},"flip":false},{"sprite_name":"Default_01","offsetx":0.0,"offsety":8.0,"alpha":1.0,"rgb":{"r":1.0,"g":1.0,"b":1.0,"a":1.0},"flip":false},{"sprite_name":"Default_01","offsetx":0.0,"offsety":12.0,"alpha":1.0,"rgb":{"r":1.0,"g":1.0,"b":1.0,"a":1.0},"flip":false},{"sprite_name":"Default_01","offsetx":0.0,"offsety":16.0,"alpha":1.0,"rgb":{"r":1.0,"g":1.0,"b":1.0,"a":1.0},"flip":false},{"sprite_name":"Default_01","offsetx":0.0,"offsety":12.0,"alpha":1.0,"rgb":{"r":1.0,"g":1.0,"b":1.0,"a":1.0},"flip":false},{"sprite_name":"Default_01","offsetx":0.0,"offsety":8.0,"alpha":1.0,"rgb":{"r":1.0,"g":1.0,"b":1.0,"a":1.0},"flip":false},{"sprite_name":"Default_01","offsetx":0.0,"offsety":4.0,"alpha":1.0,"rgb":{"r":1.0,"g":1.0,"b":1.0,"a":1.0},"flip":false},{"sprite_name":"Default_01","offsetx":0.0,"offsety":0.0,"alpha":1.0,"rgb":{"r":1.0,"g":1.0,"b":1.0,"a":1.0},"flip":false},{"sprite_name":"Default_01","offsetx":0.0,"offsety":4.0,"alpha":1.0,"rgb":{"r":1.0,"g":1.0,"b":1.0,"a":1.0},"flip":false},{"sprite_name":"Default_01","offsetx":0.0,"offsety":8.0,"alpha":1.0,"rgb":{"r":1.0,"g":1.0,"b":1.0,"a":1.0},"flip":false},{"sprite_name":"Default_01","offsetx":0.0,"offsety":12.0,"alpha":1.0,"rgb":{"r":1.0,"g":1.0,"b":1.0,"a":1.0},"flip":false},{"sprite_name":"Default_01","offsetx":0.0,"offsety":16.0,"alpha":1.0,"rgb":{"r":1.0,"g":1.0,"b":1.0,"a":1.0},"flip":false},{"sprite_name":"Default_01","offsetx":0.0,"offsety":12.0,"alpha":1.0,"rgb":{"r":1.0,"g":1.0,"b":1.0,"a":1.0},"flip":false},{"sprite_name":"Default_01","offsetx":0.0,"offsety":8.0,"alpha":1.0,"rgb":{"r":1.0,"g":1.0,"b":1.0,"a":1.0},"flip":false},{"sprite_name":"Default_01","offsetx":0.0,"offsety":4.0,"alpha":1.0,"rgb":{"r":1.0,"g":1.0,"b":1.0,"a":1.0},"flip":false},{"sprite_name":"Default_01","offsetx":0.0,"offsety":0.0,"alpha":1.0,"rgb":{"r":1.0,"g":1.0,"b":1.0,"a":1.0},"flip":false},{"sprite_name":"LookDown_00","offsetx":0.0,"offsety":0.0,"alpha":1.0,"rgb":{"r":1.0,"g":1.0,"b":1.0,"a":1.0},"flip":true},{"sprite_name":"LookDown_00","offsetx":0.0,"offsety":0.0,"alpha":1.0,"rgb":{"r":1.0,"g":1.0,"b":1.0,"a":1.0},"flip":true},{"sprite_name":"LookDown_00","offsetx":0.0,"offsety":0.0,"alpha":1.0,"rgb":{"r":1.0,"g":1.0,"b":1.0,"a":1.0},"flip":true},{"sprite_name":"LookDown_00","offsetx":0.0,"offsety":0.0,"alpha":1.0,"rgb":{"r":1.0,"g":1.0,"b":1.0,"a":1.0},"flip":true},{"sprite_name":"LookDown_00","offsetx":0.0,"offsety":0.0,"alpha":1.0,"rgb":{"r":1.0,"g":1.0,"b":1.0,"a":1.0},"flip":true},{"sprite_name":"LookDown_00","offsetx":0.0,"offsety":0.0,"alpha":1.0,"rgb":{"r":1.0,"g":1.0,"b":1.0,"a":1.0},"flip":true},{"sprite_name":"LookDown_00","offsetx":0.0,"offsety":0.0,"alpha":1.0,"rgb":{"r":1.0,"g":1.0,"b":1.0,"a":1.0},"flip":true},{"sprite_name":"LookDown_00","offsetx":0.0,"offsety":0.0,"alpha":1.0,"rgb":{"r":1.0,"g":1.0,"b":1.0,"a":1.0},"flip":true},{"sprite_name":"LookDown_00","offsetx":0.0,"offsety":0.0,"alpha":1.0,"rgb":{"r":1.0,"g":1.0,"b":1.0,"a":1.0},"flip":true},{"sprite_name":"LookDown_00","offsetx":0.0,"offsety":0.0,"alpha":1.0,"rgb":{"r":1.0,"g":1.0,"b":1.0,"a":1.0},"flip":true},{"sprite_name":"RightHandUp_00","offsetx":0.0,"offsety":0.0,"alpha":1.0,"rgb":{"r":1.0,"g":1.0,"b":1.0,"a":1.0},"flip":false}],"play_speed":1.4,"play_mode":0,"is_reverse":false,"next_anim_name":""},{"name":"crystal_revival","frames":[{"sprite_name":"Default_01","offsetx":0.0,"offsety":0.0,"alpha":1.0,"rgb":{"r":1.0,"g":1.0,"b":1.0,"a":1.0},"flip":false},{"sprite_name":"WalkL_00","offsetx":0.0,"offsety":0.0,"alpha":1.0,"rgb":{"r":1.0,"g":1.0,"b":1.0,"a":1.0},"flip":false},{"sprite_name":"WalkB_01","offsetx":0.0,"offsety":0.0,"alpha":1.0,"rgb":{"r":1.0,"g":1.0,"b":1.0,"a":1.0},"flip":false},{"sprite_name":"WalkL_00","offsetx":0.0,"offsety":0.0,"alpha":1.0,"rgb":{"r":1.0,"g":1.0,"b":1.0,"a":1.0},"flip":true},{"sprite_name":"Default_01","offsetx":0.0,"offsety":0.0,"alpha":1.0,"rgb":{"r":1.0,"g":1.0,"b":1.0,"a":1.0},"flip":false},{"sprite_name":"WalkL_00","offsetx":0.0,"offsety":0.0,"alpha":1.0,"rgb":{"r":1.0,"g":1.0,"b":1.0,"a":1.0},"flip":false},{"sprite_name":"WalkB_01","offsetx":0.0,"offsety":0.0,"alpha":1.0,"rgb":{"r":1.0,"g":1.0,"b":1.0,"a":1.0},"flip":false},{"sprite_name":"WalkL_00","offsetx":0.0,"offsety":0.0,"alpha":1.0,"rgb":{"r":1.0,"g":1.0,"b":1.0,"a":1.0},"flip":true},{"sprite_name":"Default_01","offsetx":0.0,"offsety":0.0,"alpha":1.0,"rgb":{"r":1.0,"g":1.0,"b":1.0,"a":1.0},"flip":false},{"sprite_name":"Default_01","offsetx":0.0,"offsety":4.0,"alpha":1.0,"rgb":{"r":1.0,"g":1.0,"b":1.0,"a":1.0},"flip":false},{"sprite_name":"Default_01","offsetx":0.0,"offsety":8.0,"alpha":1.0,"rgb":{"r":1.0,"g":1.0,"b":1.0,"a":1.0},"flip":false},{"sprite_name":"Default_01","offsetx":0.0,"offsety":12.0,"alpha":1.0,"rgb":{"r":1.0,"g":1.0,"b":1.0,"a":1.0},"flip":false},{"sprite_name":"Default_01","offsetx":0.0,"offsety":16.0,"alpha":1.0,"rgb":{"r":1.0,"g":1.0,"b":1.0,"a":1.0},"flip":false},{"sprite_name":"Default_01","offsetx":0.0,"offsety":12.0,"alpha":1.0,"rgb":{"r":1.0,"g":1.0,"b":1.0,"a":1.0},"flip":false},{"sprite_name":"Default_01","offsetx":0.0,"offsety":8.0,"alpha":1.0,"rgb":{"r":1.0,"g":1.0,"b":1.0,"a":1.0},"flip":false},{"sprite_name":"Default_01","offsetx":0.0,"offsety":4.0,"alpha":1.0,"rgb":{"r":1.0,"g":1.0,"b":1.0,"a":1.0},"flip":false},{"sprite_name":"Default_01","offsetx":0.0,"offsety":0.0,"alpha":1.0,"rgb":{"r":1.0,"g":1.0,"b":1.0,"a":1.0},"flip":false},{"sprite_name":"Default_01","offsetx":0.0,"offsety":4.0,"alpha":1.0,"rgb":{"r":1.0,"g":1.0,"b":1.0,"a":1.0},"flip":false},{"sprite_name":"Default_01","offsetx":0.0,"offsety":8.0,"alpha":1.0,"rgb":{"r":1.0,"g":1.0,"b":1.0,"a":1.0},"flip":false},{"sprite_name":"Default_01","offsetx":0.0,"offsety":12.0,"alpha":1.0,"rgb":{"r":1.0,"g":1.0,"b":1.0,"a":1.0},"flip":false},{"sprite_name":"Default_01","offsetx":0.0,"offsety":16.0,"alpha":1.0,"rgb":{"r":1.0,"g":1.0,"b":1.0,"a":1.0},"flip":false},{"sprite_name":"Default_01","offsetx":0.0,"offsety":12.0,"alpha":1.0,"rgb":{"r":1.0,"g":1.0,"b":1.0,"a":1.0},"flip":false},{"sprite_name":"Default_01","offsetx":0.0,"offsety":8.0,"alpha":1.0,"rgb":{"r":1.0,"g":1.0,"b":1.0,"a":1.0},"flip":false},{"sprite_name":"Default_01","offsetx":0.0,"offsety":4.0,"alpha":1.0,"rgb":{"r":1.0,"g":1.0,"b":1.0,"a":1.0},"flip":false},{"sprite_name":"Default_01","offsetx":0.0,"offsety":0.0,"alpha":1.0,"rgb":{"r":1.0,"g":1.0,"b":1.0,"a":1.0},"flip":false},{"sprite_name":"LookDown_00","offsetx":0.0,"offsety":0.0,"alpha":1.0,"rgb":{"r":1.0,"g":1.0,"b":1.0,"a":1.0},"flip":true},{"sprite_name":"LookDown_00","offsetx":0.0,"offsety":0.0,"alpha":1.0,"rgb":{"r":1.0,"g":1.0,"b":1.0,"a":1.0},"flip":true},{"sprite_name":"LookDown_00","offsetx":0.0,"offsety":0.0,"alpha":1.0,"rgb":{"r":1.0,"g":1.0,"b":1.0,"a":1.0},"flip":true},{"sprite_name":"LookDown_00","offsetx":0.0,"offsety":0.0,"alpha":1.0,"rgb":{"r":1.0,"g":1.0,"b":1.0,"a":1.0},"flip":true},{"sprite_name":"LookDown_00","offsetx":0.0,"offsety":0.0,"alpha":1.0,"rgb":{"r":1.0,"g":1.0,"b":1.0,"a":1.0},"flip":true},{"sprite_name":"LookDown_00","offsetx":0.0,"offsety":0.0,"alpha":1.0,"rgb":{"r":1.0,"g":1.0,"b":1.0,"a":1.0},"flip":true},{"sprite_name":"LookDown_00","offsetx":0.0,"offsety":0.0,"alpha":1.0,"rgb":{"r":1.0,"g":1.0,"b":1.0,"a":1.0},"flip":true},{"sprite_name":"LookDown_00","offsetx":0.0,"offsety":0.0,"alpha":1.0,"rgb":{"r":1.0,"g":1.0,"b":1.0,"a":1.0},"flip":true},{"sprite_name":"LookDown_00","offsetx":0.0,"offsety":0.0,"alpha":1.0,"rgb":{"r":1.0,"g":1.0,"b":1.0,"a":1.0},"flip":true},{"sprite_name":"LookDown_00","offsetx":0.0,"offsety":0.0,"alpha":1.0,"rgb":{"r":1.0,"g":1.0,"b":1.0,"a":1.0},"flip":true},{"sprite_name":"RightHandUp_00","offsetx":0.0,"offsety":0.0,"alpha":1.0,"rgb":{"r":1.0,"g":1.0,"b":1.0,"a":1.0},"flip":false}],"play_speed":1.4,"play_mode":0,"is_reverse":false,"next_anim_name":""},{"name":"shining","frames":[{"sprite_name":"Default_03","offsetx":0.0,"offsety":0.0,"alpha":1.0,"rgb":{"r":1.0,"g":1.0,"b":1.0,"a":1.0},"flip":false},{"sprite_name":"Default_00","offsetx":0.0,"offsety":0.0,"alpha":1.0,"rgb":{"r":1.0,"g":1.0,"b":1.0,"a":1.0},"flip":false},{"sprite_name":"Default_02","offsetx":0.0,"offsety":0.0,"alpha":1.0,"rgb":{"r":1.0,"g":1.0,"b":1.0,"a":1.0},"flip":false},{"sprite_name":"Default_01","offsetx":0.0,"offsety":0.0,"alpha":1.0,"rgb":{"r":1.0,"g":1.0,"b":1.0,"a":1.0},"flip":false}],"play_speed":1.0,"play_mode":0,"is_reverse":false,"next_anim_name":""},{"name":"shineing_1","frames":[{"sprite_name":"Default_03","offsetx":0.0,"offsety":0.0,"alpha":1.0,"rgb":{"r":1.0,"g":1.0,"b":1.0,"a":1.0},"flip":false},{"sprite_name":"Default_00","offsetx":0.0,"offsety":0.0,"alpha":1.0,"rgb":{"r":1.0,"g":1.0,"b":1.0,"a":1.0},"flip":false},{"sprite_name":"Default_02","offsetx":0.0,"offsety":0.0,"alpha":1.0,"rgb":{"r":1.0,"g":1.0,"b":1.0,"a":1.0},"flip":false}],"play_speed":0.0,"play_mode":0,"is_reverse":false,"next_anim_name":""},{"name":"shining_2","frames":[{"sprite_name":"Default_03","offsetx":0.0,"offsety":2.0,"alpha":1.0,"rgb":{"r":1.0,"g":1.0,"b":1.0,"a":1.0},"flip":false},{"sprite_name":"Default_00","offsetx":0.0,"offsety":2.0,"alpha":1.0,"rgb":{"r":1.0,"g":1.0,"b":1.0,"a":1.0},"flip":false},{"sprite_name":"Default_02","offsetx":0.0,"offsety":2.0,"alpha":1.0,"rgb":{"r":1.0,"g":1.0,"b":1.0,"a":1.0},"flip":false}],"play_speed":0.5,"play_mode":0,"is_reverse":false,"next_anim_name":""},{"name":"Get treasure","frames":[{"sprite_name":"Default_01","offsetx":0.0,"offsety":0.0,"alpha":1.0,"rgb":{"r":1.0,"g":1.0,"b":1.0,"a":1.0},"flip":false},{"sprite_name":"LookDown_00","offsetx":0.0,"offsety":0.0,"alpha":1.0,"rgb":{"r":1.0,"g":1.0,"b":1.0,"a":1.0},"flip":false},{"sprite_name":"RightHandUp_00","offsetx":0.0,"offsety":0.0,"alpha":1.0,"rgb":{"r":1.0,"g":1.0,"b":1.0,"a":1.0},"flip":false}],"play_speed":1.5,"play_mode":0,"is_reverse":false,"next_anim_name":""},{"name":"Default","frames":[{"sprite_name":"Default_00","offsetx":0.0,"offsety":2.0,"alpha":1.0,"rgb":{"r":1.0,"g":1.0,"b":1.0,"a":1.0},"flip":false},{"sprite_name":"Default_01","offsetx":0.0,"offsety":2.0,"alpha":1.0,"rgb":{"r":1.0,"g":1.0,"b":1.0,"a":1.0},"flip":false},{"sprite_name":"Default_02","offsetx":0.0,"offsety":2.0,"alpha":1.0,"rgb":{"r":1.0,"g":1.0,"b":1.0,"a":1.0},"flip":false},{"sprite_name":"Default_03","offsetx":0.0,"offsety":2.0,"alpha":1.0,"rgb":{"r":1.0,"g":1.0,"b":1.0,"a":1.0},"flip":false},{"sprite_name":"Default_03","offsetx":0.0,"offsety":2.0,"alpha":1.0,"rgb":{"r":1.0,"g":1.0,"b":1.0,"a":1.0},"flip":false},{"sprite_name":"Default_03","offsetx":0.0,"offsety":2.0,"alpha":1.0,"rgb":{"r":1.0,"g":1.0,"b":1.0,"a":1.0},"flip":false},{"sprite_name":"Default_03","offsetx":0.0,"offsety":2.0,"alpha":1.0,"rgb":{"r":1.0,"g":1.0,"b":1.0,"a":1.0},"flip":false},{"sprite_name":"Default_03","offsetx":0.0,"offsety":2.0,"alpha":1.0,"rgb":{"r":1.0,"g":1.0,"b":1.0,"a":1.0},"flip":false},{"sprite_name":"Default_03","offsetx":0.0,"offsety":2.0,"alpha":1.0,"rgb":{"r":1.0,"g":1.0,"b":1.0,"a":1.0},"flip":false}],"play_speed":1.8,"play_mode":1,"is_reverse":false,"next_anim_name":""}],"Name":"sc_e_0021_2","Title":{"main":"リッチとの戦闘","sub":"オンラクのデモ"}}