{"SystemFlag":{"SkipInitialize":0,"KeepPlayerPuppet":0,"KeepBadStatusVisual":0,"RidingVehicle":0},"Segments":[{"Label":"Main","EntryPoint":0,"Count":34},{"Label":"ティアマット削除","EntryPoint":34,"Count":7},{"Label":"0","EntryPoint":41,"Count":21},{"Label":"0000","EntryPoint":62,"Count":7},{"Label":"0001","EntryPoint":69,"Count":7},{"Label":"0002","EntryPoint":76,"Count":24},{"Label":"0003","EntryPoint":100,"Count":11},{"Label":"0004","EntryPoint":111,"Count":7},{"Label":"0007","EntryPoint":118,"Count":22},{"Label":"0008","EntryPoint":140,"Count":23},{"Label":"0009","EntryPoint":163,"Count":43},{"Label":"0010","EntryPoint":206,"Count":18},{"Label":"0011","EntryPoint":224,"Count":19}],"ScriptLocal":[],"ScriptLocalValue":[],"Mnemonics":[{"label":"Main","mnemonic":"Nop","operands":{"iValues":[],"rValues":[],"sValues":[]},"type":1,"comment":""},{"label":"","mnemonic":"Call","operands":{"iValues":[34,0,0,0,0,0,0,0],"rValues":[0.0,0.0,0.0,0.0,0.0,0.0,0.0,0.0],"sValues":["","","","","","","",""]},"type":1,"comment":""},{"label":"","mnemonic":"Call","operands":{"iValues":[41,0,0,0,0,0,0,0],"rValues":[0.0,0.0,0.0,0.0,0.0,0.0,0.0,0.0],"sValues":["","","","","","","",""]},"type":1,"comment":""},{"label":"","mnemonic":"FadeIn","operands":{"iValues":[0,0,0,0,0,0,0,0],"rValues":[0.7,0.0,0.0,0.0,0.0,0.0,0.0,0.0],"sValues":["","","","","","","",""]},"type":1,"comment":""},{"label":"","mnemonic":"Wait","operands":{"iValues":[0,0,0,0,0,0,0,0],"rValues":[0.35,0.0,0.0,0.0,0.0,0.0,0.0,0.0],"sValues":["","","","","","","",""]},"type":1,"comment":""},{"label":"","mnemonic":"Call","operands":{"iValues":[62,0,0,0,0,0,0,0],"rValues":[0.0,0.0,0.0,0.0,0.0,0.0,0.0,0.0],"sValues":["","","","","","","",""]},"type":1,"comment":""},{"label":"","mnemonic":"Call","operands":{"iValues":[69,0,0,0,0,0,0,0],"rValues":[0.0,0.0,0.0,0.0,0.0,0.0,0.0,0.0],"sValues":["","","","","","","",""]},"type":1,"comment":""},{"label":"","mnemonic":"Wait","operands":{"iValues":[0,0,0,0,0,0,0,0],"rValues":[0.7,0.0,0.0,0.0,0.0,0.0,0.0,0.0],"sValues":["","","","","","","",""]},"type":1,"comment":""},{"label":"","mnemonic":"Call","operands":{"iValues":[76,0,0,0,0,0,0,0],"rValues":[0.0,0.0,0.0,0.0,0.0,0.0,0.0,0.0],"sValues":["","","","","","","",""]},"type":1,"comment":""},{"label":"","mnemonic":"Wait","operands":{"iValues":[0,0,0,0,0,0,0,0],"rValues":[0.35,0.0,0.0,0.0,0.0,0.0,0.0,0.0],"sValues":["","","","","","","",""]},"type":1,"comment":""},{"label":"","mnemonic":"Call","operands":{"iValues":[100,0,0,0,0,0,0,0],"rValues":[0.0,0.0,0.0,0.0,0.0,0.0,0.0,0.0],"sValues":["","","","","","","",""]},"type":1,"comment":""},{"label":"","mnemonic":"PlaySE","operands":{"iValues":[101,1,-1,0,0,0,0,0],"rValues":[0.0,0.0,0.0,0.0,0.0,0.0,0.0,0.0],"sValues":["","","","","","","",""]},"type":1,"comment":""},{"label":"","mnemonic":"Wait","operands":{"iValues":[0,0,0,0,0,0,0,0],"rValues":[0.35,0.0,0.0,0.0,0.0,0.0,0.0,0.0],"sValues":["","","","","","","",""]},"type":1,"comment":""},{"label":"","mnemonic":"Call","operands":{"iValues":[111,0,0,0,0,0,0,0],"rValues":[0.0,0.0,0.0,0.0,0.0,0.0,0.0,0.0],"sValues":["","","","","","","",""]},"type":1,"comment":""},{"label":"","mnemonic":"PlaySE","operands":{"iValues":[126,1,-1,0,0,0,0,0],"rValues":[0.0,0.0,0.0,0.0,0.0,0.0,0.0,0.0],"sValues":["","","","","","","",""]},"type":1,"comment":""},{"label":"","mnemonic":"Call","operands":{"iValues":[118,0,0,0,0,0,0,0],"rValues":[0.0,0.0,0.0,0.0,0.0,0.0,0.0,0.0],"sValues":["","","","","","","",""]},"type":1,"comment":""},{"label":"","mnemonic":"FadeOut","operands":{"iValues":[255,255,255,255,0,0,0,0],"rValues":[0.35,0.0,0.0,0.0,0.0,0.0,0.0,0.0],"sValues":["","","","","","","",""]},"type":1,"comment":""},{"label":"","mnemonic":"PlaySE","operands":{"iValues":[127,1,-1,0,0,0,0,0],"rValues":[0.0,0.0,0.0,0.0,0.0,0.0,0.0,0.0],"sValues":["","","","","","","",""]},"type":1,"comment":""},{"label":"","mnemonic":"Wait","operands":{"iValues":[0,0,0,0,0,0,0,0],"rValues":[0.7,0.0,0.0,0.0,0.0,0.0,0.0,0.0],"sValues":["","","","","","","",""]},"type":1,"comment":""},{"label":"","mnemonic":"Call","operands":{"iValues":[140,0,0,0,0,0,0,0],"rValues":[0.0,0.0,0.0,0.0,0.0,0.0,0.0,0.0],"sValues":["","","","","","","",""]},"type":1,"comment":""},{"label":"","mnemonic":"FadeIn","operands":{"iValues":[255,255,255,255,0,0,0,0],"rValues":[0.35,0.0,0.0,0.0,0.0,0.0,0.0,0.0],"sValues":["","","","","","","",""]},"type":1,"comment":""},{"label":"","mnemonic":"Wait","operands":{"iValues":[0,0,0,0,0,0,0,0],"rValues":[0.7,0.0,0.0,0.0,0.0,0.0,0.0,0.0],"sValues":["","","","","","","",""]},"type":1,"comment":""},{"label":"","mnemonic":"SysCall","operands":{"iValues":[0,0,0,0,0,0,0,0],"rValues":[0.0,0.0,0.0,0.0,0.0,0.0,0.0,0.0],"sValues":["緑色クリスタル点灯","","","","","","",""]},"type":1,"comment":""},{"label":"","mnemonic":"Call","operands":{"iValues":[163,0,0,0,0,0,0,0],"rValues":[0.0,0.0,0.0,0.0,0.0,0.0,0.0,0.0],"sValues":["","","","","","","",""]},"type":1,"comment":""},{"label":"","mnemonic":"Wait","operands":{"iValues":[0,0,0,0,0,0,0,0],"rValues":[0.7,0.0,0.0,0.0,0.0,0.0,0.0,0.0],"sValues":["","","","","","","",""]},"type":1,"comment":""},{"label":"","mnemonic":"Call","operands":{"iValues":[206,0,0,0,0,0,0,0],"rValues":[0.0,0.0,0.0,0.0,0.0,0.0,0.0,0.0],"sValues":["","","","","","","",""]},"type":1,"comment":""},{"label":"","mnemonic":"PlayBGM","operands":{"iValues":[8,1,0,0,0,0,0,0],"rValues":[0.0,0.0,0.0,0.0,0.0,0.0,0.0,0.0],"sValues":["","","","","","","",""]},"type":1,"comment":""},{"label":"","mnemonic":"Call","operands":{"iValues":[224,0,0,0,0,0,0,0],"rValues":[0.0,0.0,0.0,0.0,0.0,0.0,0.0,0.0],"sValues":["","","","","","","",""]},"type":1,"comment":""},{"label":"","mnemonic":"SetEntities","operands":{"iValues":[0,0,0,0,0,0,0,0],"rValues":[0.0,0.0,0.0,0.0,0.0,0.0,0.0,0.0],"sValues":["ev_e_0038","","","","","","",""]},"type":1,"comment":""},{"label":"","mnemonic":"MsgFunfare","operands":{"iValues":[0,0,84,0,0,0,0,0],"rValues":[0.0,0.0,0.0,0.0,0.0,0.0,0.0,0.0],"sValues":["MSG_KEY_A1","","","","","","",""]},"type":1,"comment":""},{"label":"","mnemonic":"GetItem","operands":{"iValues":[2,0,0,0,0,0,0,0],"rValues":[0.0,0.0,0.0,0.0,0.0,0.0,0.0,0.0],"sValues":["","","","","","","",""]},"type":1,"comment":""},{"label":"","mnemonic":"SetFlag","operands":{"iValues":[0,0,0,0,0,0,0,0],"rValues":[0.0,0.0,0.0,0.0,0.0,0.0,0.0,0.0],"sValues":["ScenarioFlag1","","","","","","",""]},"type":1,"comment":""},{"label":"","mnemonic":"SetFlag","operands":{"iValues":[135,0,0,0,0,0,0,0],"rValues":[0.0,0.0,0.0,0.0,0.0,0.0,0.0,0.0],"sValues":["ScenarioFlag1","","","","","","",""]},"type":1,"comment":""},{"label":"","mnemonic":"Exit","operands":{"iValues":[0,0,0,0,0,0,0,0],"rValues":[0.0,0.0,0.0,0.0,0.0,0.0,0.0,0.0],"sValues":["","","","","","","",""]},"type":1,"comment":""},{"label":"ティアマット削除","mnemonic":"Nop","operands":{"iValues":[],"rValues":[],"sValues":[]},"type":2,"comment":""},{"label":"","mnemonic":"SetPuppet","operands":{"iValues":[0,5,38,0,0,0,0,0],"rValues":[0.0,0.0,0.0,0.0,0.0,0.0,0.0,0.0],"sValues":["","","","","","","",""]},"type":2,"comment":""},{"label":"","mnemonic":"ExecPuppet","operands":{"iValues":[0,0,0,0,0,0,0,0],"rValues":[0.0,0.0,0.0,0.0,0.0,0.0,0.0,0.0],"sValues":["","","","","","","",""]},"type":2,"comment":""},{"label":"","mnemonic":"Return","operands":{"iValues":[0,0,0,0,0,0,0,0],"rValues":[0.0,0.0,0.0,0.0,0.0,0.0,0.0,0.0],"sValues":["","","","","","","",""]},"type":2,"comment":""},{"label":"ティアマット削除_00","mnemonic":"Nop","operands":{"iValues":[],"rValues":[],"sValues":[]},"type":2,"comment":""},{"label":"","mnemonic":"Hide","operands":{"iValues":[0,0,0,0,0,0,0,0],"rValues":[0.0,0.0,0.0,0.0,0.0,0.0,0.0,0.0],"sValues":["","","","","","","",""]},"type":2,"comment":""},{"label":"","mnemonic":"Exit","operands":{"iValues":[0,0,0,0,0,0,0,0],"rValues":[0.0,0.0,0.0,0.0,0.0,0.0,0.0,0.0],"sValues":["","","","","","","",""]},"type":2,"comment":""},{"label":"0","mnemonic":"Nop","operands":{"iValues":[],"rValues":[],"sValues":[]},"type":2,"comment":""},{"label":"","mnemonic":"SetPuppet","operands":{"iValues":[0,3,48,0,0,0,0,0],"rValues":[0.0,0.0,0.0,0.0,0.0,0.0,0.0,0.0],"sValues":["","","","","","","",""]},"type":2,"comment":""},{"label":"","mnemonic":"SetPuppet","operands":{"iValues":[1,0,51,0,0,0,0,0],"rValues":[0.0,0.0,0.0,0.0,0.0,0.0,0.0,0.0],"sValues":["","","","","","","",""]},"type":2,"comment":""},{"label":"","mnemonic":"SetPuppet","operands":{"iValues":[2,-1001,54,0,0,0,0,0],"rValues":[0.0,0.0,0.0,0.0,0.0,0.0,0.0,0.0],"sValues":["","","","","","","",""]},"type":2,"comment":""},{"label":"","mnemonic":"SetPuppet","operands":{"iValues":[3,16,57,0,0,0,0,0],"rValues":[0.0,0.0,0.0,0.0,0.0,0.0,0.0,0.0],"sValues":["","","","","","","",""]},"type":2,"comment":""},{"label":"","mnemonic":"ExecPuppet","operands":{"iValues":[0,0,0,0,0,0,0,0],"rValues":[0.0,0.0,0.0,0.0,0.0,0.0,0.0,0.0],"sValues":["","","","","","","",""]},"type":2,"comment":""},{"label":"","mnemonic":"Return","operands":{"iValues":[0,0,0,0,0,0,0,0],"rValues":[0.0,0.0,0.0,0.0,0.0,0.0,0.0,0.0],"sValues":["","","","","","","",""]},"type":2,"comment":""},{"label":"0_00","mnemonic":"Nop","operands":{"iValues":[],"rValues":[],"sValues":[]},"type":2,"comment":""},{"label":"","mnemonic":"Hide","operands":{"iValues":[0,0,0,0,0,0,0,0],"rValues":[0.0,0.0,0.0,0.0,0.0,0.0,0.0,0.0],"sValues":["","","","","","","",""]},"type":2,"comment":""},{"label":"","mnemonic":"Exit","operands":{"iValues":[0,0,0,0,0,0,0,0],"rValues":[0.0,0.0,0.0,0.0,0.0,0.0,0.0,0.0],"sValues":["","","","","","","",""]},"type":2,"comment":""},{"label":"0_01","mnemonic":"Nop","operands":{"iValues":[],"rValues":[],"sValues":[]},"type":2,"comment":""},{"label":"","mnemonic":"SetPos","operands":{"iValues":[16,15,1,0,0,0,0,0],"rValues":[0.0,0.0,0.0,0.0,0.0,0.0,0.0,0.0],"sValues":["","","","","","","",""]},"type":2,"comment":""},{"label":"","mnemonic":"Exit","operands":{"iValues":[0,0,0,0,0,0,0,0],"rValues":[0.0,0.0,0.0,0.0,0.0,0.0,0.0,0.0],"sValues":["","","","","","","",""]},"type":2,"comment":""},{"label":"0_02","mnemonic":"Nop","operands":{"iValues":[],"rValues":[],"sValues":[]},"type":2,"comment":""},{"label":"","mnemonic":"SetPos","operands":{"iValues":[16,15,0,0,0,0,0,0],"rValues":[0.0,0.0,0.0,0.0,0.0,0.0,0.0,0.0],"sValues":["WalkB","","","","","","",""]},"type":2,"comment":""},{"label":"","mnemonic":"Exit","operands":{"iValues":[0,0,0,0,0,0,0,0],"rValues":[0.0,0.0,0.0,0.0,0.0,0.0,0.0,0.0],"sValues":["","","","","","","",""]},"type":2,"comment":""},{"label":"0_03","mnemonic":"Nop","operands":{"iValues":[],"rValues":[],"sValues":[]},"type":2,"comment":""},{"label":"","mnemonic":"SetPos","operands":{"iValues":[16,6,0,0,0,0,0,0],"rValues":[0.0,0.0,0.0,0.0,0.0,0.0,0.0,0.0],"sValues":["Default","","","","","","",""]},"type":2,"comment":""},{"label":"","mnemonic":"Show","operands":{"iValues":[0,0,0,0,0,0,0,0],"rValues":[0.0,0.0,0.0,0.0,0.0,0.0,0.0,0.0],"sValues":["","","","","","","",""]},"type":2,"comment":""},{"label":"","mnemonic":"PlayAnim","operands":{"iValues":[0,-1,0,0,0,0,0,0],"rValues":[1.0,0.0,0.0,0.0,0.0,0.0,0.0,0.0],"sValues":["blink","","","","","","",""]},"type":2,"comment":""},{"label":"","mnemonic":"Exit","operands":{"iValues":[0,0,0,0,0,0,0,0],"rValues":[0.0,0.0,0.0,0.0,0.0,0.0,0.0,0.0],"sValues":["","","","","","","",""]},"type":2,"comment":""},{"label":"0000","mnemonic":"Nop","operands":{"iValues":[],"rValues":[],"sValues":[]},"type":2,"comment":""},{"label":"","mnemonic":"SetPuppet","operands":{"iValues":[0,0,66,0,0,0,0,0],"rValues":[0.0,0.0,0.0,0.0,0.0,0.0,0.0,0.0],"sValues":["","","","","","","",""]},"type":2,"comment":""},{"label":"","mnemonic":"ExecPuppet","operands":{"iValues":[0,0,0,0,0,0,0,0],"rValues":[0.0,0.0,0.0,0.0,0.0,0.0,0.0,0.0],"sValues":["","","","","","","",""]},"type":2,"comment":""},{"label":"","mnemonic":"Return","operands":{"iValues":[0,0,0,0,0,0,0,0],"rValues":[0.0,0.0,0.0,0.0,0.0,0.0,0.0,0.0],"sValues":["","","","","","","",""]},"type":2,"comment":""},{"label":"0000_00","mnemonic":"Nop","operands":{"iValues":[],"rValues":[],"sValues":[]},"type":2,"comment":""},{"label":"","mnemonic":"Move","operands":{"iValues":[0,4,0,0,0,0,0,0],"rValues":[0.0,0.0,0.0,0.0,0.0,0.0,0.0,0.0],"sValues":["","","","","","","",""]},"type":2,"comment":""},{"label":"","mnemonic":"Exit","operands":{"iValues":[0,0,0,0,0,0,0,0],"rValues":[0.0,0.0,0.0,0.0,0.0,0.0,0.0,0.0],"sValues":["","","","","","","",""]},"type":2,"comment":""},{"label":"0001","mnemonic":"Nop","operands":{"iValues":[],"rValues":[],"sValues":[]},"type":2,"comment":""},{"label":"","mnemonic":"SetPuppet","operands":{"iValues":[0,-1001,73,0,0,0,0,0],"rValues":[0.0,0.0,0.0,0.0,0.0,0.0,0.0,0.0],"sValues":["","","","","","","",""]},"type":2,"comment":""},{"label":"","mnemonic":"ExecPuppet","operands":{"iValues":[0,0,0,0,0,0,0,0],"rValues":[0.0,0.0,0.0,0.0,0.0,0.0,0.0,0.0],"sValues":["","","","","","","",""]},"type":2,"comment":""},{"label":"","mnemonic":"Return","operands":{"iValues":[0,0,0,0,0,0,0,0],"rValues":[0.0,0.0,0.0,0.0,0.0,0.0,0.0,0.0],"sValues":["","","","","","","",""]},"type":2,"comment":""},{"label":"0001_00","mnemonic":"Nop","operands":{"iValues":[],"rValues":[],"sValues":[]},"type":2,"comment":""},{"label":"","mnemonic":"Move","operands":{"iValues":[0,3,3,0,0,0,0,0],"rValues":[0.0,0.0,0.0,0.0,0.0,0.0,0.0,0.0],"sValues":["WalkB","","","","","","",""]},"type":2,"comment":""},{"label":"","mnemonic":"Exit","operands":{"iValues":[0,0,0,0,0,0,0,0],"rValues":[0.0,0.0,0.0,0.0,0.0,0.0,0.0,0.0],"sValues":["","","","","","","",""]},"type":2,"comment":""},{"label":"0002","mnemonic":"Nop","operands":{"iValues":[],"rValues":[],"sValues":[]},"type":2,"comment":""},{"label":"","mnemonic":"SetPuppet","operands":{"iValues":[0,-1002,82,0,0,0,0,0],"rValues":[0.0,0.0,0.0,0.0,0.0,0.0,0.0,0.0],"sValues":["","","","","","","",""]},"type":2,"comment":""},{"label":"","mnemonic":"SetPuppet","operands":{"iValues":[1,-1003,88,0,0,0,0,0],"rValues":[0.0,0.0,0.0,0.0,0.0,0.0,0.0,0.0],"sValues":["","","","","","","",""]},"type":2,"comment":""},{"label":"","mnemonic":"SetPuppet","operands":{"iValues":[2,-1004,94,0,0,0,0,0],"rValues":[0.0,0.0,0.0,0.0,0.0,0.0,0.0,0.0],"sValues":["","","","","","","",""]},"type":2,"comment":""},{"label":"","mnemonic":"ExecPuppet","operands":{"iValues":[0,0,0,0,0,0,0,0],"rValues":[0.0,0.0,0.0,0.0,0.0,0.0,0.0,0.0],"sValues":["","","","","","","",""]},"type":2,"comment":""},{"label":"","mnemonic":"Return","operands":{"iValues":[0,0,0,0,0,0,0,0],"rValues":[0.0,0.0,0.0,0.0,0.0,0.0,0.0,0.0],"sValues":["","","","","","","",""]},"type":2,"comment":""},{"label":"0002_00","mnemonic":"Nop","operands":{"iValues":[],"rValues":[],"sValues":[]},"type":2,"comment":""},{"label":"","mnemonic":"SetPos","operands":{"iValues":[16,12,0,0,0,0,0,0],"rValues":[0.0,0.0,0.0,0.0,0.0,0.0,0.0,0.0],"sValues":["WalkB","","","","","","",""]},"type":2,"comment":""},{"label":"","mnemonic":"Show","operands":{"iValues":[0,0,0,0,0,0,0,0],"rValues":[0.0,0.0,0.0,0.0,0.0,0.0,0.0,0.0],"sValues":["","","","","","","",""]},"type":2,"comment":""},{"label":"","mnemonic":"Move","operands":{"iValues":[3,1,1,0,0,0,0,0],"rValues":[0.0,0.0,0.0,0.0,0.0,0.0,0.0,0.0],"sValues":["WalkL","","","","","","",""]},"type":2,"comment":""},{"label":"","mnemonic":"CueAnim","operands":{"iValues":[0,0,0,0,0,0,0,0],"rValues":[1.0,0.0,0.0,0.0,0.0,0.0,0.0,0.0],"sValues":["WalkB","","","","","","",""]},"type":2,"comment":""},{"label":"","mnemonic":"Exit","operands":{"iValues":[0,0,0,0,0,0,0,0],"rValues":[0.0,0.0,0.0,0.0,0.0,0.0,0.0,0.0],"sValues":["","","","","","","",""]},"type":2,"comment":""},{"label":"0002_01","mnemonic":"Nop","operands":{"iValues":[],"rValues":[],"sValues":[]},"type":2,"comment":""},{"label":"","mnemonic":"SetPos","operands":{"iValues":[16,12,0,0,0,0,0,0],"rValues":[0.0,0.0,0.0,0.0,0.0,0.0,0.0,0.0],"sValues":["WalkB","","","","","","",""]},"type":2,"comment":""},{"label":"","mnemonic":"Show","operands":{"iValues":[0,0,0,0,0,0,0,0],"rValues":[0.0,0.0,0.0,0.0,0.0,0.0,0.0,0.0],"sValues":["","","","","","","",""]},"type":2,"comment":""},{"label":"","mnemonic":"Move","operands":{"iValues":[1,1,1,0,0,0,0,0],"rValues":[0.0,0.0,0.0,0.0,0.0,0.0,0.0,0.0],"sValues":["WalkR","","","","","","",""]},"type":2,"comment":""},{"label":"","mnemonic":"CueAnim","operands":{"iValues":[0,0,0,0,0,0,0,0],"rValues":[1.0,0.0,0.0,0.0,0.0,0.0,0.0,0.0],"sValues":["WalkB","","","","","","",""]},"type":2,"comment":""},{"label":"","mnemonic":"Exit","operands":{"iValues":[0,0,0,0,0,0,0,0],"rValues":[0.0,0.0,0.0,0.0,0.0,0.0,0.0,0.0],"sValues":["","","","","","","",""]},"type":2,"comment":""},{"label":"0002_02","mnemonic":"Nop","operands":{"iValues":[],"rValues":[],"sValues":[]},"type":2,"comment":""},{"label":"","mnemonic":"SetPos","operands":{"iValues":[16,12,0,0,0,0,0,0],"rValues":[0.0,0.0,0.0,0.0,0.0,0.0,0.0,0.0],"sValues":["WalkB","","","","","","",""]},"type":2,"comment":""},{"label":"","mnemonic":"Show","operands":{"iValues":[0,0,0,0,0,0,0,0],"rValues":[0.0,0.0,0.0,0.0,0.0,0.0,0.0,0.0],"sValues":["","","","","","","",""]},"type":2,"comment":""},{"label":"","mnemonic":"Move","operands":{"iValues":[2,1,1,0,0,0,0,0],"rValues":[0.0,0.0,0.0,0.0,0.0,0.0,0.0,0.0],"sValues":["Default","","","","","","",""]},"type":2,"comment":""},{"label":"","mnemonic":"CueAnim","operands":{"iValues":[0,0,0,0,0,0,0,0],"rValues":[1.0,0.0,0.0,0.0,0.0,0.0,0.0,0.0],"sValues":["WalkB","","","","","","",""]},"type":2,"comment":""},{"label":"","mnemonic":"Exit","operands":{"iValues":[0,0,0,0,0,0,0,0],"rValues":[0.0,0.0,0.0,0.0,0.0,0.0,0.0,0.0],"sValues":["","","","","","","",""]},"type":2,"comment":""},{"label":"0003","mnemonic":"Nop","operands":{"iValues":[],"rValues":[],"sValues":[]},"type":2,"comment":""},{"label":"","mnemonic":"SetPuppet","operands":{"iValues":[0,9,104,0,0,0,0,0],"rValues":[0.0,0.0,0.0,0.0,0.0,0.0,0.0,0.0],"sValues":["","","","","","","",""]},"type":2,"comment":""},{"label":"","mnemonic":"ExecPuppet","operands":{"iValues":[0,0,0,0,0,0,0,0],"rValues":[0.0,0.0,0.0,0.0,0.0,0.0,0.0,0.0],"sValues":["","","","","","","",""]},"type":2,"comment":""},{"label":"","mnemonic":"Return","operands":{"iValues":[0,0,0,0,0,0,0,0],"rValues":[0.0,0.0,0.0,0.0,0.0,0.0,0.0,0.0],"sValues":["","","","","","","",""]},"type":2,"comment":""},{"label":"0003_00","mnemonic":"Nop","operands":{"iValues":[],"rValues":[],"sValues":[]},"type":2,"comment":""},{"label":"","mnemonic":"SetPos","operands":{"iValues":[16,11,3,0,0,0,0,0],"rValues":[0.0,0.0,0.0,0.0,0.0,0.0,0.0,0.0],"sValues":["Default","","","","","","",""]},"type":2,"comment":""},{"label":"","mnemonic":"Show","operands":{"iValues":[0,0,0,0,0,0,0,0],"rValues":[0.0,0.0,0.0,0.0,0.0,0.0,0.0,0.0],"sValues":["","","","","","","",""]},"type":2,"comment":""},{"label":"","mnemonic":"CueAnim","operands":{"iValues":[0,0,0,0,0,0,0,0],"rValues":[1.0,0.0,0.0,0.0,0.0,0.0,0.0,0.0],"sValues":["flash","","","","","","",""]},"type":2,"comment":""},{"label":"","mnemonic":"Wait","operands":{"iValues":[0,0,0,0,0,0,0,0],"rValues":[0.7,0.0,0.0,0.0,0.0,0.0,0.0,0.0],"sValues":["","","","","","","",""]},"type":2,"comment":""},{"label":"","mnemonic":"PlayAnim","operands":{"iValues":[0,1,0,0,0,0,0,0],"rValues":[1.0,0.0,0.0,0.0,0.0,0.0,0.0,0.0],"sValues":["flash","","","","","","",""]},"type":2,"comment":""},{"label":"","mnemonic":"Exit","operands":{"iValues":[0,0,0,0,0,0,0,0],"rValues":[0.0,0.0,0.0,0.0,0.0,0.0,0.0,0.0],"sValues":["","","","","","","",""]},"type":2,"comment":""},{"label":"0004","mnemonic":"Nop","operands":{"iValues":[],"rValues":[],"sValues":[]},"type":2,"comment":""},{"label":"","mnemonic":"SetPuppet","operands":{"iValues":[0,9,115,0,0,0,0,0],"rValues":[0.0,0.0,0.0,0.0,0.0,0.0,0.0,0.0],"sValues":["","","","","","","",""]},"type":2,"comment":""},{"label":"","mnemonic":"ExecPuppet","operands":{"iValues":[0,0,0,0,0,0,0,0],"rValues":[0.0,0.0,0.0,0.0,0.0,0.0,0.0,0.0],"sValues":["","","","","","","",""]},"type":2,"comment":""},{"label":"","mnemonic":"Return","operands":{"iValues":[0,0,0,0,0,0,0,0],"rValues":[0.0,0.0,0.0,0.0,0.0,0.0,0.0,0.0],"sValues":["","","","","","","",""]},"type":2,"comment":""},{"label":"0004_00","mnemonic":"Nop","operands":{"iValues":[],"rValues":[],"sValues":[]},"type":2,"comment":""},{"label":"","mnemonic":"Hide","operands":{"iValues":[0,0,0,0,0,0,0,0],"rValues":[0.0,0.0,0.0,0.0,0.0,0.0,0.0,0.0],"sValues":["","","","","","","",""]},"type":2,"comment":""},{"label":"","mnemonic":"Exit","operands":{"iValues":[0,0,0,0,0,0,0,0],"rValues":[0.0,0.0,0.0,0.0,0.0,0.0,0.0,0.0],"sValues":["","","","","","","",""]},"type":2,"comment":""},{"label":"0007","mnemonic":"Nop","operands":{"iValues":[],"rValues":[],"sValues":[]},"type":2,"comment":""},{"label":"","mnemonic":"SetPuppet","operands":{"iValues":[0,14,122,0,0,0,0,0],"rValues":[0.0,0.0,0.0,0.0,0.0,0.0,0.0,0.0],"sValues":["","","","","","","",""]},"type":2,"comment":""},{"label":"","mnemonic":"ExecPuppet","operands":{"iValues":[0,0,0,0,0,0,0,0],"rValues":[0.0,0.0,0.0,0.0,0.0,0.0,0.0,0.0],"sValues":["","","","","","","",""]},"type":2,"comment":""},{"label":"","mnemonic":"Return","operands":{"iValues":[0,0,0,0,0,0,0,0],"rValues":[0.0,0.0,0.0,0.0,0.0,0.0,0.0,0.0],"sValues":["","","","","","","",""]},"type":2,"comment":""},{"label":"0007_00","mnemonic":"Nop","operands":{"iValues":[],"rValues":[],"sValues":[]},"type":2,"comment":""},{"label":"","mnemonic":"SetPos","operands":{"iValues":[16,10,3,0,0,0,0,0],"rValues":[0.0,0.0,0.0,0.0,0.0,0.0,0.0,0.0],"sValues":["Default","","","","","","",""]},"type":2,"comment":""},{"label":"","mnemonic":"PlayAnim","operands":{"iValues":[0,-1,0,0,0,0,0,0],"rValues":[1.0,0.0,0.0,0.0,0.0,0.0,0.0,0.0],"sValues":["Default","","","","","","",""]},"type":2,"comment":""},{"label":"","mnemonic":"Show","operands":{"iValues":[0,0,0,0,0,0,0,0],"rValues":[0.7,0.0,0.0,0.0,0.0,0.0,0.0,0.0],"sValues":["","","","","","","",""]},"type":2,"comment":""},{"label":"","mnemonic":"Wait","operands":{"iValues":[0,0,0,0,0,0,0,0],"rValues":[0.7,0.0,0.0,0.0,0.0,0.0,0.0,0.0],"sValues":["","","","","","","",""]},"type":2,"comment":""},{"label":"","mnemonic":"Hide","operands":{"iValues":[0,0,0,0,0,0,0,0],"rValues":[0.7,0.0,0.0,0.0,0.0,0.0,0.0,0.0],"sValues":["","","","","","","",""]},"type":2,"comment":""},{"label":"","mnemonic":"Wait","operands":{"iValues":[0,0,0,0,0,0,0,0],"rValues":[0.7,0.0,0.0,0.0,0.0,0.0,0.0,0.0],"sValues":["","","","","","","",""]},"type":2,"comment":""},{"label":"","mnemonic":"Show","operands":{"iValues":[0,0,0,0,0,0,0,0],"rValues":[0.7,0.0,0.0,0.0,0.0,0.0,0.0,0.0],"sValues":["","","","","","","",""]},"type":2,"comment":""},{"label":"","mnemonic":"Wait","operands":{"iValues":[0,0,0,0,0,0,0,0],"rValues":[0.7,0.0,0.0,0.0,0.0,0.0,0.0,0.0],"sValues":["","","","","","","",""]},"type":2,"comment":""},{"label":"","mnemonic":"Hide","operands":{"iValues":[0,0,0,0,0,0,0,0],"rValues":[0.7,0.0,0.0,0.0,0.0,0.0,0.0,0.0],"sValues":["","","","","","","",""]},"type":2,"comment":""},{"label":"","mnemonic":"Wait","operands":{"iValues":[0,0,0,0,0,0,0,0],"rValues":[0.7,0.0,0.0,0.0,0.0,0.0,0.0,0.0],"sValues":["","","","","","","",""]},"type":2,"comment":""},{"label":"","mnemonic":"Show","operands":{"iValues":[0,0,0,0,0,0,0,0],"rValues":[0.7,0.0,0.0,0.0,0.0,0.0,0.0,0.0],"sValues":["","","","","","","",""]},"type":2,"comment":""},{"label":"","mnemonic":"Wait","operands":{"iValues":[0,0,0,0,0,0,0,0],"rValues":[0.7,0.0,0.0,0.0,0.0,0.0,0.0,0.0],"sValues":["","","","","","","",""]},"type":2,"comment":""},{"label":"","mnemonic":"Hide","operands":{"iValues":[0,0,0,0,0,0,0,0],"rValues":[0.7,0.0,0.0,0.0,0.0,0.0,0.0,0.0],"sValues":["","","","","","","",""]},"type":2,"comment":""},{"label":"","mnemonic":"Wait","operands":{"iValues":[0,0,0,0,0,0,0,0],"rValues":[0.7,0.0,0.0,0.0,0.0,0.0,0.0,0.0],"sValues":["","","","","","","",""]},"type":2,"comment":""},{"label":"","mnemonic":"Show","operands":{"iValues":[0,0,0,0,0,0,0,0],"rValues":[0.0,0.0,0.0,0.0,0.0,0.0,0.0,0.0],"sValues":["","","","","","","",""]},"type":2,"comment":""},{"label":"","mnemonic":"PlayAnim","operands":{"iValues":[0,0,0,0,0,0,0,0],"rValues":[0.0,0.0,0.0,0.0,0.0,0.0,0.0,0.0],"sValues":["shining_2","","","","","","",""]},"type":2,"comment":""},{"label":"","mnemonic":"Exit","operands":{"iValues":[0,0,0,0,0,0,0,0],"rValues":[0.0,0.0,0.0,0.0,0.0,0.0,0.0,0.0],"sValues":["","","","","","","",""]},"type":2,"comment":""},{"label":"0008","mnemonic":"Nop","operands":{"iValues":[],"rValues":[],"sValues":[]},"type":2,"comment":""},{"label":"","mnemonic":"SetPuppet","operands":{"iValues":[0,17,147,0,0,0,0,0],"rValues":[0.0,0.0,0.0,0.0,0.0,0.0,0.0,0.0],"sValues":["","","","","","","",""]},"type":2,"comment":""},{"label":"","mnemonic":"SetPuppet","operands":{"iValues":[1,14,150,0,0,0,0,0],"rValues":[0.0,0.0,0.0,0.0,0.0,0.0,0.0,0.0],"sValues":["","","","","","","",""]},"type":2,"comment":""},{"label":"","mnemonic":"SetPuppet","operands":{"iValues":[2,16,155,0,0,0,0,0],"rValues":[0.0,0.0,0.0,0.0,0.0,0.0,0.0,0.0],"sValues":["","","","","","","",""]},"type":2,"comment":""},{"label":"","mnemonic":"SetPuppet","operands":{"iValues":[3,15,158,0,0,0,0,0],"rValues":[0.0,0.0,0.0,0.0,0.0,0.0,0.0,0.0],"sValues":["","","","","","","",""]},"type":2,"comment":""},{"label":"","mnemonic":"ExecPuppet","operands":{"iValues":[0,0,0,0,0,0,0,0],"rValues":[0.0,0.0,0.0,0.0,0.0,0.0,0.0,0.0],"sValues":["","","","","","","",""]},"type":2,"comment":""},{"label":"","mnemonic":"Return","operands":{"iValues":[0,0,0,0,0,0,0,0],"rValues":[0.0,0.0,0.0,0.0,0.0,0.0,0.0,0.0],"sValues":["","","","","","","",""]},"type":2,"comment":""},{"label":"0008_00","mnemonic":"Nop","operands":{"iValues":[],"rValues":[],"sValues":[]},"type":2,"comment":""},{"label":"","mnemonic":"Hide","operands":{"iValues":[0,0,0,0,0,0,0,0],"rValues":[0.0,0.0,0.0,0.0,0.0,0.0,0.0,0.0],"sValues":["","","","","","","",""]},"type":2,"comment":""},{"label":"","mnemonic":"Exit","operands":{"iValues":[0,0,0,0,0,0,0,0],"rValues":[0.0,0.0,0.0,0.0,0.0,0.0,0.0,0.0],"sValues":["","","","","","","",""]},"type":2,"comment":""},{"label":"0008_01","mnemonic":"Nop","operands":{"iValues":[],"rValues":[],"sValues":[]},"type":2,"comment":""},{"label":"","mnemonic":"SetPos","operands":{"iValues":[16,10,0,0,0,0,0,0],"rValues":[0.0,0.0,0.0,0.0,0.0,0.0,0.0,0.0],"sValues":["Default","","","","","","",""]},"type":2,"comment":""},{"label":"","mnemonic":"Show","operands":{"iValues":[0,0,0,0,0,0,0,0],"rValues":[0.0,0.0,0.0,0.0,0.0,0.0,0.0,0.0],"sValues":["","","","","","","",""]},"type":2,"comment":""},{"label":"","mnemonic":"PlayAnim","operands":{"iValues":[0,-1,0,0,0,0,0,0],"rValues":[1.0,0.0,0.0,0.0,0.0,0.0,0.0,0.0],"sValues":["Default","","","","","","",""]},"type":2,"comment":""},{"label":"","mnemonic":"Exit","operands":{"iValues":[0,0,0,0,0,0,0,0],"rValues":[0.0,0.0,0.0,0.0,0.0,0.0,0.0,0.0],"sValues":["","","","","","","",""]},"type":2,"comment":""},{"label":"0008_02","mnemonic":"Nop","operands":{"iValues":[],"rValues":[],"sValues":[]},"type":2,"comment":""},{"label":"","mnemonic":"Hide","operands":{"iValues":[0,0,0,0,0,0,0,0],"rValues":[0.0,0.0,0.0,0.0,0.0,0.0,0.0,0.0],"sValues":["","","","","","","",""]},"type":2,"comment":""},{"label":"","mnemonic":"Exit","operands":{"iValues":[0,0,0,0,0,0,0,0],"rValues":[0.0,0.0,0.0,0.0,0.0,0.0,0.0,0.0],"sValues":["","","","","","","",""]},"type":2,"comment":""},{"label":"0008_03","mnemonic":"Nop","operands":{"iValues":[],"rValues":[],"sValues":[]},"type":2,"comment":""},{"label":"","mnemonic":"SetPos","operands":{"iValues":[16,6,0,0,0,0,0,0],"rValues":[0.0,0.0,0.0,0.0,0.0,0.0,0.0,0.0],"sValues":["Default","","","","","","",""]},"type":2,"comment":""},{"label":"","mnemonic":"Show","operands":{"iValues":[0,0,0,0,0,0,0,0],"rValues":[0.0,0.0,0.0,0.0,0.0,0.0,0.0,0.0],"sValues":["","","","","","","",""]},"type":2,"comment":""},{"label":"","mnemonic":"PlayAnim","operands":{"iValues":[0,-1,0,0,0,0,0,0],"rValues":[1.0,0.0,0.0,0.0,0.0,0.0,0.0,0.0],"sValues":["blink","","","","","","",""]},"type":2,"comment":""},{"label":"","mnemonic":"Exit","operands":{"iValues":[0,0,0,0,0,0,0,0],"rValues":[0.0,0.0,0.0,0.0,0.0,0.0,0.0,0.0],"sValues":["","","","","","","",""]},"type":2,"comment":""},{"label":"0009","mnemonic":"Nop","operands":{"iValues":[],"rValues":[],"sValues":[]},"type":2,"comment":""},{"label":"","mnemonic":"SetPuppet","operands":{"iValues":[0,-1001,170,0,0,0,0,0],"rValues":[0.0,0.0,0.0,0.0,0.0,0.0,0.0,0.0],"sValues":["","","","","","","",""]},"type":2,"comment":""},{"label":"","mnemonic":"SetPuppet","operands":{"iValues":[1,-1002,179,0,0,0,0,0],"rValues":[0.0,0.0,0.0,0.0,0.0,0.0,0.0,0.0],"sValues":["","","","","","","",""]},"type":2,"comment":""},{"label":"","mnemonic":"SetPuppet","operands":{"iValues":[2,-1003,188,0,0,0,0,0],"rValues":[0.0,0.0,0.0,0.0,0.0,0.0,0.0,0.0],"sValues":["","","","","","","",""]},"type":2,"comment":""},{"label":"","mnemonic":"SetPuppet","operands":{"iValues":[3,-1004,197,0,0,0,0,0],"rValues":[0.0,0.0,0.0,0.0,0.0,0.0,0.0,0.0],"sValues":["","","","","","","",""]},"type":2,"comment":""},{"label":"","mnemonic":"ExecPuppet","operands":{"iValues":[0,0,0,0,0,0,0,0],"rValues":[0.0,0.0,0.0,0.0,0.0,0.0,0.0,0.0],"sValues":["","","","","","","",""]},"type":2,"comment":""},{"label":"","mnemonic":"Return","operands":{"iValues":[0,0,0,0,0,0,0,0],"rValues":[0.0,0.0,0.0,0.0,0.0,0.0,0.0,0.0],"sValues":["","","","","","","",""]},"type":2,"comment":""},{"label":"0009_00","mnemonic":"Nop","operands":{"iValues":[],"rValues":[],"sValues":[]},"type":2,"comment":""},{"label":"","mnemonic":"CueAnim","operands":{"iValues":[0,0,0,0,0,0,0,0],"rValues":[1.0,0.0,0.0,0.0,0.0,0.0,0.0,0.0],"sValues":["WalkL","","","","","","",""]},"type":2,"comment":""},{"label":"","mnemonic":"Wait","operands":{"iValues":[0,0,0,0,0,0,0,0],"rValues":[0.15,0.0,0.0,0.0,0.0,0.0,0.0,0.0],"sValues":["","","","","","","",""]},"type":2,"comment":""},{"label":"","mnemonic":"PlayAnim","operands":{"iValues":[0,1,0,0,0,0,0,0],"rValues":[1.0,0.0,0.0,0.0,0.0,0.0,0.0,0.0],"sValues":["front_stop","","","","","","",""]},"type":2,"comment":""},{"label":"","mnemonic":"Wait","operands":{"iValues":[0,0,0,0,0,0,0,0],"rValues":[0.15,0.0,0.0,0.0,0.0,0.0,0.0,0.0],"sValues":["","","","","","","",""]},"type":2,"comment":""},{"label":"","mnemonic":"PlayAnim","operands":{"iValues":[0,1,0,0,0,0,0,0],"rValues":[0.5,0.0,0.0,0.0,0.0,0.0,0.0,0.0],"sValues":["right_hand_up","","","","","","",""]},"type":2,"comment":""},{"label":"","mnemonic":"Wait","operands":{"iValues":[0,0,0,0,0,0,0,0],"rValues":[0.35,0.0,0.0,0.0,0.0,0.0,0.0,0.0],"sValues":["","","","","","","",""]},"type":2,"comment":""},{"label":"","mnemonic":"PlayAnim","operands":{"iValues":[0,1,0,0,0,0,0,0],"rValues":[1.0,0.0,0.0,0.0,0.0,0.0,0.0,0.0],"sValues":["front_stop","","","","","","",""]},"type":2,"comment":""},{"label":"","mnemonic":"Exit","operands":{"iValues":[0,0,0,0,0,0,0,0],"rValues":[0.0,0.0,0.0,0.0,0.0,0.0,0.0,0.0],"sValues":["","","","","","","",""]},"type":2,"comment":""},{"label":"0009_01","mnemonic":"Nop","operands":{"iValues":[],"rValues":[],"sValues":[]},"type":2,"comment":""},{"label":"","mnemonic":"CueAnim","operands":{"iValues":[0,0,0,0,0,0,0,0],"rValues":[1.0,0.0,0.0,0.0,0.0,0.0,0.0,0.0],"sValues":["WalkL","","","","","","",""]},"type":2,"comment":""},{"label":"","mnemonic":"Wait","operands":{"iValues":[0,0,0,0,0,0,0,0],"rValues":[0.15,0.0,0.0,0.0,0.0,0.0,0.0,0.0],"sValues":["","","","","","","",""]},"type":2,"comment":""},{"label":"","mnemonic":"PlayAnim","operands":{"iValues":[0,1,0,0,0,0,0,0],"rValues":[1.0,0.0,0.0,0.0,0.0,0.0,0.0,0.0],"sValues":["front_stop","","","","","","",""]},"type":2,"comment":""},{"label":"","mnemonic":"Wait","operands":{"iValues":[0,0,0,0,0,0,0,0],"rValues":[0.15,0.0,0.0,0.0,0.0,0.0,0.0,0.0],"sValues":["","","","","","","",""]},"type":2,"comment":""},{"label":"","mnemonic":"PlayAnim","operands":{"iValues":[0,1,0,0,0,0,0,0],"rValues":[0.5,0.0,0.0,0.0,0.0,0.0,0.0,0.0],"sValues":["right_hand_up","","","","","","",""]},"type":2,"comment":""},{"label":"","mnemonic":"Wait","operands":{"iValues":[0,0,0,0,0,0,0,0],"rValues":[0.35,0.0,0.0,0.0,0.0,0.0,0.0,0.0],"sValues":["","","","","","","",""]},"type":2,"comment":""},{"label":"","mnemonic":"PlayAnim","operands":{"iValues":[0,1,0,0,0,0,0,0],"rValues":[1.0,0.0,0.0,0.0,0.0,0.0,0.0,0.0],"sValues":["front_stop","","","","","","",""]},"type":2,"comment":""},{"label":"","mnemonic":"Exit","operands":{"iValues":[0,0,0,0,0,0,0,0],"rValues":[0.0,0.0,0.0,0.0,0.0,0.0,0.0,0.0],"sValues":["","","","","","","",""]},"type":2,"comment":""},{"label":"0009_02","mnemonic":"Nop","operands":{"iValues":[],"rValues":[],"sValues":[]},"type":2,"comment":""},{"label":"","mnemonic":"CueAnim","operands":{"iValues":[0,0,0,0,0,0,0,0],"rValues":[1.0,0.0,0.0,0.0,0.0,0.0,0.0,0.0],"sValues":["WalkL","","","","","","",""]},"type":2,"comment":""},{"label":"","mnemonic":"Wait","operands":{"iValues":[0,0,0,0,0,0,0,0],"rValues":[0.15,0.0,0.0,0.0,0.0,0.0,0.0,0.0],"sValues":["","","","","","","",""]},"type":2,"comment":""},{"label":"","mnemonic":"PlayAnim","operands":{"iValues":[0,1,0,0,0,0,0,0],"rValues":[1.0,0.0,0.0,0.0,0.0,0.0,0.0,0.0],"sValues":["front_stop","","","","","","",""]},"type":2,"comment":""},{"label":"","mnemonic":"Wait","operands":{"iValues":[0,0,0,0,0,0,0,0],"rValues":[0.15,0.0,0.0,0.0,0.0,0.0,0.0,0.0],"sValues":["","","","","","","",""]},"type":2,"comment":""},{"label":"","mnemonic":"PlayAnim","operands":{"iValues":[0,1,0,0,0,0,0,0],"rValues":[0.5,0.0,0.0,0.0,0.0,0.0,0.0,0.0],"sValues":["right_hand_up","","","","","","",""]},"type":2,"comment":""},{"label":"","mnemonic":"Wait","operands":{"iValues":[0,0,0,0,0,0,0,0],"rValues":[0.35,0.0,0.0,0.0,0.0,0.0,0.0,0.0],"sValues":["","","","","","","",""]},"type":2,"comment":""},{"label":"","mnemonic":"PlayAnim","operands":{"iValues":[0,1,0,0,0,0,0,0],"rValues":[1.0,0.0,0.0,0.0,0.0,0.0,0.0,0.0],"sValues":["front_stop","","","","","","",""]},"type":2,"comment":""},{"label":"","mnemonic":"Exit","operands":{"iValues":[0,0,0,0,0,0,0,0],"rValues":[0.0,0.0,0.0,0.0,0.0,0.0,0.0,0.0],"sValues":["","","","","","","",""]},"type":2,"comment":""},{"label":"0009_03","mnemonic":"Nop","operands":{"iValues":[],"rValues":[],"sValues":[]},"type":2,"comment":""},{"label":"","mnemonic":"CueAnim","operands":{"iValues":[0,0,0,0,0,0,0,0],"rValues":[1.0,0.0,0.0,0.0,0.0,0.0,0.0,0.0],"sValues":["WalkL","","","","","","",""]},"type":2,"comment":""},{"label":"","mnemonic":"Wait","operands":{"iValues":[0,0,0,0,0,0,0,0],"rValues":[0.15,0.0,0.0,0.0,0.0,0.0,0.0,0.0],"sValues":["","","","","","","",""]},"type":2,"comment":""},{"label":"","mnemonic":"PlayAnim","operands":{"iValues":[0,1,0,0,0,0,0,0],"rValues":[1.0,0.0,0.0,0.0,0.0,0.0,0.0,0.0],"sValues":["front_stop","","","","","","",""]},"type":2,"comment":""},{"label":"","mnemonic":"Wait","operands":{"iValues":[0,0,0,0,0,0,0,0],"rValues":[0.15,0.0,0.0,0.0,0.0,0.0,0.0,0.0],"sValues":["","","","","","","",""]},"type":2,"comment":""},{"label":"","mnemonic":"PlayAnim","operands":{"iValues":[0,1,0,0,0,0,0,0],"rValues":[0.5,0.0,0.0,0.0,0.0,0.0,0.0,0.0],"sValues":["right_hand_up","","","","","","",""]},"type":2,"comment":""},{"label":"","mnemonic":"Wait","operands":{"iValues":[0,0,0,0,0,0,0,0],"rValues":[0.35,0.0,0.0,0.0,0.0,0.0,0.0,0.0],"sValues":["","","","","","","",""]},"type":2,"comment":""},{"label":"","mnemonic":"PlayAnim","operands":{"iValues":[0,1,0,0,0,0,0,0],"rValues":[1.0,0.0,0.0,0.0,0.0,0.0,0.0,0.0],"sValues":["front_stop","","","","","","",""]},"type":2,"comment":""},{"label":"","mnemonic":"Exit","operands":{"iValues":[0,0,0,0,0,0,0,0],"rValues":[0.0,0.0,0.0,0.0,0.0,0.0,0.0,0.0],"sValues":["","","","","","","",""]},"type":2,"comment":""},{"label":"0010","mnemonic":"Nop","operands":{"iValues":[],"rValues":[],"sValues":[]},"type":2,"comment":""},{"label":"","mnemonic":"SetPuppet","operands":{"iValues":[0,-1002,212,0,0,0,0,0],"rValues":[0.0,0.0,0.0,0.0,0.0,0.0,0.0,0.0],"sValues":["","","","","","","",""]},"type":2,"comment":""},{"label":"","mnemonic":"SetPuppet","operands":{"iValues":[1,-1003,216,0,0,0,0,0],"rValues":[0.0,0.0,0.0,0.0,0.0,0.0,0.0,0.0],"sValues":["","","","","","","",""]},"type":2,"comment":""},{"label":"","mnemonic":"SetPuppet","operands":{"iValues":[2,-1004,220,0,0,0,0,0],"rValues":[0.0,0.0,0.0,0.0,0.0,0.0,0.0,0.0],"sValues":["","","","","","","",""]},"type":2,"comment":""},{"label":"","mnemonic":"ExecPuppet","operands":{"iValues":[0,0,0,0,0,0,0,0],"rValues":[0.0,0.0,0.0,0.0,0.0,0.0,0.0,0.0],"sValues":["","","","","","","",""]},"type":2,"comment":""},{"label":"","mnemonic":"Return","operands":{"iValues":[0,0,0,0,0,0,0,0],"rValues":[0.0,0.0,0.0,0.0,0.0,0.0,0.0,0.0],"sValues":["","","","","","","",""]},"type":2,"comment":""},{"label":"0010_00","mnemonic":"Nop","operands":{"iValues":[],"rValues":[],"sValues":[]},"type":2,"comment":""},{"label":"","mnemonic":"Move","operands":{"iValues":[1,1,6,0,0,0,0,0],"rValues":[0.0,0.0,0.0,0.0,0.0,0.0,0.0,0.0],"sValues":["WalkR","","","","","","",""]},"type":2,"comment":""},{"label":"","mnemonic":"Hide","operands":{"iValues":[0,0,0,0,0,0,0,0],"rValues":[0.0,0.0,0.0,0.0,0.0,0.0,0.0,0.0],"sValues":["","","","","","","",""]},"type":2,"comment":""},{"label":"","mnemonic":"Exit","operands":{"iValues":[0,0,0,0,0,0,0,0],"rValues":[0.0,0.0,0.0,0.0,0.0,0.0,0.0,0.0],"sValues":["","","","","","","",""]},"type":2,"comment":""},{"label":"0010_01","mnemonic":"Nop","operands":{"iValues":[],"rValues":[],"sValues":[]},"type":2,"comment":""},{"label":"","mnemonic":"Move","operands":{"iValues":[3,1,6,0,0,0,0,0],"rValues":[0.0,0.0,0.0,0.0,0.0,0.0,0.0,0.0],"sValues":["WalkL","","","","","","",""]},"type":2,"comment":""},{"label":"","mnemonic":"Hide","operands":{"iValues":[0,0,0,0,0,0,0,0],"rValues":[0.0,0.0,0.0,0.0,0.0,0.0,0.0,0.0],"sValues":["","","","","","","",""]},"type":2,"comment":""},{"label":"","mnemonic":"Exit","operands":{"iValues":[0,0,0,0,0,0,0,0],"rValues":[0.0,0.0,0.0,0.0,0.0,0.0,0.0,0.0],"sValues":["","","","","","","",""]},"type":2,"comment":""},{"label":"0010_02","mnemonic":"Nop","operands":{"iValues":[],"rValues":[],"sValues":[]},"type":2,"comment":""},{"label":"","mnemonic":"Move","operands":{"iValues":[0,1,6,0,0,0,0,0],"rValues":[0.0,0.0,0.0,0.0,0.0,0.0,0.0,0.0],"sValues":["WalkB","","","","","","",""]},"type":2,"comment":""},{"label":"","mnemonic":"Hide","operands":{"iValues":[0,0,0,0,0,0,0,0],"rValues":[0.0,0.0,0.0,0.0,0.0,0.0,0.0,0.0],"sValues":["","","","","","","",""]},"type":2,"comment":""},{"label":"","mnemonic":"Exit","operands":{"iValues":[0,0,0,0,0,0,0,0],"rValues":[0.0,0.0,0.0,0.0,0.0,0.0,0.0,0.0],"sValues":["","","","","","","",""]},"type":2,"comment":""},{"label":"0011","mnemonic":"Nop","operands":{"iValues":[],"rValues":[],"sValues":[]},"type":2,"comment":""},{"label":"","mnemonic":"SetPuppet","operands":{"iValues":[0,0,231,0,0,0,0,0],"rValues":[0.0,0.0,0.0,0.0,0.0,0.0,0.0,0.0],"sValues":["","","","","","","",""]},"type":2,"comment":""},{"label":"","mnemonic":"SetPuppet","operands":{"iValues":[1,15,234,0,0,0,0,0],"rValues":[0.0,0.0,0.0,0.0,0.0,0.0,0.0,0.0],"sValues":["","","","","","","",""]},"type":2,"comment":""},{"label":"","mnemonic":"SetPuppet","operands":{"iValues":[2,21,237,0,0,0,0,0],"rValues":[0.0,0.0,0.0,0.0,0.0,0.0,0.0,0.0],"sValues":["","","","","","","",""]},"type":2,"comment":""},{"label":"","mnemonic":"SetPuppet","operands":{"iValues":[3,-1001,240,0,0,0,0,0],"rValues":[0.0,0.0,0.0,0.0,0.0,0.0,0.0,0.0],"sValues":["","","","","","","",""]},"type":2,"comment":""},{"label":"","mnemonic":"ExecPuppet","operands":{"iValues":[0,0,0,0,0,0,0,0],"rValues":[0.0,0.0,0.0,0.0,0.0,0.0,0.0,0.0],"sValues":["","","","","","","",""]},"type":2,"comment":""},{"label":"","mnemonic":"Return","operands":{"iValues":[0,0,0,0,0,0,0,0],"rValues":[0.0,0.0,0.0,0.0,0.0,0.0,0.0,0.0],"sValues":["","","","","","","",""]},"type":2,"comment":""},{"label":"0011_00","mnemonic":"Nop","operands":{"iValues":[],"rValues":[],"sValues":[]},"type":2,"comment":""},{"label":"","mnemonic":"Move","operands":{"iValues":[2,1,1,0,0,0,0,0],"rValues":[0.0,0.0,0.0,0.0,0.0,0.0,0.0,0.0],"sValues":["","","","","","","",""]},"type":2,"comment":""},{"label":"","mnemonic":"Exit","operands":{"iValues":[0,0,0,0,0,0,0,0],"rValues":[0.0,0.0,0.0,0.0,0.0,0.0,0.0,0.0],"sValues":["","","","","","","",""]},"type":2,"comment":""},{"label":"0011_01","mnemonic":"Nop","operands":{"iValues":[],"rValues":[],"sValues":[]},"type":2,"comment":""},{"label":"","mnemonic":"PlayAnim","operands":{"iValues":[0,-1,0,0,0,0,0,0],"rValues":[1.0,0.0,0.0,0.0,0.0,0.0,0.0,0.0],"sValues":["Default","","","","","","",""]},"type":2,"comment":""},{"label":"","mnemonic":"Exit","operands":{"iValues":[0,0,0,0,0,0,0,0],"rValues":[0.0,0.0,0.0,0.0,0.0,0.0,0.0,0.0],"sValues":["","","","","","","",""]},"type":2,"comment":""},{"label":"0011_02","mnemonic":"Nop","operands":{"iValues":[],"rValues":[],"sValues":[]},"type":2,"comment":""},{"label":"","mnemonic":"Hide","operands":{"iValues":[0,0,0,0,0,0,0,0],"rValues":[0.0,0.0,0.0,0.0,0.0,0.0,0.0,0.0],"sValues":["","","","","","","",""]},"type":2,"comment":""},{"label":"","mnemonic":"Exit","operands":{"iValues":[0,0,0,0,0,0,0,0],"rValues":[0.0,0.0,0.0,0.0,0.0,0.0,0.0,0.0],"sValues":["","","","","","","",""]},"type":2,"comment":""},{"label":"0011_03","mnemonic":"Nop","operands":{"iValues":[],"rValues":[],"sValues":[]},"type":2,"comment":""},{"label":"","mnemonic":"LookAt","operands":{"iValues":[2,0,0,0,0,0,0,0],"rValues":[0.0,0.0,0.0,0.0,0.0,0.0,0.0,0.0],"sValues":["","","","","","","",""]},"type":2,"comment":""},{"label":"","mnemonic":"Exit","operands":{"iValues":[0,0,0,0,0,0,0,0],"rValues":[0.0,0.0,0.0,0.0,0.0,0.0,0.0,0.0],"sValues":["","","","","","","",""]},"type":2,"comment":""}],"Animations":[{"name":"アニメＩＤ","frames":[],"play_speed":0.0,"play_mode":0,"is_reverse":false,"next_anim_name":""},{"name":"flash","frames":[{"sprite_name":"Default_00","offsetx":8.0,"offsety":3.0,"alpha":1.0,"rgb":{"r":1.0,"g":1.0,"b":1.0,"a":1.0},"flip":false},{"sprite_name":"Default_01","offsetx":8.0,"offsety":3.0,"alpha":1.0,"rgb":{"r":1.0,"g":1.0,"b":1.0,"a":1.0},"flip":false},{"sprite_name":"Default_02","offsetx":8.0,"offsety":3.0,"alpha":1.0,"rgb":{"r":1.0,"g":1.0,"b":1.0,"a":1.0},"flip":false},{"sprite_name":"Default_03","offsetx":8.0,"offsety":3.0,"alpha":1.0,"rgb":{"r":1.0,"g":1.0,"b":1.0,"a":1.0},"flip":false},{"sprite_name":"Default_04","offsetx":8.0,"offsety":3.0,"alpha":1.0,"rgb":{"r":1.0,"g":1.0,"b":1.0,"a":1.0},"flip":false},{"sprite_name":"Default_05","offsetx":8.0,"offsety":3.0,"alpha":1.0,"rgb":{"r":1.0,"g":1.0,"b":1.0,"a":1.0},"flip":false},{"sprite_name":"Default_06","offsetx":8.0,"offsety":3.0,"alpha":1.0,"rgb":{"r":1.0,"g":1.0,"b":1.0,"a":1.0},"flip":false},{"sprite_name":"Default_07","offsetx":8.0,"offsety":3.0,"alpha":1.0,"rgb":{"r":1.0,"g":1.0,"b":1.0,"a":1.0},"flip":false}],"play_speed":0.8,"play_mode":1,"is_reverse":false,"next_anim_name":""},{"name":"WalkB","frames":[],"play_speed":0.0,"play_mode":0,"is_reverse":false,"next_anim_name":""},{"name":"WalkL","frames":[],"play_speed":0.0,"play_mode":0,"is_reverse":false,"next_anim_name":""},{"name":"blink","frames":[{"sprite_name":"Default_00","offsetx":0.0,"offsety":0.0,"alpha":1.0,"rgb":{"r":1.0,"g":1.0,"b":1.0,"a":1.0},"flip":false},{"sprite_name":"Default_01","offsetx":0.0,"offsety":0.0,"alpha":0.5,"rgb":{"r":1.0,"g":1.0,"b":1.0,"a":1.0},"flip":false},{"sprite_name":"Default_02","offsetx":0.0,"offsety":0.0,"alpha":1.0,"rgb":{"r":1.0,"g":1.0,"b":1.0,"a":1.0},"flip":false},{"sprite_name":"Default_03","offsetx":0.0,"offsety":0.0,"alpha":1.0,"rgb":{"r":1.0,"g":1.0,"b":1.0,"a":1.0},"flip":false},{"sprite_name":"Default_00","offsetx":0.0,"offsety":0.0,"alpha":1.0,"rgb":{"r":1.0,"g":1.0,"b":1.0,"a":1.0},"flip":false},{"sprite_name":"Default_01","offsetx":0.0,"offsety":0.0,"alpha":1.0,"rgb":{"r":1.0,"g":1.0,"b":1.0,"a":1.0},"flip":false},{"sprite_name":"Default_02","offsetx":0.0,"offsety":0.0,"alpha":1.0,"rgb":{"r":1.0,"g":1.0,"b":1.0,"a":1.0},"flip":false},{"sprite_name":"Default_03","offsetx":0.0,"offsety":0.0,"alpha":0.2,"rgb":{"r":1.0,"g":1.0,"b":1.0,"a":1.0},"flip":false},{"sprite_name":"Default_00","offsetx":0.0,"offsety":0.0,"alpha":1.0,"rgb":{"r":1.0,"g":1.0,"b":1.0,"a":1.0},"flip":false},{"sprite_name":"Default_01","offsetx":0.0,"offsety":0.0,"alpha":1.0,"rgb":{"r":1.0,"g":1.0,"b":1.0,"a":1.0},"flip":false},{"sprite_name":"Default_02","offsetx":0.0,"offsety":0.0,"alpha":0.7,"rgb":{"r":1.0,"g":1.0,"b":1.0,"a":1.0},"flip":false},{"sprite_name":"Default_03","offsetx":0.0,"offsety":0.0,"alpha":1.0,"rgb":{"r":1.0,"g":1.0,"b":1.0,"a":1.0},"flip":false}],"play_speed":2.4,"play_mode":1,"is_reverse":false,"next_anim_name":""},{"name":"crystal_revival","frames":[{"sprite_name":"Default_01","offsetx":0.0,"offsety":0.0,"alpha":1.0,"rgb":{"r":1.0,"g":1.0,"b":1.0,"a":1.0},"flip":false},{"sprite_name":"WalkL_00","offsetx":0.0,"offsety":0.0,"alpha":1.0,"rgb":{"r":1.0,"g":1.0,"b":1.0,"a":1.0},"flip":false},{"sprite_name":"WalkB_01","offsetx":0.0,"offsety":0.0,"alpha":1.0,"rgb":{"r":1.0,"g":1.0,"b":1.0,"a":1.0},"flip":false},{"sprite_name":"WalkL_00","offsetx":0.0,"offsety":0.0,"alpha":1.0,"rgb":{"r":1.0,"g":1.0,"b":1.0,"a":1.0},"flip":true},{"sprite_name":"Default_01","offsetx":0.0,"offsety":0.0,"alpha":1.0,"rgb":{"r":1.0,"g":1.0,"b":1.0,"a":1.0},"flip":false},{"sprite_name":"WalkL_00","offsetx":0.0,"offsety":0.0,"alpha":1.0,"rgb":{"r":1.0,"g":1.0,"b":1.0,"a":1.0},"flip":false},{"sprite_name":"WalkB_01","offsetx":0.0,"offsety":0.0,"alpha":1.0,"rgb":{"r":1.0,"g":1.0,"b":1.0,"a":1.0},"flip":false},{"sprite_name":"WalkL_00","offsetx":0.0,"offsety":0.0,"alpha":1.0,"rgb":{"r":1.0,"g":1.0,"b":1.0,"a":1.0},"flip":true},{"sprite_name":"Default_01","offsetx":0.0,"offsety":0.0,"alpha":1.0,"rgb":{"r":1.0,"g":1.0,"b":1.0,"a":1.0},"flip":false},{"sprite_name":"Default_01","offsetx":0.0,"offsety":4.0,"alpha":1.0,"rgb":{"r":1.0,"g":1.0,"b":1.0,"a":1.0},"flip":false},{"sprite_name":"Default_01","offsetx":0.0,"offsety":8.0,"alpha":1.0,"rgb":{"r":1.0,"g":1.0,"b":1.0,"a":1.0},"flip":false},{"sprite_name":"Default_01","offsetx":0.0,"offsety":12.0,"alpha":1.0,"rgb":{"r":1.0,"g":1.0,"b":1.0,"a":1.0},"flip":false},{"sprite_name":"Default_01","offsetx":0.0,"offsety":16.0,"alpha":1.0,"rgb":{"r":1.0,"g":1.0,"b":1.0,"a":1.0},"flip":false},{"sprite_name":"Default_01","offsetx":0.0,"offsety":12.0,"alpha":1.0,"rgb":{"r":1.0,"g":1.0,"b":1.0,"a":1.0},"flip":false},{"sprite_name":"Default_01","offsetx":0.0,"offsety":8.0,"alpha":1.0,"rgb":{"r":1.0,"g":1.0,"b":1.0,"a":1.0},"flip":false},{"sprite_name":"Default_01","offsetx":0.0,"offsety":4.0,"alpha":1.0,"rgb":{"r":1.0,"g":1.0,"b":1.0,"a":1.0},"flip":false},{"sprite_name":"Default_01","offsetx":0.0,"offsety":0.0,"alpha":1.0,"rgb":{"r":1.0,"g":1.0,"b":1.0,"a":1.0},"flip":false},{"sprite_name":"Default_01","offsetx":0.0,"offsety":4.0,"alpha":1.0,"rgb":{"r":1.0,"g":1.0,"b":1.0,"a":1.0},"flip":false},{"sprite_name":"Default_01","offsetx":0.0,"offsety":8.0,"alpha":1.0,"rgb":{"r":1.0,"g":1.0,"b":1.0,"a":1.0},"flip":false},{"sprite_name":"Default_01","offsetx":0.0,"offsety":12.0,"alpha":1.0,"rgb":{"r":1.0,"g":1.0,"b":1.0,"a":1.0},"flip":false},{"sprite_name":"Default_01","offsetx":0.0,"offsety":16.0,"alpha":1.0,"rgb":{"r":1.0,"g":1.0,"b":1.0,"a":1.0},"flip":false},{"sprite_name":"Default_01","offsetx":0.0,"offsety":12.0,"alpha":1.0,"rgb":{"r":1.0,"g":1.0,"b":1.0,"a":1.0},"flip":false},{"sprite_name":"Default_01","offsetx":0.0,"offsety":8.0,"alpha":1.0,"rgb":{"r":1.0,"g":1.0,"b":1.0,"a":1.0},"flip":false},{"sprite_name":"Default_01","offsetx":0.0,"offsety":4.0,"alpha":1.0,"rgb":{"r":1.0,"g":1.0,"b":1.0,"a":1.0},"flip":false},{"sprite_name":"Default_01","offsetx":0.0,"offsety":0.0,"alpha":1.0,"rgb":{"r":1.0,"g":1.0,"b":1.0,"a":1.0},"flip":false},{"sprite_name":"LookDown_00","offsetx":0.0,"offsety":0.0,"alpha":1.0,"rgb":{"r":1.0,"g":1.0,"b":1.0,"a":1.0},"flip":true},{"sprite_name":"LookDown_00","offsetx":0.0,"offsety":0.0,"alpha":1.0,"rgb":{"r":1.0,"g":1.0,"b":1.0,"a":1.0},"flip":true},{"sprite_name":"LookDown_00","offsetx":0.0,"offsety":0.0,"alpha":1.0,"rgb":{"r":1.0,"g":1.0,"b":1.0,"a":1.0},"flip":true},{"sprite_name":"LookDown_00","offsetx":0.0,"offsety":0.0,"alpha":1.0,"rgb":{"r":1.0,"g":1.0,"b":1.0,"a":1.0},"flip":true},{"sprite_name":"LookDown_00","offsetx":0.0,"offsety":0.0,"alpha":1.0,"rgb":{"r":1.0,"g":1.0,"b":1.0,"a":1.0},"flip":true},{"sprite_name":"LookDown_00","offsetx":0.0,"offsety":0.0,"alpha":1.0,"rgb":{"r":1.0,"g":1.0,"b":1.0,"a":1.0},"flip":true},{"sprite_name":"LookDown_00","offsetx":0.0,"offsety":0.0,"alpha":1.0,"rgb":{"r":1.0,"g":1.0,"b":1.0,"a":1.0},"flip":true},{"sprite_name":"LookDown_00","offsetx":0.0,"offsety":0.0,"alpha":1.0,"rgb":{"r":1.0,"g":1.0,"b":1.0,"a":1.0},"flip":true},{"sprite_name":"LookDown_00","offsetx":0.0,"offsety":0.0,"alpha":1.0,"rgb":{"r":1.0,"g":1.0,"b":1.0,"a":1.0},"flip":true},{"sprite_name":"LookDown_00","offsetx":0.0,"offsety":0.0,"alpha":1.0,"rgb":{"r":1.0,"g":1.0,"b":1.0,"a":1.0},"flip":true},{"sprite_name":"RightHandUp_00","offsetx":0.0,"offsety":0.0,"alpha":1.0,"rgb":{"r":1.0,"g":1.0,"b":1.0,"a":1.0},"flip":false}],"play_speed":1.4,"play_mode":0,"is_reverse":false,"next_anim_name":""},{"name":"crystal_revival","frames":[{"sprite_name":"Default_01","offsetx":0.0,"offsety":0.0,"alpha":1.0,"rgb":{"r":1.0,"g":1.0,"b":1.0,"a":1.0},"flip":false},{"sprite_name":"WalkL_00","offsetx":0.0,"offsety":0.0,"alpha":1.0,"rgb":{"r":1.0,"g":1.0,"b":1.0,"a":1.0},"flip":false},{"sprite_name":"WalkB_01","offsetx":0.0,"offsety":0.0,"alpha":1.0,"rgb":{"r":1.0,"g":1.0,"b":1.0,"a":1.0},"flip":false},{"sprite_name":"WalkL_00","offsetx":0.0,"offsety":0.0,"alpha":1.0,"rgb":{"r":1.0,"g":1.0,"b":1.0,"a":1.0},"flip":true},{"sprite_name":"Default_01","offsetx":0.0,"offsety":0.0,"alpha":1.0,"rgb":{"r":1.0,"g":1.0,"b":1.0,"a":1.0},"flip":false},{"sprite_name":"WalkL_00","offsetx":0.0,"offsety":0.0,"alpha":1.0,"rgb":{"r":1.0,"g":1.0,"b":1.0,"a":1.0},"flip":false},{"sprite_name":"WalkB_01","offsetx":0.0,"offsety":0.0,"alpha":1.0,"rgb":{"r":1.0,"g":1.0,"b":1.0,"a":1.0},"flip":false},{"sprite_name":"WalkL_00","offsetx":0.0,"offsety":0.0,"alpha":1.0,"rgb":{"r":1.0,"g":1.0,"b":1.0,"a":1.0},"flip":true},{"sprite_name":"Default_01","offsetx":0.0,"offsety":0.0,"alpha":1.0,"rgb":{"r":1.0,"g":1.0,"b":1.0,"a":1.0},"flip":false},{"sprite_name":"Default_01","offsetx":0.0,"offsety":4.0,"alpha":1.0,"rgb":{"r":1.0,"g":1.0,"b":1.0,"a":1.0},"flip":false},{"sprite_name":"Default_01","offsetx":0.0,"offsety":8.0,"alpha":1.0,"rgb":{"r":1.0,"g":1.0,"b":1.0,"a":1.0},"flip":false},{"sprite_name":"Default_01","offsetx":0.0,"offsety":12.0,"alpha":1.0,"rgb":{"r":1.0,"g":1.0,"b":1.0,"a":1.0},"flip":false},{"sprite_name":"Default_01","offsetx":0.0,"offsety":16.0,"alpha":1.0,"rgb":{"r":1.0,"g":1.0,"b":1.0,"a":1.0},"flip":false},{"sprite_name":"Default_01","offsetx":0.0,"offsety":12.0,"alpha":1.0,"rgb":{"r":1.0,"g":1.0,"b":1.0,"a":1.0},"flip":false},{"sprite_name":"Default_01","offsetx":0.0,"offsety":8.0,"alpha":1.0,"rgb":{"r":1.0,"g":1.0,"b":1.0,"a":1.0},"flip":false},{"sprite_name":"Default_01","offsetx":0.0,"offsety":4.0,"alpha":1.0,"rgb":{"r":1.0,"g":1.0,"b":1.0,"a":1.0},"flip":false},{"sprite_name":"Default_01","offsetx":0.0,"offsety":0.0,"alpha":1.0,"rgb":{"r":1.0,"g":1.0,"b":1.0,"a":1.0},"flip":false},{"sprite_name":"Default_01","offsetx":0.0,"offsety":4.0,"alpha":1.0,"rgb":{"r":1.0,"g":1.0,"b":1.0,"a":1.0},"flip":false},{"sprite_name":"Default_01","offsetx":0.0,"offsety":8.0,"alpha":1.0,"rgb":{"r":1.0,"g":1.0,"b":1.0,"a":1.0},"flip":false},{"sprite_name":"Default_01","offsetx":0.0,"offsety":12.0,"alpha":1.0,"rgb":{"r":1.0,"g":1.0,"b":1.0,"a":1.0},"flip":false},{"sprite_name":"Default_01","offsetx":0.0,"offsety":16.0,"alpha":1.0,"rgb":{"r":1.0,"g":1.0,"b":1.0,"a":1.0},"flip":false},{"sprite_name":"Default_01","offsetx":0.0,"offsety":12.0,"alpha":1.0,"rgb":{"r":1.0,"g":1.0,"b":1.0,"a":1.0},"flip":false},{"sprite_name":"Default_01","offsetx":0.0,"offsety":8.0,"alpha":1.0,"rgb":{"r":1.0,"g":1.0,"b":1.0,"a":1.0},"flip":false},{"sprite_name":"Default_01","offsetx":0.0,"offsety":4.0,"alpha":1.0,"rgb":{"r":1.0,"g":1.0,"b":1.0,"a":1.0},"flip":false},{"sprite_name":"Default_01","offsetx":0.0,"offsety":0.0,"alpha":1.0,"rgb":{"r":1.0,"g":1.0,"b":1.0,"a":1.0},"flip":false},{"sprite_name":"LookDown_00","offsetx":0.0,"offsety":0.0,"alpha":1.0,"rgb":{"r":1.0,"g":1.0,"b":1.0,"a":1.0},"flip":true},{"sprite_name":"LookDown_00","offsetx":0.0,"offsety":0.0,"alpha":1.0,"rgb":{"r":1.0,"g":1.0,"b":1.0,"a":1.0},"flip":true},{"sprite_name":"LookDown_00","offsetx":0.0,"offsety":0.0,"alpha":1.0,"rgb":{"r":1.0,"g":1.0,"b":1.0,"a":1.0},"flip":true},{"sprite_name":"LookDown_00","offsetx":0.0,"offsety":0.0,"alpha":1.0,"rgb":{"r":1.0,"g":1.0,"b":1.0,"a":1.0},"flip":true},{"sprite_name":"LookDown_00","offsetx":0.0,"offsety":0.0,"alpha":1.0,"rgb":{"r":1.0,"g":1.0,"b":1.0,"a":1.0},"flip":true},{"sprite_name":"LookDown_00","offsetx":0.0,"offsety":0.0,"alpha":1.0,"rgb":{"r":1.0,"g":1.0,"b":1.0,"a":1.0},"flip":true},{"sprite_name":"LookDown_00","offsetx":0.0,"offsety":0.0,"alpha":1.0,"rgb":{"r":1.0,"g":1.0,"b":1.0,"a":1.0},"flip":true},{"sprite_name":"LookDown_00","offsetx":0.0,"offsety":0.0,"alpha":1.0,"rgb":{"r":1.0,"g":1.0,"b":1.0,"a":1.0},"flip":true},{"sprite_name":"LookDown_00","offsetx":0.0,"offsety":0.0,"alpha":1.0,"rgb":{"r":1.0,"g":1.0,"b":1.0,"a":1.0},"flip":true},{"sprite_name":"LookDown_00","offsetx":0.0,"offsety":0.0,"alpha":1.0,"rgb":{"r":1.0,"g":1.0,"b":1.0,"a":1.0},"flip":true},{"sprite_name":"RightHandUp_00","offsetx":0.0,"offsety":0.0,"alpha":1.0,"rgb":{"r":1.0,"g":1.0,"b":1.0,"a":1.0},"flip":false}],"play_speed":1.4,"play_mode":0,"is_reverse":false,"next_anim_name":""},{"name":"shining_2","frames":[{"sprite_name":"Default_03","offsetx":0.0,"offsety":2.0,"alpha":1.0,"rgb":{"r":1.0,"g":1.0,"b":1.0,"a":1.0},"flip":false},{"sprite_name":"Default_00","offsetx":0.0,"offsety":2.0,"alpha":1.0,"rgb":{"r":1.0,"g":1.0,"b":1.0,"a":1.0},"flip":false},{"sprite_name":"Default_02","offsetx":0.0,"offsety":2.0,"alpha":1.0,"rgb":{"r":1.0,"g":1.0,"b":1.0,"a":1.0},"flip":false}],"play_speed":0.5,"play_mode":0,"is_reverse":false,"next_anim_name":""}],"Name":"sc_e_0037_2","Title":{"main":"ティアマットとの戦闘","sub":"オンラクのデモ"}}