{
    "animation": [
        {
            "name": "Default",
            "frames": [
                {
                    "sprite_name": "Default_01",
                    "offsetx": 0.0,
                    "offsety": 0.0,
                    "alpha": 1.0,
                    "rgb": {
                        "r": 1.0,
                        "g": 1.0,
                        "b": 1.0,
                        "a": 1.0
                    },
                    "flip": false
                },
                {
                    "sprite_name": "Default_00",
                    "offsetx": 0.0,
                    "offsety": 0.0,
                    "alpha": 1.0,
                    "rgb": {
                        "r": 1.0,
                        "g": 1.0,
                        "b": 1.0,
                        "a": 1.0
                    },
                    "flip": false
                }
            ],
            "play_speed": 0.4000000059604645,
            "play_mode": 3,
            "is_reverse": false
        },
        {
            "name": "WalkL",
            "frames": [
                {
                    "sprite_name": "WalkL_01",
                    "offsetx": 0.0,
                    "offsety": -1.0,
                    "alpha": 1.0,
                    "rgb": {
                        "r": 1.0,
                        "g": 1.0,
                        "b": 1.0,
                        "a": 1.0
                    },
                    "flip": false
                },
                {
                    "sprite_name": "WalkL_00",
                    "offsetx": 0.0,
                    "offsety": 0.0,
                    "alpha": 1.0,
                    "rgb": {
                        "r": 1.0,
                        "g": 1.0,
                        "b": 1.0,
                        "a": 1.0
                    },
                    "flip": false
                }
            ],
            "play_speed": 0.4000000059604645,
            "play_mode": 3,
            "is_reverse": false
        },
        {
            "name": "WalkR",
            "frames": [
                {
                    "sprite_name": "WalkL_01",
                    "offsetx": 0.0,
                    "offsety": -1.0,
                    "alpha": 1.0,
                    "rgb": {
                        "r": 1.0,
                        "g": 1.0,
                        "b": 1.0,
                        "a": 1.0
                    },
                    "flip": false
                },
                {
                    "sprite_name": "WalkL_00",
                    "offsetx": 0.0,
                    "offsety": 0.0,
                    "alpha": 1.0,
                    "rgb": {
                        "r": 1.0,
                        "g": 1.0,
                        "b": 1.0,
                        "a": 1.0
                    },
                    "flip": false
                }
            ],
            "play_speed": 0.4000000059604645,
            "play_mode": 3,
            "is_reverse": true
        },
        {
            "name": "WalkB",
            "frames": [
                {
                    "sprite_name": "WalkB_01",
                    "offsetx": 0.0,
                    "offsety": 0.0,
                    "alpha": 1.0,
                    "rgb": {
                        "r": 1.0,
                        "g": 1.0,
                        "b": 1.0,
                        "a": 1.0
                    },
                    "flip": false
                },
                {
                    "sprite_name": "WalkB_00",
                    "offsetx": 0.0,
                    "offsety": 0.0,
                    "alpha": 1.0,
                    "rgb": {
                        "r": 1.0,
                        "g": 1.0,
                        "b": 1.0,
                        "a": 1.0
                    },
                    "flip": false
                }
            ],
            "play_speed": 0.4000000059604645,
            "play_mode": 3,
            "is_reverse": false
        }
    ],
    "shader_type": 0
}