{
  "id":8,
  "layers":[
    {
      "draworder":"topdown",
      "id":13,
      "name":"MinimapObject",
      "objects":[
        {
          "gid":1993,
          "height":16,
          "id":59,
          "name":"\u968e\u6bb5",
          "properties":[
            {
              "name":"direction",
              "type":"int",
              "value":1
            },
            {
              "name":"entity_id",
              "type":"int",
              "value":44
            },
            {
              "name":"minimap_icon_type",
              "type":"int",
              "value":2
            },
            {
              "name":"object_id",
              "type":"int",
              "value":0
            },
            {
              "name":"object_type",
              "type":"int",
              "value":18
            }
          ],
          "rotation":0,
          "type":"",
          "visible":true,
          "width":16,
          "x":528,
          "y":512
        }
      ],
      "opacity":1,
      "type":"objectgroup",
      "visible":true,
      "x":0,
      "y":0
    },
    {
      "draworder":"topdown",
      "id":11,
      "name":"BottomObject",
      "objects":[
        {
          "gid":2021,
          "height":16,
          "id":1,
          "name":"2.PointIn",
          "properties":[
            {
              "name":"direction",
              "type":"int",
              "value":4
            },
            {
              "name":"entity_id",
              "type":"int",
              "value":35
            },
            {
              "name":"link_object_id",
              "type":"int",
              "value":0
            },
            {
              "name":"object_id",
              "type":"int",
              "value":1
            },
            {
              "name":"object_type",
              "type":"int",
              "value":0
            },
            {
              "name":"title_id",
              "type":"string",
              "value":"MSGARA_NAME_07"
            },
            {
              "name":"title_type",
              "type":"int",
              "value":1
            }
          ],
          "rotation":0,
          "type":"",
          "visible":true,
          "width":16,
          "x":368,
          "y":336
        },
        {
          "gid":2023,
          "height":16,
          "id":3,
          "name":"1.OpenTrigger",
          "properties":[
            {
              "name":"action_id",
              "type":"int",
              "value":5
            },
            {
              "name":"entity_id",
              "type":"int",
              "value":1
            },
            {
              "name":"link_object_id",
              "type":"int",
              "value":1
            },
            {
              "name":"object_id",
              "type":"int",
              "value":1
            },
            {
              "name":"object_type",
              "type":"int",
              "value":8
            },
            {
              "name":"se_id",
              "type":"int",
              "value":9
            }
          ],
          "rotation":0,
          "type":"",
          "visible":true,
          "width":16,
          "x":368,
          "y":384
        },
        {
          "gid":2017,
          "height":16,
          "id":4,
          "name":"1.ToUpper",
          "properties":[
            {
              "name":"action_id",
              "type":"int",
              "value":1
            },
            {
              "name":"direction",
              "type":"int",
              "value":0
            },
            {
              "name":"entity_id",
              "type":"int",
              "value":37
            },
            {
              "name":"layer",
              "type":"int",
              "value":2
            },
            {
              "name":"link_object_id",
              "type":"int",
              "value":0
            },
            {
              "name":"object_id",
              "type":"int",
              "value":0
            },
            {
              "name":"object_type",
              "type":"int",
              "value":4
            },
            {
              "name":"script_id",
              "type":"int",
              "value":0
            }
          ],
          "rotation":0,
          "type":"",
          "visible":true,
          "width":16,
          "x":368,
          "y":400
        },
        {
          "gid":2023,
          "height":16,
          "id":8,
          "name":"2.OpenTrigger",
          "properties":[
            {
              "name":"action_id",
              "type":"int",
              "value":5
            },
            {
              "name":"entity_id",
              "type":"int",
              "value":2
            },
            {
              "name":"link_object_id",
              "type":"int",
              "value":2
            },
            {
              "name":"object_id",
              "type":"int",
              "value":2
            },
            {
              "name":"object_type",
              "type":"int",
              "value":8
            },
            {
              "name":"se_id",
              "type":"int",
              "value":9
            }
          ],
          "rotation":0,
          "type":"",
          "visible":true,
          "width":16,
          "x":528,
          "y":192
        },
        {
          "gid":2017,
          "height":16,
          "id":9,
          "name":"2.ToUpper",
          "properties":[
            {
              "name":"action_id",
              "type":"int",
              "value":1
            },
            {
              "name":"direction",
              "type":"int",
              "value":0
            },
            {
              "name":"entity_id",
              "type":"int",
              "value":38
            },
            {
              "name":"layer",
              "type":"int",
              "value":2
            },
            {
              "name":"link_object_id",
              "type":"int",
              "value":0
            },
            {
              "name":"object_id",
              "type":"int",
              "value":0
            },
            {
              "name":"object_type",
              "type":"int",
              "value":4
            },
            {
              "name":"script_id",
              "type":"int",
              "value":0
            }
          ],
          "rotation":0,
          "type":"",
          "visible":true,
          "width":16,
          "x":528,
          "y":208
        },
        {
          "gid":2047,
          "height":16,
          "id":64,
          "name":"\u30dd\u30fc\u30b7\u30e7\u30f3",
          "properties":[
            {
              "name":"accept_action_direction",
              "type":"int",
              "value":15
            },
            {
              "name":"action_id",
              "type":"int",
              "value":6
            },
            {
              "name":"asset_id",
              "type":"int",
              "value":0
            },
            {
              "name":"collision",
              "type":"bool",
              "value":true
            },
            {
              "name":"content_id",
              "type":"int",
              "value":2
            },
            {
              "name":"content_num",
              "type":"int",
              "value":1
            },
            {
              "name":"direction",
              "type":"int",
              "value":15
            },
            {
              "name":"entity_id",
              "type":"int",
              "value":3
            },
            {
              "name":"flag_id",
              "type":"int",
              "value":240
            },
            {
              "name":"interactive_icon_type",
              "type":"int",
              "value":5
            },
            {
              "name":"link_object_id",
              "type":"int",
              "value":100
            },
            {
              "name":"message_key",
              "type":"string",
              "value":"MSG_OTHER_11"
            },
            {
              "name":"object_id",
              "type":"int",
              "value":0
            },
            {
              "name":"object_type",
              "type":"int",
              "value":7
            },
            {
              "name":"script_id",
              "type":"int",
              "value":0
            },
            {
              "name":"se_id",
              "type":"int",
              "value":909
            }
          ],
          "rotation":0,
          "type":"",
          "visible":true,
          "width":16,
          "x":560,
          "y":112
        },
        {
          "height":16,
          "id":57,
          "name":"TileAnimRegion",
          "properties":[
            {
              "name":"all_layers",
              "type":"bool",
              "value":true
            },
            {
              "name":"entity_id",
              "type":"int",
              "value":45
            },
            {
              "name":"object_id",
              "type":"int",
              "value":100
            },
            {
              "name":"object_type",
              "type":"int",
              "value":1
            },
            {
              "name":"reverse",
              "type":"bool",
              "value":false
            }
          ],
          "rotation":0,
          "type":"",
          "visible":true,
          "width":16,
          "x":560,
          "y":96
        }
      ],
      "opacity":1,
      "type":"objectgroup",
      "visible":true,
      "x":0,
      "y":0
    },
    {
      "draworder":"topdown",
      "id":12,
      "name":"UpperObject",
      "objects":[
        {
          "gid":2023,
          "height":16,
          "id":5,
          "name":"1.OpenTrigger",
          "properties":[
            {
              "name":"action_id",
              "type":"int",
              "value":5
            },
            {
              "name":"entity_id",
              "type":"int",
              "value":4
            },
            {
              "name":"link_object_id",
              "type":"int",
              "value":1
            },
            {
              "name":"object_id",
              "type":"int",
              "value":1
            },
            {
              "name":"object_type",
              "type":"int",
              "value":8
            },
            {
              "name":"se_id",
              "type":"int",
              "value":9
            }
          ],
          "rotation":0,
          "type":"",
          "visible":true,
          "width":16,
          "x":368,
          "y":384
        },
        {
          "gid":2019,
          "height":16,
          "id":6,
          "name":"1.ToBottom",
          "properties":[
            {
              "name":"action_id",
              "type":"int",
              "value":1
            },
            {
              "name":"direction",
              "type":"int",
              "value":0
            },
            {
              "name":"entity_id",
              "type":"int",
              "value":39
            },
            {
              "name":"layer",
              "type":"int",
              "value":0
            },
            {
              "name":"link_object_id",
              "type":"int",
              "value":0
            },
            {
              "name":"object_id",
              "type":"int",
              "value":0
            },
            {
              "name":"object_type",
              "type":"int",
              "value":4
            },
            {
              "name":"script_id",
              "type":"int",
              "value":0
            }
          ],
          "rotation":0,
          "type":"",
          "visible":true,
          "width":16,
          "x":368,
          "y":384
        },
        {
          "gid":2023,
          "height":16,
          "id":10,
          "name":"2.OpenTrigger",
          "properties":[
            {
              "name":"action_id",
              "type":"int",
              "value":5
            },
            {
              "name":"entity_id",
              "type":"int",
              "value":5
            },
            {
              "name":"link_object_id",
              "type":"int",
              "value":2
            },
            {
              "name":"object_id",
              "type":"int",
              "value":2
            },
            {
              "name":"object_type",
              "type":"int",
              "value":8
            },
            {
              "name":"se_id",
              "type":"int",
              "value":9
            }
          ],
          "rotation":0,
          "type":"",
          "visible":true,
          "width":16,
          "x":528,
          "y":192
        },
        {
          "gid":2019,
          "height":16,
          "id":11,
          "name":"2.ToBottom",
          "properties":[
            {
              "name":"action_id",
              "type":"int",
              "value":1
            },
            {
              "name":"direction",
              "type":"int",
              "value":0
            },
            {
              "name":"entity_id",
              "type":"int",
              "value":40
            },
            {
              "name":"layer",
              "type":"int",
              "value":0
            },
            {
              "name":"link_object_id",
              "type":"int",
              "value":0
            },
            {
              "name":"object_id",
              "type":"int",
              "value":0
            },
            {
              "name":"object_type",
              "type":"int",
              "value":4
            },
            {
              "name":"script_id",
              "type":"int",
              "value":0
            }
          ],
          "rotation":0,
          "type":"",
          "visible":true,
          "width":16,
          "x":528,
          "y":192
        },
        {
          "gid":2020,
          "height":16,
          "id":12,
          "name":"\u8a66\u7df4\u306e\u57ce3F_GotoMap",
          "properties":[
            {
              "name":"action_id",
              "type":"int",
              "value":3
            },
            {
              "name":"direction",
              "type":"int",
              "value":0
            },
            {
              "name":"entity_id",
              "type":"int",
              "value":6
            },
            {
              "name":"link_object_id",
              "type":"int",
              "value":0
            },
            {
              "name":"map_id",
              "type":"int",
              "value":95
            },
            {
              "name":"object_id",
              "type":"int",
              "value":0
            },
            {
              "name":"object_type",
              "type":"int",
              "value":3
            },
            {
              "name":"point_id",
              "type":"int",
              "value":1
            },
            {
              "name":"script_id",
              "type":"int",
              "value":0
            }
          ],
          "rotation":0,
          "type":"",
          "visible":true,
          "width":16,
          "x":528,
          "y":512
        },
        {
          "gid":2021,
          "height":16,
          "id":13,
          "name":"\u8a66\u7df4\u306e\u57ce3F_PointIn",
          "properties":[
            {
              "name":"direction",
              "type":"int",
              "value":2
            },
            {
              "name":"entity_id",
              "type":"int",
              "value":7
            },
            {
              "name":"link_object_id",
              "type":"int",
              "value":0
            },
            {
              "name":"object_id",
              "type":"int",
              "value":14
            },
            {
              "name":"object_type",
              "type":"int",
              "value":0
            },
            {
              "name":"title_id",
              "type":"string",
              "value":"MSGARA_NAME_07"
            },
            {
              "name":"title_type",
              "type":"int",
              "value":1
            }
          ],
          "rotation":0,
          "type":"",
          "visible":true,
          "width":16,
          "x":544,
          "y":512
        },
        {
          "gid":2021,
          "height":16,
          "id":15,
          "name":"3.PointIn",
          "properties":[
            {
              "name":"direction",
              "type":"int",
              "value":2
            },
            {
              "name":"entity_id",
              "type":"int",
              "value":9
            },
            {
              "name":"link_object_id",
              "type":"int",
              "value":0
            },
            {
              "name":"object_id",
              "type":"int",
              "value":3
            },
            {
              "name":"object_type",
              "type":"int",
              "value":0
            },
            {
              "name":"title_id",
              "type":"string",
              "value":""
            },
            {
              "name":"title_type",
              "type":"int",
              "value":0
            }
          ],
          "rotation":0,
          "type":"",
          "visible":true,
          "width":16,
          "x":416,
          "y":336
        },
        {
          "gid":2021,
          "height":16,
          "id":17,
          "name":"4.PointIn",
          "properties":[
            {
              "name":"direction",
              "type":"int",
              "value":8
            },
            {
              "name":"entity_id",
              "type":"int",
              "value":11
            },
            {
              "name":"link_object_id",
              "type":"int",
              "value":0
            },
            {
              "name":"object_id",
              "type":"int",
              "value":4
            },
            {
              "name":"object_type",
              "type":"int",
              "value":0
            },
            {
              "name":"title_id",
              "type":"string",
              "value":""
            },
            {
              "name":"title_type",
              "type":"int",
              "value":0
            }
          ],
          "rotation":0,
          "type":"",
          "visible":true,
          "width":16,
          "x":368,
          "y":288
        },
        {
          "gid":2021,
          "height":16,
          "id":19,
          "name":"5.PointIn",
          "properties":[
            {
              "name":"direction",
              "type":"int",
              "value":8
            },
            {
              "name":"entity_id",
              "type":"int",
              "value":13
            },
            {
              "name":"link_object_id",
              "type":"int",
              "value":0
            },
            {
              "name":"object_id",
              "type":"int",
              "value":5
            },
            {
              "name":"object_type",
              "type":"int",
              "value":0
            },
            {
              "name":"title_id",
              "type":"string",
              "value":""
            },
            {
              "name":"title_type",
              "type":"int",
              "value":0
            }
          ],
          "rotation":0,
          "type":"",
          "visible":true,
          "width":16,
          "x":320,
          "y":336
        },
        {
          "gid":2021,
          "height":16,
          "id":21,
          "name":"6.PointIn",
          "properties":[
            {
              "name":"direction",
              "type":"int",
              "value":2
            },
            {
              "name":"entity_id",
              "type":"int",
              "value":15
            },
            {
              "name":"link_object_id",
              "type":"int",
              "value":0
            },
            {
              "name":"object_id",
              "type":"int",
              "value":6
            },
            {
              "name":"object_type",
              "type":"int",
              "value":0
            },
            {
              "name":"title_id",
              "type":"string",
              "value":""
            },
            {
              "name":"title_type",
              "type":"int",
              "value":0
            }
          ],
          "rotation":0,
          "type":"",
          "visible":true,
          "width":16,
          "x":368,
          "y":416
        },
        {
          "gid":2021,
          "height":16,
          "id":23,
          "name":"7.PointIn",
          "properties":[
            {
              "name":"direction",
              "type":"int",
              "value":2
            },
            {
              "name":"entity_id",
              "type":"int",
              "value":17
            },
            {
              "name":"link_object_id",
              "type":"int",
              "value":0
            },
            {
              "name":"object_id",
              "type":"int",
              "value":7
            },
            {
              "name":"object_type",
              "type":"int",
              "value":0
            },
            {
              "name":"title_id",
              "type":"string",
              "value":""
            },
            {
              "name":"title_type",
              "type":"int",
              "value":0
            }
          ],
          "rotation":0,
          "type":"",
          "visible":true,
          "width":16,
          "x":144,
          "y":512
        },
        {
          "gid":2021,
          "height":16,
          "id":25,
          "name":"8.PointIn",
          "properties":[
            {
              "name":"direction",
              "type":"int",
              "value":4
            },
            {
              "name":"entity_id",
              "type":"int",
              "value":19
            },
            {
              "name":"link_object_id",
              "type":"int",
              "value":0
            },
            {
              "name":"object_id",
              "type":"int",
              "value":8
            },
            {
              "name":"object_type",
              "type":"int",
              "value":0
            },
            {
              "name":"title_id",
              "type":"string",
              "value":""
            },
            {
              "name":"title_type",
              "type":"int",
              "value":0
            }
          ],
          "rotation":0,
          "type":"",
          "visible":true,
          "width":16,
          "x":240,
          "y":176
        },
        {
          "gid":2021,
          "height":16,
          "id":28,
          "name":"10.PointIn",
          "properties":[
            {
              "name":"direction",
              "type":"int",
              "value":1
            },
            {
              "name":"entity_id",
              "type":"int",
              "value":22
            },
            {
              "name":"link_object_id",
              "type":"int",
              "value":0
            },
            {
              "name":"object_id",
              "type":"int",
              "value":10
            },
            {
              "name":"object_type",
              "type":"int",
              "value":0
            },
            {
              "name":"title_id",
              "type":"string",
              "value":""
            },
            {
              "name":"title_type",
              "type":"int",
              "value":0
            }
          ],
          "rotation":0,
          "type":"",
          "visible":true,
          "width":16,
          "x":208,
          "y":160
        },
        {
          "gid":2021,
          "height":16,
          "id":30,
          "name":"11.PointIn",
          "properties":[
            {
              "name":"direction",
              "type":"int",
              "value":4
            },
            {
              "name":"entity_id",
              "type":"int",
              "value":24
            },
            {
              "name":"link_object_id",
              "type":"int",
              "value":0
            },
            {
              "name":"object_id",
              "type":"int",
              "value":11
            },
            {
              "name":"object_type",
              "type":"int",
              "value":0
            },
            {
              "name":"title_id",
              "type":"string",
              "value":""
            },
            {
              "name":"title_type",
              "type":"int",
              "value":0
            }
          ],
          "rotation":0,
          "type":"",
          "visible":true,
          "width":16,
          "x":272,
          "y":160
        },
        {
          "gid":2021,
          "height":16,
          "id":32,
          "name":"12.PointIn",
          "properties":[
            {
              "name":"direction",
              "type":"int",
              "value":8
            },
            {
              "name":"entity_id",
              "type":"int",
              "value":26
            },
            {
              "name":"link_object_id",
              "type":"int",
              "value":0
            },
            {
              "name":"object_id",
              "type":"int",
              "value":12
            },
            {
              "name":"object_type",
              "type":"int",
              "value":0
            },
            {
              "name":"title_id",
              "type":"string",
              "value":""
            },
            {
              "name":"title_type",
              "type":"int",
              "value":0
            }
          ],
          "rotation":0,
          "type":"",
          "visible":true,
          "width":16,
          "x":368,
          "y":272
        },
        {
          "gid":2021,
          "height":16,
          "id":34,
          "name":"13.PointIn",
          "properties":[
            {
              "name":"direction",
              "type":"int",
              "value":1
            },
            {
              "name":"entity_id",
              "type":"int",
              "value":28
            },
            {
              "name":"link_object_id",
              "type":"int",
              "value":0
            },
            {
              "name":"object_id",
              "type":"int",
              "value":13
            },
            {
              "name":"object_type",
              "type":"int",
              "value":0
            },
            {
              "name":"title_id",
              "type":"string",
              "value":""
            },
            {
              "name":"title_type",
              "type":"int",
              "value":0
            }
          ],
          "rotation":0,
          "type":"",
          "visible":true,
          "width":16,
          "x":576,
          "y":560
        },
        {
          "height":16,
          "id":38,
          "name":"TileAnimRegion",
          "properties":[
            {
              "name":"all_layers",
              "type":"bool",
              "value":true
            },
            {
              "name":"entity_id",
              "type":"int",
              "value":32
            },
            {
              "name":"object_id",
              "type":"int",
              "value":1
            },
            {
              "name":"object_type",
              "type":"int",
              "value":1
            },
            {
              "name":"reverse",
              "type":"bool",
              "value":true
            }
          ],
          "rotation":0,
          "type":"",
          "visible":true,
          "width":16,
          "x":368,
          "y":368
        },
        {
          "height":16,
          "id":41,
          "name":"TileAnimRegion",
          "properties":[
            {
              "name":"all_layers",
              "type":"bool",
              "value":true
            },
            {
              "name":"entity_id",
              "type":"int",
              "value":33
            },
            {
              "name":"object_id",
              "type":"int",
              "value":2
            },
            {
              "name":"object_type",
              "type":"int",
              "value":1
            },
            {
              "name":"reverse",
              "type":"bool",
              "value":true
            }
          ],
          "rotation":0,
          "type":"",
          "visible":true,
          "width":16,
          "x":528,
          "y":176
        },
        {
          "gid":2022,
          "height":16,
          "id":43,
          "name":"\u2462\u3078\u30ef\u30fc\u30d7",
          "properties":[
            {
              "name":"action_id",
              "type":"int",
              "value":2
            },
            {
              "name":"direction",
              "type":"int",
              "value":0
            },
            {
              "name":"entity_id",
              "type":"int",
              "value":46
            },
            {
              "name":"gimmick",
              "type":"bool",
              "value":false
            },
            {
              "name":"ignore_route_link_object_id",
              "type":"int",
              "value":10
            },
            {
              "name":"link_object_id",
              "type":"int",
              "value":0
            },
            {
              "name":"object_id",
              "type":"int",
              "value":0
            },
            {
              "name":"object_type",
              "type":"int",
              "value":2
            },
            {
              "name":"script_id",
              "type":"int",
              "value":606
            }
          ],
          "rotation":0,
          "type":"",
          "visible":true,
          "width":16,
          "x":432,
          "y":416
        },
        {
          "gid":2022,
          "height":16,
          "id":44,
          "name":"\u2462\u3078\u30ef\u30fc\u30d7",
          "properties":[
            {
              "name":"action_id",
              "type":"int",
              "value":2
            },
            {
              "name":"direction",
              "type":"int",
              "value":0
            },
            {
              "name":"entity_id",
              "type":"int",
              "value":47
            },
            {
              "name":"gimmick",
              "type":"bool",
              "value":false
            },
            {
              "name":"ignore_route_link_object_id",
              "type":"int",
              "value":19
            },
            {
              "name":"link_object_id",
              "type":"int",
              "value":0
            },
            {
              "name":"object_id",
              "type":"int",
              "value":0
            },
            {
              "name":"object_type",
              "type":"int",
              "value":2
            },
            {
              "name":"script_id",
              "type":"int",
              "value":606
            }
          ],
          "rotation":0,
          "type":"",
          "visible":true,
          "width":16,
          "x":528,
          "y":368
        },
        {
          "gid":2022,
          "height":16,
          "id":45,
          "name":"\u2462\u3078\u30ef\u30fc\u30d7",
          "properties":[
            {
              "name":"action_id",
              "type":"int",
              "value":2
            },
            {
              "name":"direction",
              "type":"int",
              "value":0
            },
            {
              "name":"entity_id",
              "type":"int",
              "value":48
            },
            {
              "name":"gimmick",
              "type":"bool",
              "value":false
            },
            {
              "name":"ignore_route_link_object_id",
              "type":"int",
              "value":15
            },
            {
              "name":"link_object_id",
              "type":"int",
              "value":0
            },
            {
              "name":"object_id",
              "type":"int",
              "value":0
            },
            {
              "name":"object_type",
              "type":"int",
              "value":2
            },
            {
              "name":"script_id",
              "type":"int",
              "value":606
            }
          ],
          "rotation":0,
          "type":"",
          "visible":true,
          "width":16,
          "x":240,
          "y":256
        },
        {
          "gid":2022,
          "height":16,
          "id":46,
          "name":"\u2463\u3078\u30ef\u30fc\u30d7",
          "properties":[
            {
              "name":"action_id",
              "type":"int",
              "value":2
            },
            {
              "name":"direction",
              "type":"int",
              "value":0
            },
            {
              "name":"entity_id",
              "type":"int",
              "value":49
            },
            {
              "name":"gimmick",
              "type":"bool",
              "value":false
            },
            {
              "name":"ignore_route_link_object_id",
              "type":"int",
              "value":12
            },
            {
              "name":"link_object_id",
              "type":"int",
              "value":0
            },
            {
              "name":"object_id",
              "type":"int",
              "value":0
            },
            {
              "name":"object_type",
              "type":"int",
              "value":2
            },
            {
              "name":"script_id",
              "type":"int",
              "value":607
            }
          ],
          "rotation":0,
          "type":"",
          "visible":true,
          "width":16,
          "x":416,
          "y":272
        },
        {
          "gid":2022,
          "height":16,
          "id":47,
          "name":"\u2464\u3078\u30ef\u30fc\u30d7",
          "properties":[
            {
              "name":"action_id",
              "type":"int",
              "value":2
            },
            {
              "name":"direction",
              "type":"int",
              "value":0
            },
            {
              "name":"entity_id",
              "type":"int",
              "value":50
            },
            {
              "name":"gimmick",
              "type":"bool",
              "value":false
            },
            {
              "name":"ignore_route_link_object_id",
              "type":"int",
              "value":22
            },
            {
              "name":"link_object_id",
              "type":"int",
              "value":0
            },
            {
              "name":"object_id",
              "type":"int",
              "value":0
            },
            {
              "name":"object_type",
              "type":"int",
              "value":2
            },
            {
              "name":"script_id",
              "type":"int",
              "value":608
            }
          ],
          "rotation":0,
          "type":"",
          "visible":true,
          "width":16,
          "x":208,
          "y":512
        },
        {
          "gid":2022,
          "height":16,
          "id":48,
          "name":"\u2464\u3078\u30ef\u30fc\u30d7",
          "properties":[
            {
              "name":"action_id",
              "type":"int",
              "value":2
            },
            {
              "name":"direction",
              "type":"int",
              "value":0
            },
            {
              "name":"entity_id",
              "type":"int",
              "value":51
            },
            {
              "name":"gimmick",
              "type":"bool",
              "value":false
            },
            {
              "name":"ignore_route_link_object_id",
              "type":"int",
              "value":13
            },
            {
              "name":"link_object_id",
              "type":"int",
              "value":0
            },
            {
              "name":"object_id",
              "type":"int",
              "value":0
            },
            {
              "name":"object_type",
              "type":"int",
              "value":2
            },
            {
              "name":"script_id",
              "type":"int",
              "value":608
            }
          ],
          "rotation":0,
          "type":"",
          "visible":true,
          "width":16,
          "x":272,
          "y":288
        },
        {
          "gid":2022,
          "height":16,
          "id":49,
          "name":"\u2465\u3078\u30ef\u30fc\u30d7",
          "properties":[
            {
              "name":"action_id",
              "type":"int",
              "value":2
            },
            {
              "name":"direction",
              "type":"int",
              "value":0
            },
            {
              "name":"entity_id",
              "type":"int",
              "value":52
            },
            {
              "name":"gimmick",
              "type":"bool",
              "value":false
            },
            {
              "name":"ignore_route_link_object_id",
              "type":"int",
              "value":14
            },
            {
              "name":"link_object_id",
              "type":"int",
              "value":0
            },
            {
              "name":"object_id",
              "type":"int",
              "value":0
            },
            {
              "name":"object_type",
              "type":"int",
              "value":2
            },
            {
              "name":"script_id",
              "type":"int",
              "value":609
            }
          ],
          "rotation":0,
          "type":"",
          "visible":true,
          "width":16,
          "x":272,
          "y":256
        },
        {
          "gid":2022,
          "height":16,
          "id":50,
          "name":"\u2466\u3078\u30ef\u30fc\u30d7",
          "properties":[
            {
              "name":"action_id",
              "type":"int",
              "value":2
            },
            {
              "name":"direction",
              "type":"int",
              "value":0
            },
            {
              "name":"entity_id",
              "type":"int",
              "value":53
            },
            {
              "name":"gimmick",
              "type":"bool",
              "value":false
            },
            {
              "name":"ignore_route_link_object_id",
              "type":"int",
              "value":11
            },
            {
              "name":"link_object_id",
              "type":"int",
              "value":0
            },
            {
              "name":"object_id",
              "type":"int",
              "value":0
            },
            {
              "name":"object_type",
              "type":"int",
              "value":2
            },
            {
              "name":"script_id",
              "type":"int",
              "value":610
            }
          ],
          "rotation":0,
          "type":"",
          "visible":true,
          "width":16,
          "x":304,
          "y":400
        },
        {
          "gid":2022,
          "height":16,
          "id":51,
          "name":"\u2466\u3078\u30ef\u30fc\u30d7",
          "properties":[
            {
              "name":"action_id",
              "type":"int",
              "value":2
            },
            {
              "name":"direction",
              "type":"int",
              "value":0
            },
            {
              "name":"entity_id",
              "type":"int",
              "value":54
            },
            {
              "name":"gimmick",
              "type":"bool",
              "value":false
            },
            {
              "name":"ignore_route_link_object_id",
              "type":"int",
              "value":18
            },
            {
              "name":"link_object_id",
              "type":"int",
              "value":0
            },
            {
              "name":"object_id",
              "type":"int",
              "value":0
            },
            {
              "name":"object_type",
              "type":"int",
              "value":2
            },
            {
              "name":"script_id",
              "type":"int",
              "value":610
            }
          ],
          "rotation":0,
          "type":"",
          "visible":true,
          "width":16,
          "x":528,
          "y":320
        },
        {
          "gid":2022,
          "height":16,
          "id":52,
          "name":"\u2467\u3078\u30ef\u30fc\u30d7",
          "properties":[
            {
              "name":"action_id",
              "type":"int",
              "value":2
            },
            {
              "name":"direction",
              "type":"int",
              "value":0
            },
            {
              "name":"entity_id",
              "type":"int",
              "value":55
            },
            {
              "name":"gimmick",
              "type":"bool",
              "value":false
            },
            {
              "name":"ignore_route_link_object_id",
              "type":"int",
              "value":23
            },
            {
              "name":"link_object_id",
              "type":"int",
              "value":0
            },
            {
              "name":"object_id",
              "type":"int",
              "value":0
            },
            {
              "name":"object_type",
              "type":"int",
              "value":2
            },
            {
              "name":"script_id",
              "type":"int",
              "value":611
            }
          ],
          "rotation":0,
          "type":"",
          "visible":true,
          "width":16,
          "x":208,
          "y":560
        },
        {
          "gid":2022,
          "height":16,
          "id":53,
          "name":"\u2469\u3078\u30ef\u30fc\u30d7",
          "properties":[
            {
              "name":"action_id",
              "type":"int",
              "value":2
            },
            {
              "name":"direction",
              "type":"int",
              "value":0
            },
            {
              "name":"entity_id",
              "type":"int",
              "value":56
            },
            {
              "name":"gimmick",
              "type":"bool",
              "value":false
            },
            {
              "name":"ignore_route_link_object_id",
              "type":"int",
              "value":21
            },
            {
              "name":"link_object_id",
              "type":"int",
              "value":0
            },
            {
              "name":"object_id",
              "type":"int",
              "value":0
            },
            {
              "name":"object_type",
              "type":"int",
              "value":2
            },
            {
              "name":"script_id",
              "type":"int",
              "value":612
            }
          ],
          "rotation":0,
          "type":"",
          "visible":true,
          "width":16,
          "x":208,
          "y":464
        },
        {
          "gid":2022,
          "height":16,
          "id":54,
          "name":"\u246a\u3078\u30ef\u30fc\u30d7",
          "properties":[
            {
              "name":"action_id",
              "type":"int",
              "value":2
            },
            {
              "name":"direction",
              "type":"int",
              "value":0
            },
            {
              "name":"entity_id",
              "type":"int",
              "value":57
            },
            {
              "name":"gimmick",
              "type":"bool",
              "value":false
            },
            {
              "name":"ignore_route_link_object_id",
              "type":"int",
              "value":16
            },
            {
              "name":"link_object_id",
              "type":"int",
              "value":0
            },
            {
              "name":"object_id",
              "type":"int",
              "value":0
            },
            {
              "name":"object_type",
              "type":"int",
              "value":2
            },
            {
              "name":"script_id",
              "type":"int",
              "value":613
            }
          ],
          "rotation":0,
          "type":"",
          "visible":true,
          "width":16,
          "x":192,
          "y":128
        },
        {
          "gid":2022,
          "height":16,
          "id":55,
          "name":"\u246b\u3078\u30ef\u30fc\u30d7",
          "properties":[
            {
              "name":"action_id",
              "type":"int",
              "value":2
            },
            {
              "name":"direction",
              "type":"int",
              "value":0
            },
            {
              "name":"entity_id",
              "type":"int",
              "value":58
            },
            {
              "name":"gimmick",
              "type":"bool",
              "value":false
            },
            {
              "name":"ignore_route_link_object_id",
              "type":"int",
              "value":17
            },
            {
              "name":"link_object_id",
              "type":"int",
              "value":0
            },
            {
              "name":"object_id",
              "type":"int",
              "value":0
            },
            {
              "name":"object_type",
              "type":"int",
              "value":2
            },
            {
              "name":"script_id",
              "type":"int",
              "value":614
            }
          ],
          "rotation":0,
          "type":"",
          "visible":true,
          "width":16,
          "x":144,
          "y":112
        },
        {
          "gid":2022,
          "height":16,
          "id":56,
          "name":"\u246c\u3078\u30ef\u30fc\u30d7",
          "properties":[
            {
              "name":"action_id",
              "type":"int",
              "value":2
            },
            {
              "name":"direction",
              "type":"int",
              "value":0
            },
            {
              "name":"entity_id",
              "type":"int",
              "value":59
            },
            {
              "name":"gimmick",
              "type":"bool",
              "value":false
            },
            {
              "name":"ignore_route_link_object_id",
              "type":"int",
              "value":20
            },
            {
              "name":"link_object_id",
              "type":"int",
              "value":0
            },
            {
              "name":"object_id",
              "type":"int",
              "value":0
            },
            {
              "name":"object_type",
              "type":"int",
              "value":2
            },
            {
              "name":"script_id",
              "type":"int",
              "value":615
            }
          ],
          "rotation":0,
          "type":"",
          "visible":true,
          "width":16,
          "x":496,
          "y":432
        },
        {
          "gid":2024,
          "height":16,
          "id":62,
          "name":"\u30ef\u30fc\u30d7\u30a8\u30d5\u30a7\u30af\u30c8",
          "properties":[
            {
              "name":"action_id",
              "type":"int",
              "value":0
            },
            {
              "name":"affected",
              "type":"bool",
              "value":true
            },
            {
              "name":"asset_id",
              "type":"int",
              "value":180
            },
            {
              "name":"birdview_puppet",
              "type":"bool",
              "value":false
            },
            {
              "name":"blend_type",
              "type":"int",
              "value":0
            },
            {
              "name":"collision",
              "type":"bool",
              "value":false
            },
            {
              "name":"direction",
              "type":"int",
              "value":0
            },
            {
              "name":"entity_id",
              "type":"int",
              "value":42
            },
            {
              "name":"front",
              "type":"bool",
              "value":true
            },
            {
              "name":"link_object_id",
              "type":"int",
              "value":0
            },
            {
              "name":"object_id",
              "type":"int",
              "value":0
            },
            {
              "name":"object_type",
              "type":"int",
              "value":11
            },
            {
              "name":"play_on_awake",
              "type":"bool",
              "value":false
            },
            {
              "name":"script_id",
              "type":"int",
              "value":0
            },
            {
              "name":"split",
              "type":"bool",
              "value":true
            },
            {
              "name":"zoffset",
              "type":"int",
              "value":-1
            }
          ],
          "rotation":0,
          "type":"",
          "visible":true,
          "width":16,
          "x":-48,
          "y":624
        },
        {
          "gid":2031,
          "height":16,
          "id":63,
          "name":"TelepoPoint",
          "properties":[
            {
              "name":"entity_id",
              "type":"int",
              "value":60
            },
            {
              "name":"goto_entity_id",
              "type":"int",
              "value":6
            },
            {
              "name":"object_type",
              "type":"int",
              "value":20
            },
            {
              "name":"pointin_entity_id",
              "type":"int",
              "value":7
            }
          ],
          "rotation":0,
          "type":"",
          "visible":true,
          "width":16,
          "x":544,
          "y":512
        },
        {
          "gid":2033,
          "height":16,
          "id":67,
          "name":"IgnoreRoute",
          "properties":[
            {
              "name":"object_id",
              "type":"int",
              "value":10
            },
            {
              "name":"object_type",
              "type":"int",
              "value":22
            }
          ],
          "rotation":0,
          "type":"",
          "visible":true,
          "width":16,
          "x":432,
          "y":416
        },
        {
          "gid":2033,
          "height":16,
          "id":68,
          "name":"IgnoreRoute",
          "properties":[
            {
              "name":"object_id",
              "type":"int",
              "value":11
            },
            {
              "name":"object_type",
              "type":"int",
              "value":22
            }
          ],
          "rotation":0,
          "type":"",
          "visible":true,
          "width":16,
          "x":304,
          "y":400
        },
        {
          "gid":2033,
          "height":16,
          "id":71,
          "name":"IgnoreRoute",
          "properties":[
            {
              "name":"object_id",
              "type":"int",
              "value":12
            },
            {
              "name":"object_type",
              "type":"int",
              "value":22
            }
          ],
          "rotation":0,
          "type":"",
          "visible":true,
          "width":16,
          "x":416,
          "y":272
        },
        {
          "gid":2033,
          "height":16,
          "id":72,
          "name":"IgnoreRoute",
          "properties":[
            {
              "name":"object_id",
              "type":"int",
              "value":13
            },
            {
              "name":"object_type",
              "type":"int",
              "value":22
            }
          ],
          "rotation":0,
          "type":"",
          "visible":true,
          "width":16,
          "x":272,
          "y":288
        },
        {
          "gid":2033,
          "height":16,
          "id":73,
          "name":"IgnoreRoute",
          "properties":[
            {
              "name":"object_id",
              "type":"int",
              "value":14
            },
            {
              "name":"object_type",
              "type":"int",
              "value":22
            }
          ],
          "rotation":0,
          "type":"",
          "visible":true,
          "width":16,
          "x":272,
          "y":256
        },
        {
          "gid":2033,
          "height":16,
          "id":74,
          "name":"IgnoreRoute",
          "properties":[
            {
              "name":"object_id",
              "type":"int",
              "value":15
            },
            {
              "name":"object_type",
              "type":"int",
              "value":22
            }
          ],
          "rotation":0,
          "type":"",
          "visible":true,
          "width":16,
          "x":240,
          "y":256
        },
        {
          "gid":2033,
          "height":16,
          "id":75,
          "name":"IgnoreRoute",
          "properties":[
            {
              "name":"object_id",
              "type":"int",
              "value":16
            },
            {
              "name":"object_type",
              "type":"int",
              "value":22
            }
          ],
          "rotation":0,
          "type":"",
          "visible":true,
          "width":16,
          "x":192,
          "y":128
        },
        {
          "gid":2033,
          "height":16,
          "id":76,
          "name":"IgnoreRoute",
          "properties":[
            {
              "name":"object_id",
              "type":"int",
              "value":17
            },
            {
              "name":"object_type",
              "type":"int",
              "value":22
            }
          ],
          "rotation":0,
          "type":"",
          "visible":true,
          "width":16,
          "x":144,
          "y":112
        },
        {
          "gid":2033,
          "height":16,
          "id":77,
          "name":"IgnoreRoute",
          "properties":[
            {
              "name":"object_id",
              "type":"int",
              "value":18
            },
            {
              "name":"object_type",
              "type":"int",
              "value":22
            }
          ],
          "rotation":0,
          "type":"",
          "visible":true,
          "width":16,
          "x":528,
          "y":320
        },
        {
          "gid":2033,
          "height":16,
          "id":78,
          "name":"IgnoreRoute",
          "properties":[
            {
              "name":"object_id",
              "type":"int",
              "value":19
            },
            {
              "name":"object_type",
              "type":"int",
              "value":22
            }
          ],
          "rotation":0,
          "type":"",
          "visible":true,
          "width":16,
          "x":528,
          "y":368
        },
        {
          "gid":2033,
          "height":16,
          "id":79,
          "name":"IgnoreRoute",
          "properties":[
            {
              "name":"object_id",
              "type":"int",
              "value":20
            },
            {
              "name":"object_type",
              "type":"int",
              "value":22
            }
          ],
          "rotation":0,
          "type":"",
          "visible":true,
          "width":16,
          "x":496,
          "y":432
        },
        {
          "gid":2033,
          "height":16,
          "id":80,
          "name":"IgnoreRoute",
          "properties":[
            {
              "name":"object_id",
              "type":"int",
              "value":21
            },
            {
              "name":"object_type",
              "type":"int",
              "value":22
            }
          ],
          "rotation":0,
          "type":"",
          "visible":true,
          "width":16,
          "x":208,
          "y":464
        },
        {
          "gid":2033,
          "height":16,
          "id":81,
          "name":"IgnoreRoute",
          "properties":[
            {
              "name":"object_id",
              "type":"int",
              "value":22
            },
            {
              "name":"object_type",
              "type":"int",
              "value":22
            }
          ],
          "rotation":0,
          "type":"",
          "visible":true,
          "width":16,
          "x":208,
          "y":512
        },
        {
          "gid":2033,
          "height":16,
          "id":82,
          "name":"IgnoreRoute",
          "properties":[
            {
              "name":"object_id",
              "type":"int",
              "value":23
            },
            {
              "name":"object_type",
              "type":"int",
              "value":22
            }
          ],
          "rotation":0,
          "type":"",
          "visible":true,
          "width":16,
          "x":208,
          "y":560
        }
      ],
      "opacity":1,
      "type":"objectgroup",
      "visible":true,
      "x":0,
      "y":0
    }
  ],
  "name":"DefaultObjectGroup",
  "opacity":1,
  "type":"group",
  "visible":true,
  "x":0,
  "y":0,
  "width":47,
  "height":41
}
