id,asset_group_name,asset_name,message_id
1,gl_ff1_c058_c00,gallery_058,MSG_GAERY_01
2,gl_ff1_c059_c00,gallery_059,MSG_GAERY_02
3,gl_ff1_c001_c00,gallery_000,MSG_GAERY_04
4,gl_ff1_c002_c00,gallery_001,MSG_GAERY_05
5,gl_ff1_c003_c00,gallery_002,MSG_GAERY_06
6,gl_ff1_c004_c00,gallery_003,MSG_GAERY_07
7,gl_ff1_c005_c00,gallery_004,MSG_GAERY_08
8,gl_ff1_c006_c00,gallery_005,MSG_GAERY_09
9,gl_ff1_c007_c00,gallery_006,MSG_GAERY_10
10,gl_ff1_c008_c00,gallery_007,MSG_GAERY_11
11,gl_ff1_c009_c00,gallery_008,MSG_GAERY_12
12,gl_ff1_c010_c00,gallery_009,MSG_GAERY_13
13,gl_ff1_c011_c00,gallery_010,MSG_GAERY_14
14,gl_ff1_c012_c00,gallery_011,MSG_GAERY_15
15,gl_ff1_c013_c00,gallery_012,MSG_GAERY_16
16,gl_ff1_c014_c00,gallery_013,MSG_GAERY_17
17,gl_ff1_c015_c00,gallery_014,MSG_GAERY_18
18,gl_ff1_c016_c00,gallery_015,MSG_GAERY_19
19,gl_ff1_c017_c00,gallery_016,MSG_GAERY_20
20,gl_ff1_c018_c00,gallery_017,MSG_GAERY_21
21,gl_ff1_c019_c00,gallery_018,MSG_GAERY_22
22,gl_ff1_c020_c00,gallery_019,MSG_GAERY_23
23,gl_ff1_c021_c00,gallery_020,MSG_GAERY_24
24,gl_ff1_c022_c00,gallery_021,MSG_GAERY_25
25,gl_ff1_c023_c00,gallery_022,MSG_GAERY_26
26,gl_ff1_c024_c00,gallery_023,MSG_GAERY_27
27,gl_ff1_c025_c00,gallery_024,MSG_GAERY_28
28,gl_ff1_c026_c00,gallery_025,MSG_GAERY_29
29,gl_ff1_c027_c00,gallery_026,MSG_GAERY_30
30,gl_ff1_c028_c00,gallery_027,MSG_GAERY_31
31,gl_ff1_c029_c00,gallery_028,MSG_GAERY_32
32,gl_ff1_c030_c00,gallery_029,MSG_GAERY_33
33,gl_ff1_c031_c00,gallery_030,MSG_GAERY_34
34,gl_ff1_c032_c00,gallery_031,MSG_GAERY_35
35,gl_ff1_c033_c00,gallery_032,MSG_GAERY_36
36,gl_ff1_c034_c00,gallery_033,MSG_GAERY_37
37,gl_ff1_c035_c00,gallery_034,MSG_GAERY_38
38,gl_ff1_c036_c00,gallery_035,MSG_GAERY_39
39,gl_ff1_c037_c00,gallery_036,MSG_GAERY_40
40,gl_ff1_c038_c00,gallery_037,MSG_GAERY_41
41,gl_ff1_c039_c00,gallery_038,MSG_GAERY_42
42,gl_ff1_c040_c00,gallery_039,MSG_GAERY_43
43,gl_ff1_c041_c00,gallery_040,MSG_GAERY_44
44,gl_ff1_c042_c00,gallery_041,MSG_GAERY_45
45,gl_ff1_c043_c00,gallery_042,MSG_GAERY_46
46,gl_ff1_c044_c00,gallery_043,MSG_GAERY_47
47,gl_ff1_c045_c00,gallery_044,MSG_GAERY_48
48,gl_ff1_c046_c00,gallery_045,MSG_GAERY_49
49,gl_ff1_c047_c00,gallery_046,MSG_GAERY_50
50,gl_ff1_c048_c00,gallery_047,MSG_GAERY_51
51,gl_ff1_c049_c00,gallery_048,MSG_GAERY_52
52,gl_ff1_c050_c00,gallery_049,MSG_GAERY_53
53,gl_ff1_c051_c00,gallery_050,MSG_GAERY_54
54,gl_ff1_c052_c00,gallery_051,MSG_GAERY_55
55,gl_ff1_c053_c00,gallery_052,MSG_GAERY_56
56,gl_ff1_c054_c00,gallery_053,MSG_GAERY_57
57,gl_ff1_c055_c00,gallery_054,MSG_GAERY_58
58,gl_ff1_c056_c00,gallery_055,MSG_GAERY_59
59,gl_ff1_c057_c00,gallery_056,MSG_GAERY_60
