id,mes_id_name
1,MSG_SYSTEM_158
2,MSG_SYSTEM_159
3,MSG_SYSTEM_160
4,MSG_SYSTEM_161
5,MSG_SYSTEM_162
6,MSG_SYSTEM_158
7,MSG_SYSTEM_159
8,MSG_SYSTEM_160
9,MSG_SYSTEM_161
10,MSG_SYSTEM_162
11,MSG_SYSTEM_158
12,MSG_SYSTEM_159
13,MSG_SYSTEM_160
14,MSG_SYSTEM_161
15,MSG_SYSTEM_161
16,MSG_SYSTEM_162
17,MSG_SYSTEM_162
18,MSG_SYSTEM_158
19,MSG_SYSTEM_159
20,MSG_SYSTEM_161
21,MSG_SYSTEM_162
22,MSG_SYSTEM_158
23,MSG_SYSTEM_159
24,MSG_SYSTEM_160
25,MSG_SYSTEM_161
26,MSG_SYSTEM_162
27,MSG_SYSTEM_160
28,MSG_SYSTEM_161
29,MSG_SYSTEM_162
30,MSG_SYSTEM_158
31,MSG_SYSTEM_159
32,MSG_SYSTEM_160
33,MSG_SYSTEM_161
34,MSG_SYSTEM_162
35,MSG_SYSTEM_161
36,MSG_SYSTEM_162
37,MSG_SYSTEM_337
38,MSG_SYSTEM_337
39,MSG_SYSTEM_161
40,MSG_SYSTEM_162
