{
  "Name" : "Scene32-cut0",
  "Title": {
    "main": "タルの潜水艦を作って待っていた少女",
    "sub": ""
  },
  "Segments": [
	{"Label" : "Main", "EntryPoint" : 0, "Count" : 11 },
    {"Label" : "Puppet_0000", "EntryPoint" : 11, "Count" : 8},
    {"Label" : "Puppet_0001", "EntryPoint" : 19, "Count" : 7},
    {"Label" : "Puppet_0002", "EntryPoint" : 26, "Count" : 7},
    {"Label" : "Puppet_0003", "EntryPoint" : 33, "Count" : 34}
  ],
  "ScriptLocal" : ["Local1", "foo", "bar"],
  "Mnemonics" : [
    {"label" : "Main",				"mnemonic" : "Nop", "type": 1 },
    {"label" : "",					"mnemonic" : "Call", "type": 1,		"operands": { "iValues": [ 11 ] }, "comment": "Puppet_0000スタート" },
    {"label" : "",					"mnemonic" : "Call", "type": 1,		"operands": { "iValues": [ 19 ] }, "comment": "Puppet_0001スタート" },
    {"label" : "",					"mnemonic" : "Msg", "type":	1,		"operands": { "sValues": [ "MSG_SUBMARINE_01" ],	"iValues":	[ 0,0 ], "rValues":[0.0] }, "comment": "" },
    {"label" : "",					"mnemonic" : "Call", "type": 1,		"operands": { "iValues": [ 26 ] }, "comment": "Puppet_0002スタート" },
    {"label" : "",					"mnemonic" : "Msg",	"type":	1,		"operands": { "sValues": [ "MSG_SUBMARINE_02" ],	"iValues":	[ 0,0 ], "rValues":[0.0] }, "comment": "" },
    {"label" : "",					"mnemonic" : "Msg",	"type":	1,		"operands": { "sValues": [ "MSG_SUBMARINE_03" ],	"iValues":	[ 0,0 ], "rValues":[0.0] }, "comment": "" },
    {"label" : "",					"mnemonic" : "Call", "type": 1,		"operands": { "iValues": [ 33 ] }, "comment": "Puppet_0003スタート" },
    {"label" : "",					"mnemonic" : "Wait", "type": 1,		"operands": { "rValues": [ 0.7 ] }, "comment": "0.7秒待つ" },
    {"label" : "",					"mnemonic" : "SetFlag", "type": 1,	"operands": { "iValues": [ 0],	"sValues":	[ "ScenarioFlag1" ] },	"comment": "タルの女のイベントを見た" },
    {"label" : "",					"mnemonic" : "Exit", "type": 1 },

    {"label" : "Puppet_0000",		"mnemonic" :	"Nop", "type": 1 },
    {"label" : "",					"mnemonic" :	"SetPuppet", "type": 1, "operands": { "iValues":	[	0,139,15 ] },	"comment": "Puppet_0000_00 - 「！」" },
    {"label" : "",					"mnemonic" :	"ExecPuppet", "type": 1 },
    {"label" : "",					"mnemonic" :	"Return", "type": 1 },
    {"label" : "Puppet_0000_00",	"mnemonic" :	"Nop", "type": 2, "comment": "「！」"  },
    {"label" : "",					"mnemonic" :	"SetPos", "type": 2,	"operands":	{	"iValues":	[	54,36,3	],	"sValues":	[	""	] }	},
    {"label" : "",					"mnemonic" :	"Hide", "type": 2, "operands": { "rValues":  [0.0]},  "comment":	"非表示" },
    {"label" : "",					"mnemonic" :	"Exit", "type": 2 },

    {"label" : "Puppet_0001",		"mnemonic" :	"Nop", "type": 1 },
    {"label" : "",					"mnemonic" :	"SetPuppet", "type": 1, "operands": { "iValues":	[	0,85,23 ] },	"comment": "Puppet_0001_00 - タルの女" },
    {"label" : "",					"mnemonic" :	"ExecPuppet", "type": 1 },
    {"label" : "",					"mnemonic" :	"Return", "type": 1 },
    {"label" : "Puppet_0001_00",	"mnemonic" :	"Nop", "type": 2, "comment": "タルの女"  },
    {"label" : "",					"mnemonic" :	"SetPos", "type": 2,	"operands":	{	"iValues":	[	-1,-1,0	],	"sValues":	[	"Default"	] },	"comment":	"下向く"	},
    {"label" : "",					"mnemonic" :	"Exit", "type": 2 },

    {"label" : "Puppet_0002",		"mnemonic" :	"Nop", "type": 1 },
    {"label" : "",					"mnemonic" :	"SetPuppet", "type": 1, "operands": { "iValues":	[	0,85,30 ] },	"comment": "Puppet_0002_00 - タルの女" },
    {"label" : "",					"mnemonic" :	"ExecPuppet", "type": 1 },
    {"label" : "",					"mnemonic" :	"Return", "type": 1 },
    {"label" : "Puppet_0002_00",	"mnemonic" :	"Nop", "type": 2, "comment": "タルの女"  },
    {"label" : "",					"mnemonic" :	"SetPos", "type": 2,	"operands":	{	"iValues":	[	-1,-1,0	],	"sValues":	[	"WalkL"	] },	"comment":	"左向く"	},
    {"label" : "",					"mnemonic" :	"Exit", "type": 2 },

    {"label" : "Puppet_0003",		"mnemonic" :	"Nop", "type": 1 },
    {"label" : "",					"mnemonic" :	"SetPuppet", "type": 1, "operands": { "iValues":	[	0,-1001,40 ] },	"comment": "Puppet_0003_00 - プレイヤー" },
    {"label" : "",					"mnemonic" :	"SetPuppet", "type": 1, "operands": { "iValues":	[	31,0,45 ] },	"comment": "Puppet_0003_31 - カメラダミー" },
    {"label" : "",					"mnemonic" :	"SetPuppet", "type": 1, "operands": { "iValues":	[	1,85,50 ] },	"comment": "Puppet_0003_01 - タルの女" },
    {"label" : "",					"mnemonic" :	"SetPuppet", "type": 1, "operands": { "iValues":	[	2,139,55 ] },	"comment": "Puppet_0003_02 - 「！」" },
    {"label" : "",					"mnemonic" :	"ExecPuppet", "type": 1 },
    {"label" : "",					"mnemonic" :	"Return", "type": 1 },
    {"label" : "Puppet_0003_00",	"mnemonic" :	"Nop", "type": 2, "comment":  "プレイヤー" },
    {"label" : "",					"mnemonic" :	"Wait",	"type":	2	,	"operands":	{	"rValues":	[	1.4	] },	"comment":	"1.4秒待つ"	},
    {"label" : "",					"mnemonic" :	"Move", "type": 2, "operands": { "iValues": [ 1,1,1 ], "sValues": [ "run_right"	] }, "comment":	"右に１歩 FieldPlayerと同じ速度" },
    {"label" : "",					"mnemonic" :	"PlaySE",	"type":	2,	"operands":	{	"iValues":	[	38, 1, -1	], "rValues":	[0.0, 0.0, 0.0	]	}, "comment":	"SE 213 タルの女消える" },
    {"label" : "",					"mnemonic" :	"Exit", "type": 2 },
    {"label" : "Puppet_0003_31",	"mnemonic" :	"Nop", "type": 2, "comment":  "カメラダミー" },
    {"label" : "",					"mnemonic" :	"Wait",	"type":	2	,	"operands":	{	"rValues":	[	1.4	] },	"comment":	"1.4秒待つ"	},
    {"label" : "",					"mnemonic" :	"Move", "type": 2, "operands": { "iValues": [ 1,1,1 ], "sValues": [ "run_right"	] }, "comment":	"右に１歩 FieldPlayerと同じ速度" },
    {"label" : "",					"mnemonic" :	"Nop", "type": 2 },
    {"label" : "",					"mnemonic" :	"Exit", "type": 2 },
    {"label" : "Puppet_0003_01",	"mnemonic" :	"Nop", "type": 2, "comment":  "タルの女" },
    {"label" : "",					"mnemonic" :	"SetPos", "type": 2,	"operands":	{	"iValues":	[	-1,-1,3	],	"sValues":	[	"WalkL"	] },	"comment":	"レイヤー変更"	},
    {"label" : "",					"mnemonic" :	"Move", "type": 2, "operands": { "iValues": [ 1,3,5 ], "sValues": [ "FadeOut"	] }, "comment":	"右に４マス FieldPlayeの1/4の同じ速度" },
    {"label" : "",					"mnemonic" :	"Hide", "type": 2, "operands": { "rValues":  [0.0]},  "comment":	"非表示" },
    {"label" : "",					"mnemonic" :	"Exit", "type": 2 },
    {"label" : "Puppet_0003_02",	"mnemonic" :	"Nop", "type": 2, "comment":  "「！」" },
    {"label" : "",					"mnemonic" :	"Hide", "type": 2, "operands": { "rValues":  [0.0]}, "comment":  "非表示" },
    {"label" : "",					"mnemonic" :	"Wait",	"type":	2	,	"operands":	{	"rValues":	[ 0.6 ] },	"comment":	"0.6秒待つ" },
    {"label" : "",					"mnemonic" :	"Wait",	"type":	2	,	"operands":	{	"rValues":	[ 0.5 ] },	"comment":	"0.5秒待つ" },
    {"label" : "",					"mnemonic" :	"Wait",	"type":	2	,	"operands":	{	"rValues":	[ 2.5 ] },	"comment":	"2.5秒待つ" },
    {"label" : "",					"mnemonic" :	"PlaySE","type":2,		"operands":	{	"iValues":	[	912, 1, -1	], "rValues":	[0.0, 0.0, 0.0]	}, "comment":	"SE 208 「！」"	},
    {"label" : "",					"mnemonic" :	"SetPos", "type": 2,	"operands":	{	"iValues":	[	55,36,3	],	"sValues":	[	""	] }	},
    {"label" : "",					"mnemonic" :	"Show", "type": 2, "operands": { "rValues":  [0.0]}, "comment":  "表示" },
    {"label" : "",					"mnemonic" :	"Wait",	"type":	2	,	"operands":	{	"rValues":	[ 0.5 ] },	"comment":	"0.5秒待つ" },
    {"label" : "",					"mnemonic" :	"Hide", "type": 2, "operands": { "rValues":  [0.0]}, "comment":  "非表示" },
    {"label" : "",					"mnemonic" :	"Hide", "type": 2, "operands": { "rValues":  [0.0]}, "comment":  "非表示" },
    {"label" : "",					"mnemonic" :	"Exit", "type": 2 }
  ]
}
